<?xml version="1.0" encoding="utf-8"?>
<COLLADA version="1.5.0" xmlns="http://www.collada.org/2008/03/COLLADASchema">
  <asset>
    <contributor />
    <unit meter="1" />
    <up_axis>Z_UP</up_axis>
  </asset>
  <library_lights />
  <library_materials />
  <library_effects />
  <library_cameras />
  <library_geometries>
    <geometry id="mesh_1">
      <mesh>
        <source id="mesh_1-position" name="position">
          <float_array id="mesh_1-position-array" count="9492">0.0014885729178786278 -0.010646374896168709 0.020800000056624413 -2.0210271145515435E-07 -0.010749967768788338 0.020800000056624413 -2.0210271145515435E-07 -0.010749967768788338 0.015799999237060547 0.0044675832614302635 -0.009777562692761421 0.020800000056624413 0.0033217323943972588 -0.01022382266819477 0.020800000056624413 0.0033217323943972588 -0.01022382266819477 0.015799999237060547 0.0017356565222144127 -0.010608891025185585 0.020800000056624413 0.0016528656706213951 -0.010622108355164528 0.020800000056624413 0.007338604889810085 -0.007855178788304329 0.020800000056624413 0.006318490020930767 -0.008696900680661201 0.015799999237060547 0.008696730248630047 -0.006318660452961922 0.020800000056624413 0.008696730248630047 -0.006318660452961922 0.015799999237060547 0.009227859787642956 -0.005514079704880714 0.020800000056624413 0.007031376473605633 -0.008131349459290504 0.020800000056624413 0.006318490020930767 -0.008696900680661201 0.020800000056624413 0.004528696648776531 -0.009749406948685646 0.020800000056624413 0.01040745060890913 -0.0026913005858659744 0.020800000056624413 0.010382856242358685 -0.0027846861630678177 0.020800000056624413 0.010223655961453915 -0.0033219028264284134 0.015799999237060547 0.010223655961453915 -0.0033219028264284134 0.020800000056624413 0.009259483776986599 -0.005460800603032112 0.020800000056624413 0.010223655961453915 0.0033219661563634872 0.020800000056624413 0.010293635539710522 0.0030983220785856247 0.020800000056624413 0.010223655961453915 0.0033219661563634872 0.015799999237060547 0.01033660676330328 0.002951784059405327 0.020800000056624413 0.010749797336757183 3.5504694295696027E-08 0.015799999237060547 0.010746109299361706 0.0002816003980115056 0.020800000056624413 0.010749074630439281 0.0001246613683179021 0.020800000056624413 0.010749797336757183 3.5504694295696027E-08 0.020800000056624413 0.010447836481034756 -0.0025299880653619766 0.020800000056624413 0.009092978201806545 0.005733845755457878 0.020800000056624413 0.008696730248630047 0.0063187237828969955 0.015799999237060547 0.009039538912475109 0.005817724391818047 0.020800000056624413 0.006318490020930767 0.008696964010596275 0.015799999237060547 0.006318490020930767 0.008696964010596275 0.020800000056624413 0.0067086657509207726 0.00839964859187603 0.020800000056624413 0.0067521957680583 0.00836469791829586 0.020800000056624413 0.00707253348082304 0.008095642551779747 0.020800000056624413 0.008696730248630047 0.0063187237828969955 0.020800000056624413 0.004166479222476482 0.00990968756377697 0.020800000056624413 0.0033217323943972588 0.010223885998129845 0.015799999237060547 0.004069353453814983 0.00994996540248394 0.020800000056624413 -2.0210271145515435E-07 0.010750031098723412 0.015799999237060547 -2.0210271145515435E-07 0.010750031098723412 0.020800000056624413 0.0010918928310275078 0.010694412514567375 0.020800000056624413 0.001233353279531002 0.01067901961505413 0.020800000056624413 0.0013592196628451347 0.010663731023669243 0.020800000056624413 0.0033217323943972588 0.010223885998129845 0.020800000056624413 0.09122886508703232 -0.005512790754437447 0.020999999716877937 0.0906970426440239 -0.006318548694252968 0.020999999716877937 0.0906970426440239 -0.006318548694252968 0.01599999889731407 0.08640759438276291 -0.009804779663681984 0.020999999716877937 0.08532202988862991 -0.010223710909485817 0.020999999716877937 0.08532202988862991 -0.010223710909485817 0.01599999889731407 0.08200010657310486 -0.010749856010079384 0.020999999716877937 0.08200010657310486 -0.010749856010079384 0.01599999889731407 0.08357040584087372 -0.010634543374180794 0.020999999716877937 0.08370921015739441 -0.010613122954964638 0.020999999716877937 0.08831880241632462 -0.008696788921952248 0.01599999889731407 0.08934064954519272 -0.007853442803025246 0.020999999716877937 0.08904781192541122 -0.008117260411381721 0.020999999716877937 0.0890045091509819 -0.008154654875397682 0.020999999716877937 0.08831880241632462 -0.008696788921952248 0.020999999716877937 0.08650759607553482 -0.009759211912751198 0.020999999716877937 0.09240991622209549 -0.002682814374566078 0.020999999716877937 0.09238379448652267 -0.0027821827679872513 0.020999999716877937 0.09222396463155746 -0.0033217910677194595 0.01599999889731407 0.09222396463155746 -0.0033217910677194595 0.020999999716877937 0.091262586414814 -0.005455950275063515 0.020999999716877937 0.09274625033140182 0.0002876949729397893 0.020999999716877937 0.09275010973215103 1.4726340680226713E-07 0.01599999889731407 0.09233400970697403 0.0029620733112096786 0.020999999716877937 0.09222396463155746 0.003322077915072441 0.01599999889731407 0.09229213744401932 0.0031044017523527145 0.020999999716877937 0.09274926036596298 0.0001342055620625615 0.020999999716877937 0.09275010973215103 1.4726340680226713E-07 0.020999999716877937 0.09244982153177261 -0.0025229547172784805 0.020999999716877937 0.0906970426440239 0.006318835541605949 0.020999999716877937 0.09103768318891525 0.00582120381295681 0.020999999716877937 0.0906970426440239 0.006318835541605949 0.01599999889731407 0.09108903259038925 0.005740685388445854 0.020999999716877937 0.09222396463155746 0.003322077915072441 0.020999999716877937 0.08906946331262589 0.008098704740405083 0.020999999716877937 0.08831880241632462 0.00869707576930523 0.01599999889731407 0.08873657137155533 0.008377647027373314 0.020999999716877937 0.08599536865949631 0.009980140253901482 0.020999999716877937 0.08612901717424393 0.009925594553351402 0.020999999716877937 0.08532202988862991 0.010224005207419395 0.01599999889731407 0.08618507534265518 0.009902087971568108 0.020999999716877937 0.08831880241632462 0.00869707576930523 0.020999999716877937 0.08200010657310486 0.010750142857432365 0.020999999716877937 0.08314855396747589 0.010688623413443565 0.020999999716877937 0.08200010657310486 0.010750142857432365 0.01599999889731407 0.08331120014190674 0.010669892653822899 0.020999999716877937 0.08532202988862991 0.010224005207419395 0.020999999716877937 0.0860658809542656 -0.0033212993294000626 -0.018785329535603523 0.08610372990369797 -0.003272632136940956 -0.018776705488562584 0.0861046090722084 -0.003273317590355873 -0.016200000420212746 0.08706525713205338 -0.0013804080663248897 -0.018785318359732628 0.08711767941713333 -0.0011680590687319636 -0.01875472255051136 0.08711836487054825 -0.0011682304320856929 -0.016200000420212746 0.08229635655879974 0.005241630598902702 -0.01871582306921482 0.0819999948143959 0.005250005051493645 -0.01870441623032093 0.0819999948143959 0.005250005051493645 -0.016200000420212746 0.08427788317203522 0.004730088636279106 -0.016200000420212746 0.08427489548921585 0.0047242846339941025 -0.018716076388955116 0.08413537591695786 0.004796108230948448 -0.018703872337937355 0.0832410454750061 0.005101209506392479 -0.018802674487233162 0.08309140056371689 0.005135310813784599 -0.018833057954907417 0.08284256607294083 0.0051819514483213425 -0.018785370513796806 0.08358071744441986 0.0050063785165548325 -0.01875000260770321 0.0834854394197464 0.00503547303378582 -0.01876244507730007 0.08338963240385056 0.005062749609351158 -0.018776806071400642 0.08259177207946777 0.00521654449403286 -0.01875000260770321 0.08520855754613876 0.004155440255999565 -0.01880263350903988 0.08508580178022385 0.004247395321726799 -0.018832983449101448 0.0848776325583458 0.004391102120280266 -0.018785348162055016 0.08590158075094223 0.0035128500312566757 -0.018702352419495583 0.0854799821972847 0.0039309244602918625 -0.01875000260770321 0.0861046090722084 0.0032733287662267685 -0.016200000420212746 0.0854048952460289 0.003996146842837334 -0.018762441352009773 0.08532857149839401 0.0040599387139081955 -0.01877678744494915 0.0846627727150917 0.004524616524577141 -0.01875000260770321 0.08641504496335983 0.002840755507349968 -0.018785325810313225 0.08627327531576157 0.0030498411506414413 -0.01875000260770321 0.0860980823636055 0.003268083557486534 -0.018727542832493782 0.08711836487054825 0.001168241840787232 -0.016200000420212746 0.08699300140142441 0.0016224515857174993 -0.018699629232287407 0.08677772432565689 0.00217619352042675 -0.01875000260770321 0.08673570305109024 0.00226619653403759 -0.018762430176138878 0.08654657751321793 0.002625091001391411 -0.018832916393876076 0.0866212472319603 0.0024913009256124496 -0.018802588805556297 0.0866919681429863 0.002355387434363365 -0.01877676136791706 0.08718878775835037 0.0007993114413693547 -0.01878533326089382 0.08714433759450912 0.001047929865308106 -0.01875000260770321 0.08711303025484085 0.0011668336810544133 -0.018739579245448112 0.08712577074766159 -0.0011353063164278865 -0.01875000260770321 0.08722122758626938 -0.0005487593589350581 -0.01869538612663746 0.08724980801343918 4.482094300328754E-05 -0.01875000260770321 0.08724801987409592 0.00014412973541766405 -0.01876242645084858 0.08722122758626938 0.0005488452734425664 -0.018832923844456673 0.08723501116037369 0.0003962871851399541 -0.018802592530846596 0.08724435418844223 0.0002433863701298833 -0.018776757642626762 0.086220882833004 -0.0031219515949487686 -0.01875000260770321 0.0865466371178627 -0.0026249755173921585 -0.018688762560486794 0.08681414276361465 -0.002094382420182228 -0.01875000260770321 0.08685290068387985 -0.002002948895096779 -0.01876242645084858 0.08699304610490799 -0.0016223209677264094 -0.01883287914097309 0.08694358915090561 -0.0017673092661425471 -0.018802570179104805 0.08688991516828537 -0.0019107925472781062 -0.018776757642626762 0.08427788317203522 -0.004730084910988808 -0.016200000420212746 0.08427727222442627 -0.00472879596054554 -0.018803289160132408 0.08436330407857895 -0.004687989130616188 -0.01878533698618412 0.08458586782217026 -0.004568995907902718 -0.01875000260770321 0.08508571237325668 -0.004247443750500679 -0.018678156659007072 0.08554600924253464 -0.003871457651257515 -0.01875000260770321 0.08561857789754868 -0.0038037244230508804 -0.018762433901429176 0.08590147644281387 -0.003512958064675331 -0.018832912668585777 0.08579728752374649 -0.003625335171818733 -0.018802588805556297 0.08568985015153885 -0.003734627738595009 -0.01877676509320736 0.0819999948143959 -0.005249993875622749 -0.016200000420212746 0.08199989050626755 -0.005249993875622749 -0.018832964822649956 0.08225248754024506 -0.005243921652436256 -0.018785344436764717 0.08250439912080765 -0.005225704982876778 -0.01875000260770321 0.0830916315317154 -0.0051352474838495255 -0.018659723922610283 0.08366488665342331 -0.00497901625931263 -0.01875000260770321 0.08375874161720276 -0.004946643486618996 -0.01876242645084858 0.0841352790594101 -0.004796141758561134 -0.018832920119166374 0.08399447053670883 -0.00485638715326786 -0.018802585080266 0.08385196328163147 -0.004912497475743294 -0.018776750192046165 0.00512577872723341 0.0011352953733876348 -0.018950002267956734 0.005118167959153652 0.0011681896867230535 -0.01895422674715519 0.005118372850120068 0.001168234390206635 -0.016200000420212746 0.0001534176990389824 0.005247754976153374 -0.01900266297161579 -1.1269574429206841E-07 0.005249997600913048 -0.019033053889870644 -9.370370035455267E-10 0.005249997600913048 -0.016200000420212746 0.002274393104016781 0.004731765016913414 -0.019002636894583702 0.002135257236659527 0.004796160385012627 -0.019033001735806465 0.001901901327073574 0.004893390461802483 -0.018985355272889137 0.0022778911516070366 0.004730088636279106 -0.016200000420212746 0.0022778650745749474 0.004730036482214928 -0.019001981243491173 0.0005051707848906517 0.005225641652941704 -0.018950002267956734 0.0004060110077261925 0.0052342768758535385 -0.018962448462843895 0.00030670594424009323 0.005241034552454948 -0.018976809456944466 0.0016641346737742424 0.004979273304343224 -0.018950002267956734 0.0010916246101260185 0.005135258659720421 -0.018859954550862312 0.004002339206635952 0.003397611901164055 -0.01900261826813221 0.0039014359936118126 0.003513013944029808 -0.019032960757613182 0.0037278374657034874 0.003696715459227562 -0.018985344097018242 0.0040998300537467 0.0032793115824460983 -0.01897677592933178 0.004104617051780224 0.0032733213156461716 -0.016200000420212746 0.002586483024060726 0.0045686569064855576 -0.018950002267956734 0.002499486319720745 0.00461682491004467 -0.0189624335616827 0.0024115918204188347 0.0046633388847112656 -0.01897677592933178 0.003545599989593029 0.0038718488067388535 -0.018950002267956734 0.003085772506892681 0.004247410222887993 -0.018878305330872536 0.005038241855800152 0.0014760104240849614 -0.01900259219110012 0.004993024282157421 0.0016223994316533208 -0.0190329197794199 0.004909205250442028 0.0018606988014653325 -0.018985329195857048 0.005103386007249355 0.0012320486130192876 -0.018962429836392403 0.005079167895019054 0.001328362268395722 -0.018976761028170586 0.004814024083316326 0.0020946841686964035 -0.018950002267956734 0.004546630196273327 0.0026250015944242477 -0.018888844177126884 0.004221051000058651 0.0031217318028211594 -0.018950002267956734 0.004161185584962368 0.003201095387339592 -0.0189624335616827 0.004104561172425747 0.00327327661216259 -0.018975669518113136 0.005203007720410824 -0.0007008629618212581 -0.019002581015229225 0.005221243016421795 -0.0005487593589350581 -0.019032901152968407 0.005241586826741695 -0.00029713090043514967 -0.01898532547056675 0.00499302800744772 -0.0016223954735323787 -0.018899602815508842 0.005113019607961178 -0.0011668222723528743 -0.018939552828669548 0.005118372850120068 -0.0011682378826662898 -0.016200000420212746 0.005144408904016018 -0.0010476427851244807 -0.018950002267956734 0.005163299851119518 -0.0009501817403361201 -0.018962426111102104 0.0051803430542349815 -0.000852377968840301 -0.01897675357758999 0.005249808542430401 -4.481699215830304E-05 -0.018950002267956734 0.005221243016421795 0.0005487558664754033 -0.018895385786890984 0.0039015328511595726 -0.0035129059106111526 -0.018902255222201347 0.004098071716725826 -0.0032680723816156387 -0.018927475437521935 0.004104617051780224 -0.00327332504093647 -0.016200000420212746 0.004273588769137859 -0.0030494127422571182 -0.018950002267956734 0.004330485127866268 -0.002968059852719307 -0.018962422385811806 0.004385831765830517 -0.0028856489807367325 -0.018976746127009392 0.004468130879104137 -0.002756500616669655 -0.01900256983935833 0.0047776540741324425 -0.002176353707909584 -0.018950002267956734 0.004667534492909908 -0.002403462305665016 -0.01898532174527645 0.004546626470983028 -0.002625012770295143 -0.019032886251807213 0.0021354062482714653 -0.004796097055077553 -0.01890374906361103 0.002274896018207073 -0.004724273458123207 -0.018915968015789986 0.0022778911516070366 -0.004730084910988808 -0.016200000420212746 0.002663492225110531 -0.004524188116192818 -0.018950002267956734 0.0027486225590109825 -0.00447298027575016 -0.018962429836392403 0.0028327694162726402 -0.004420170560479164 -0.018976761028170586 0.0029605617746710777 -0.0043356213718652725 -0.019002581015229225 0.00347947608679533 -0.003931382670998573 -0.018950002267956734 0.0032864538952708244 -0.004094110801815987 -0.01898532547056675 0.003085828386247158 -0.00424736924469471 -0.019032897427678108 -9.370370035455267E-10 -0.005250001326203346 -0.016200000420212746 -9.370370035455267E-10 -0.005250001326203346 -0.018904296681284904 0.0002967594191431999 -0.005241604521870613 -0.018915729597210884 0.0009409962221980095 -0.0051649827510118484 -0.019002625718712807 0.001091434620320797 -0.005135299637913704 -0.019032975658774376 0.0013372590765357018 -0.005076834931969643 -0.01898535154759884 0.0005925660952925682 -0.005216451361775398 -0.018950002267956734 0.0006912862882018089 -0.005204292014241219 -0.018962437286973 0.0007897568866610527 -0.005190255120396614 -0.018976783379912376 0.0015799878165125847 -0.005006605759263039 -0.018950002267956734 0.00919575896114111 0.0069054123014211655 0.018799999728798866 0.00919575896114111 0.008000044152140617 0.018799999728798866 0.00919575896114111 0.0069054123014211655 0.016085583716630936 0.00919575896114111 -0.007999951019883156 0.015799999237060547 0.00919575896114111 -0.007999951019883156 0.018799999728798866 0.00919575896114111 -0.006905348971486092 0.018514344468712807 0.00919575896114111 -0.006905348971486092 0.018799999728798866 0.00919575896114111 -0.006905348971486092 0.015799999237060547 0.00919575896114111 0.0069054123014211655 0.015799999237060547 0.00919575896114111 0.008000044152140617 0.015799999237060547 0.07280398905277252 0.006905322894454002 0.018714644014835358 0.07280398905277252 0.006905322894454002 0.01599999889731407 0.07280398905277252 0.008000044152140617 0.01599999889731407 0.07280398905277252 -0.006905036047101021 0.016284866258502007 0.07280398905277252 -0.007999951019883156 0.01899999938905239 0.07280398905277252 -0.006905036047101021 0.01599999889731407 0.07280398905277252 -0.007999951019883156 0.01599999889731407 0.07280398905277252 -0.006905036047101021 0.01899999938905239 0.07280398905277252 0.008000044152140617 0.01899999938905239 0.07280398905277252 0.006905322894454002 0.01899999938905239 0.0800987109541893 -0.005021737888455391 -0.016200000420212746 0.07993339002132416 -0.004988851025700569 -0.01600000075995922 0.07993339002132416 -0.004988851025700569 -0.016200000420212746 0.08199989050626755 -0.005399951711297035 -0.01600000075995922 0.08199989050626755 -0.005399951711297035 -0.016200000420212746 0.07818149030208588 -0.003818357363343239 -0.01600000075995922 0.07832164317369461 -0.0039119962602853775 -0.016200000420212746 0.08216521143913269 -0.0053670648485422134 -0.016200000420212746 0.07818149030208588 -0.003818357363343239 -0.016200000420212746 0.08406639099121094 -0.004988851025700569 -0.01600000075995922 0.08406639099121094 -0.004988851025700569 -0.016200000420212746 0.07701098918914795 -0.0020664576441049576 -0.01600000075995922 0.07710462808609009 -0.0022066105157136917 -0.016200000420212746 0.08420654386281967 -0.0048952121287584305 -0.016200000420212746 0.07701098918914795 -0.0020664576441049576 -0.016200000420212746 0.08581828325986862 -0.003818357363343239 -0.01600000075995922 0.08581828325986862 -0.003818357363343239 -0.016200000420212746 0.07659988850355148 4.2955274892619855E-08 -0.01600000075995922 0.0766327753663063 -0.00016527797561138868 -0.016200000420212746 0.08591192215681076 -0.0036782044917345047 -0.016200000420212746 0.07659988850355148 4.2955274892619855E-08 -0.016200000420212746 0.08698878437280655 -0.0020664576441049576 -0.01600000075995922 0.08698878437280655 -0.0020664576441049576 -0.016200000420212746 0.07701098918914795 0.002066543325781822 -0.01600000075995922 0.07697810232639313 0.0019012225093320012 -0.016200000420212746 0.08702167123556137 -0.001901136594824493 -0.016200000420212746 0.07701098918914795 0.002066543325781822 -0.016200000420212746 0.08739989250898361 4.2955274892619855E-08 -0.01600000075995922 0.08739989250898361 4.2955274892619855E-08 -0.016200000420212746 0.07818149030208588 0.0038184430450201035 -0.01600000075995922 0.07808785140514374 0.0036782901734113693 -0.016200000420212746 0.08736700564622879 0.00016536389011889696 -0.016200000420212746 0.07818149030208588 0.0038184430450201035 -0.016200000420212746 0.08698878437280655 0.002066543325781822 -0.01600000075995922 0.08698878437280655 0.002066543325781822 -0.016200000420212746 0.07993339002132416 0.004988944157958031 -0.01600000075995922 0.07979323714971542 0.004895305261015892 -0.016200000420212746 0.08689514547586441 0.0022066961973905563 -0.016200000420212746 0.07993339002132416 0.004988944157958031 -0.016200000420212746 0.08581828325986862 0.0038184430450201035 -0.01600000075995922 0.08581828325986862 0.0038184430450201035 -0.016200000420212746 0.0800987109541893 0.0050218310207128525 -0.016200000420212746 0.08567813783884048 0.003912081941962242 -0.016200000420212746 0.08199989050626755 0.005400044843554497 -0.016200000420212746 0.08199989050626755 0.005400044843554497 -0.01600000075995922 0.08406639099121094 0.004988944157958031 -0.016200000420212746 0.08406639099121094 0.004988944157958031 -0.01600000075995922 0.08216521143913269 0.005367157980799675 -0.016200000420212746 0.04499989002943039 -0.006881954148411751 0.01599999889731407 0.04463057965040207 -0.007387550547719002 0.01563069224357605 0.04499989002943039 -0.007999951019883156 0.01599999889731407 0.04463057965040207 -0.00861235149204731 0.01563069224357605 0.04470084607601166 -0.0072499532252550125 0.018799999728798866 0.045233845710754395 -0.0073571521788835526 0.01599999889731407 0.04499989002943039 -0.009117955341935158 0.01599999889731407 0.04449988901615143 -0.007999951019883156 0.01549999974668026 0.04548685997724533 -0.006590457633137703 0.018799999728798866 0.045233845710754395 -0.0073571521788835526 0.011500000022351742 0.0450357049703598 -0.009149054065346718 0.018799999728798866 0.04452268034219742 -0.008260453119874 0.018799999728798866 0.045891329646110535 -0.00650385208427906 0.01599999889731407 0.04582624137401581 -0.007015155628323555 0.011500000022351742 0.046512916684150696 -0.006590457633137703 0.018799999728798866 0.04582624137401581 -0.007015155628323555 0.01599999889731407 0.0468280091881752 -0.0067492518573999405 0.01599999889731407 0.046499885618686676 -0.007133955135941505 0.011500000022351742 0.046499885618686676 -0.007133955135941505 0.01599999889731407 0.046939581632614136 -0.007657954469323158 0.01599999889731407 0.04664267599582672 -0.007233956828713417 0.00533332908526063 0.046499885618686676 -0.007133955135941505 -0.011500000022351742 0.045891329646110535 -0.009496057406067848 0.01599999889731407 0.04582624137401581 -0.008984753862023354 0.01599999889731407 0.045233845710754395 -0.008642757311463356 0.01599999889731407 0.046499885618686676 -0.008865954354405403 0.01599999889731407 0.04582624137401581 -0.008984753862023354 0.011500000022351742 0.0468280091881752 -0.009250657632946968 0.01599999889731407 0.045999884605407715 -0.00949995405972004 0.018799999728798866 0.04499989002943039 -0.007999951019883156 0.011500000022351742 0.046499885618686676 -0.008865954354405403 0.011500000022351742 0.046939581632614136 -0.00834195502102375 0.01599999889731407 0.04686591774225235 -0.008499952033162117 0.00533332908526063 0.047419607639312744 -0.008484052494168282 0.01599999889731407 0.046964071691036224 -0.009149054065346718 0.018799999728798866 0.04698469489812851 -0.00782635249197483 0.00533332908526063 0.047419607639312744 -0.007515856996178627 0.01599999889731407 0.04747709631919861 -0.008260453119874 0.018799999728798866 0.0450357049703598 0.006850948557257652 0.018799999728798866 0.045999884605407715 0.006500048562884331 0.018799999728798866 0.045891329646110535 0.006503945216536522 0.01599999889731407 0.046964071691036224 0.006850948557257652 0.018799999728798866 0.04452268034219742 0.00773954950273037 0.018799999728798866 0.0468280091881752 0.006749344989657402 0.01599999889731407 0.04499989002943039 0.006882047280669212 0.01599999889731407 0.04729893058538437 -0.0072499532252550125 0.018799999728798866 0.04463057965040207 0.007387643679976463 0.01563069224357605 0.047419607639312744 0.007515942677855492 0.01599999889731407 0.04747709631919861 0.00773954950273037 0.018799999728798866 0.047419607639312744 0.008484145626425743 0.01599999889731407 0.04729893058538437 0.008750049397349358 0.018799999728798866 0.0468280091881752 0.009250743314623833 0.01599999889731407 0.046512916684150696 0.009409544989466667 0.018799999728798866 0.045891329646110535 0.009496143087744713 0.01599999889731407 0.04548685997724533 0.009409544989466667 0.018799999728798866 0.04499989002943039 0.00911804847419262 0.01599999889731407 0.04470084607601166 0.008750049397349358 0.018799999728798866 0.04973384737968445 0.00864284299314022 0.018799999728798866 0.04999988526105881 0.008866047486662865 0.01899999938905239 0.04999988526105881 0.008866047486662865 0.018799999728798866 0.05015786737203598 0.008939748629927635 0.01599999889731407 0.04963386058807373 0.008500045165419579 0.01899999938905239 0.04999988526105881 0.009200049564242363 0.018799999728798866 0.04999988526105881 0.008866047486662865 0.01599999889731407 0.05049988627433777 0.00900004617869854 0.01899999938905239 0.049560196697711945 0.008342048153281212 0.018799999728798866 0.04679989069700241 0.01240004412829876 0.018799999728798866 0.04949989169836044 0.008000044152140617 0.01899999938905239 0.07058683782815933 0.0014098790707066655 0.01899999938905239 0.07058499753475189 0.0013949108542874455 0.01899999938905239 0.04949989169836044 0.008000044152140617 0.018799999728798866 0.04949989169836044 -0.007999951019883156 0.01899999938905239 0.07056323438882828 0.0012034830870106816 0.01899999938905239 0.04949989169836044 -0.007999951019883156 0.018799999728798866 0.042499884963035583 0.01240004412829876 0.018799999728798866 0.042499884963035583 -0.012399950996041298 0.018799999728798866 0.04679989069700241 -0.012399950996041298 0.018799999728798866 0.04529988765716553 -0.0044999513775110245 -0.011500000022351742 0.046499885618686676 -0.0044999513775110245 -0.011500000022351742 0.04529988765716553 -0.0044999513775110245 0.011500000022351742 0.046499885618686676 -0.0044999513775110245 0.011500000022351742 0.04529988765716553 -0.0066733527928590775 -0.011500000022351742 0.04529988765716553 -0.0066733527928590775 0.011500000022351742 0.04471536725759506 -0.00722535140812397 0.011500000022351742 0.04449988901615143 -0.007999951019883156 0.011500000022351742 0.04449988901615143 -0.007999951019883156 0.00989999994635582 0.04471536725759506 -0.008774550631642342 0.011500000022351742 0.045233845710754395 -0.008642757311463356 0.011500000022351742 0.04471536725759506 -0.008774550631642342 0.00968452263623476 0.04529988765716553 -0.009326556697487831 0.011500000022351742 0.045999884605407715 -0.011499950662255287 0.011500000022351742 0.04529988765716553 -0.011499950662255287 0.011500000022351742 0.04529988765716553 -0.011499950662255287 0.014299999922513962 0.046499885618686676 -0.01299995370209217 0.011500000022351742 0.046499885618686676 -0.008865954354405403 -0.011500000022351742 0.045999884605407715 -0.011499950662255287 -0.015199999324977398 0.045999884605407715 -0.011499950662255287 -0.011500000022351742 0.04529988765716553 -0.011499950662255287 -0.014500000514090061 0.04529988765716553 -0.011499950662255287 -0.011500000022351742 0.04529988765716553 -0.009326556697487831 -0.011500000022351742 0.04529988765716553 -0.009480351582169533 -0.008841699920594692 0.04582624137401581 -0.008984753862023354 -0.011500000022351742 0.04529988765716553 -0.009480351582169533 -0.008358300663530827 0.045233845710754395 -0.008642757311463356 -0.011500000022351742 0.04529988765716553 -0.009480351582169533 -0.00034169989521615207 0.036699891090393066 -0.009480351582169533 -0.008841699920594692 0.04471536725759506 -0.008774550631642342 -0.011500000022351742 0.04529988765716553 -0.009480351582169533 0.0001416993618477136 0.04529988765716553 -0.009326556697487831 -0.000800000037997961 0.036699891090393066 -0.009480351582169533 -0.008358300663530827 0.04499989002943039 -0.007999951019883156 -0.011500000022351742 0.036699891090393066 -0.009326556697487831 -0.000800000037997961 0.04529988765716553 -0.009326556697487831 -0.007900000549852848 0.036699891090393066 -0.009326556697487831 -0.007900000549852848 0.04449988901615143 -0.007999951019883156 -0.011500000022351742 0.04499989002943039 -0.007999951019883156 -0.01600000075995922 0.04471536725759506 -0.008774550631642342 -0.0013845204375684261 0.04471536725759506 -0.00722535140812397 -0.011500000022351742 0.03728441148996353 -0.008774550631642342 -0.0013845204375684261 0.04471536725759506 -0.008774550631642342 -0.00731548061594367 0.03728441148996353 -0.008774550631642342 -0.00731548061594367 0.045233845710754395 -0.0073571521788835526 -0.011500000022351742 0.04449988901615143 -0.007999951019883156 -0.0016000005416572094 0.04449988901615143 -0.007999951019883156 -0.007100000511854887 0.037499889731407166 -0.007999951019883156 -0.0016000005416572094 0.04582624137401581 -0.007015155628323555 -0.011500000022351742 0.04471536725759506 -0.00722535140812397 -0.0013845204375684261 0.04471536725759506 -0.00722535140812397 -0.00731548061594367 0.037499889731407166 -0.007999951019883156 -0.007100000511854887 0.03728441148996353 -0.00722535140812397 -0.0013845204375684261 0.04529988765716553 -0.0066733527928590775 -0.000800000037997961 0.046499885618686676 -0.007133955135941505 -0.01600000075995922 0.036699891090393066 -0.0066733527928590775 -0.000800000037997961 0.04664267599582672 -0.007233956828713417 -0.005333330016583204 0.036699891090393066 -0.0066733527928590775 -0.007900000549852848 0.036699891090393066 -0.006519550457596779 -0.00034169989521615207 0.04499989002943039 -0.009117955341935158 -0.01600000075995922 0.04463057965040207 -0.00861235149204731 -0.0156306903809309 0.04463057965040207 -0.007387550547719002 -0.0156306903809309 0.0450357049703598 -0.009149054065346718 -0.01899999938905239 0.045233845710754395 -0.008642757311463356 -0.01600000075995922 0.04499989002943039 -0.006881954148411751 -0.01600000075995922 0.04449988901615143 -0.007999951019883156 -0.015499998815357685 0.04452268034219742 -0.008260453119874 -0.01899999938905239 0.045891329646110535 -0.009496057406067848 -0.01600000075995922 0.04470084607601166 -0.0072499532252550125 -0.01899999938905239 0.042499884963035583 -0.012399950996041298 -0.01899999938905239 0.045999884605407715 -0.00949995405972004 -0.01899999938905239 0.04679989069700241 -0.012399950996041298 -0.01899999938905239 0.04582624137401581 -0.008984753862023354 -0.01600000075995922 0.046964071691036224 -0.009149054065346718 -0.01899999938905239 0.046499885618686676 -0.008865954354405403 -0.01600000075995922 0.046939581632614136 -0.00834195502102375 -0.01600000075995922 0.04686591774225235 -0.008499952033162117 -0.005333330016583204 0.04698469489812851 -0.00782635249197483 -0.005333330016583204 0.046939581632614136 -0.007657954469323158 -0.01600000075995922 0.04463057965040207 0.008612444624304771 0.01563069224357605 0.04499989002943039 0.008000044152140617 0.01599999889731407 0.045233845710754395 0.00864284299314022 0.01599999889731407 0.04449988901615143 0.008000044152140617 0.01549999974668026 0.045233845710754395 0.00864284299314022 0.011500000022351742 0.04582624137401581 0.008984846994280815 0.011500000022351742 0.04582624137401581 0.008984846994280815 0.01599999889731407 0.046499885618686676 0.008866047486662865 0.011500000022351742 0.046499885618686676 0.008866047486662865 0.01599999889731407 0.046939581632614136 0.008342048153281212 0.01599999889731407 0.04664267599582672 0.008766045793890953 0.00533332908526063 0.046499885618686676 0.008866047486662865 -0.011500000022351742 0.04582624137401581 0.0070152487605810165 0.01599999889731407 0.045233845710754395 0.007357245311141014 0.01599999889731407 0.046499885618686676 0.007134048268198967 0.01599999889731407 0.045233845710754395 0.007357245311141014 0.011500000022351742 0.04582624137401581 0.0070152487605810165 0.011500000022351742 0.04499989002943039 0.008000044152140617 0.011500000022351742 0.046499885618686676 0.007134048268198967 0.011500000022351742 0.046939581632614136 0.00765804760158062 0.01599999889731407 0.04686591774225235 0.007500043138861656 0.00533332908526063 0.04698469489812851 0.008173642680048943 0.00533332908526063 0.0521426796913147 -0.012733953073620796 0.01599999889731407 0.05499988794326782 -0.011999951675534248 0.01599999889731407 0.05149988830089569 -0.01249995268881321 0.01599999889731407 0.05049988627433777 -0.008999953046441078 0.01599999889731407 0.052484698593616486 -0.013326356187462807 0.01599999889731407 0.04999988526105881 -0.009199956431984901 0.01599999889731407 0.05499988794326782 -0.014999957755208015 0.01599999889731407 0.050857096910476685 -0.012733953073620796 0.01599999889731407 0.050326235592365265 -0.008984753862023354 0.01599999889731407 0.052365921437740326 -0.013999955728650093 0.01599999889731407 0.04679989069700241 -0.012399950996041298 0.01599999889731407 0.05015786737203598 -0.008939655497670174 0.01599999889731407 0.05184190720319748 -0.01443965919315815 0.01599999889731407 0.04999988526105881 -0.009199956431984901 0.018799999728798866 0.04999988526105881 -0.008865954354405403 0.01599999889731407 0.04999988526105881 -0.008865954354405403 0.01899999938905239 0.04999988526105881 -0.008865954354405403 0.018799999728798866 0.05049988627433777 -0.008999953046441078 0.01899999938905239 0.04973384737968445 -0.008642757311463356 0.018799999728798866 0.04963386058807373 -0.008499952033162117 0.01899999938905239 0.049560196697711945 -0.00834195502102375 0.018799999728798866 0.07058501988649368 -0.0013948100386187434 0.01899999938905239 0.07058686017990112 -0.0014097782550379634 0.01899999938905239 0.04999988526105881 0.009200049564242363 0.01599999889731407 0.050326235592365265 0.008984846994280815 0.01599999889731407 0.05049988627433777 0.00900004617869854 0.01599999889731407 0.0718039870262146 0.00900004617869854 0.01899999938905239 0.07149854302406311 0.004687068983912468 0.01899999938905239 0.0713481456041336 0.0043344032019376755 0.01899999938905239 0.07119747251272202 0.003943903371691704 0.01899999938905239 0.07254351675510406 0.006544066593050957 0.01899999938905239 0.07277155667543411 0.006861915811896324 0.01899999938905239 0.070595383644104 -0.001477109151892364 0.01899999938905239 0.07119753956794739 -0.003943795338273048 0.01899999938905239 0.070595383644104 0.0014773962320759892 0.01899999938905239 0.0409998893737793 -0.012399950996041298 0.01730000041425228 0.0409998893737793 0.01240004412829876 0.01730000041425228 0.04529988765716553 -0.012399950996041298 0.014299999922513962 0.03949988633394241 0.01240004412829876 0.018799999728798866 0.04529988765716553 0.01240004412829876 0.014299999922513962 0.045999884605407715 -0.012399950996041298 0.01599999889731407 0.03949988633394241 -0.012399950996041298 0.018799999728798866 0.045999884605407715 0.01240004412829876 0.01599999889731407 0.037477098405361176 -0.007739456370472908 0.018799999728798866 0.045999884605407715 0.01240004412829876 0.014999999664723873 0.03729892522096634 -0.008749956265091896 0.018799999728798866 0.04679989069700241 0.01240004412829876 0.01599999889731407 0.03651291877031326 -0.009409451857209206 0.018799999728798866 0.03519988805055618 -0.012399950996041298 0.018799999728798866 0.0354868546128273 -0.009409451857209206 0.018799999728798866 0.04529988765716553 -0.009326556697487831 -0.00930000003427267 0.04471536725759506 -0.008774550631642342 -0.009884520433843136 0.036699891090393066 -0.009326556697487831 -0.00930000003427267 0.04449988901615143 -0.007999951019883156 -0.010100000537931919 0.03728441148996353 -0.008774550631642342 -0.009884520433843136 0.036699891090393066 -0.009326556697487831 -0.011699999682605267 0.037499889731407166 -0.007999951019883156 -0.010100000537931919 0.03728441148996353 -0.008774550631642342 -0.011699999682605267 0.04471536725759506 -0.00722535140812397 -0.009884520433843136 0.037499889731407166 -0.007999951019883156 -0.011699999682605267 0.03728441148996353 -0.00722535140812397 -0.009884520433843136 0.03728441148996353 -0.00722535140812397 -0.011699999682605267 0.04529988765716553 -0.0066733527928590775 -0.00930000003427267 0.036699891090393066 -0.0066733527928590775 -0.011699999682605267 0.036699891090393066 -0.0066733527928590775 -0.00930000003427267 0.04529988765716553 -0.006519550457596779 -0.008841699920594692 0.036699891090393066 -0.006519550457596779 -0.008841699920594692 0.036699891090393066 -0.006519550457596779 -0.008358300663530827 0.04529988765716553 -0.006519550457596779 -0.008358300663530827 0.04529988765716553 -0.006519550457596779 -0.00034169989521615207 0.04529988765716553 -0.0066733527928590775 -0.007900000549852848 0.04529988765716553 -0.006519550457596779 0.0001416993618477136 0.036699891090393066 -0.006519550457596779 0.0001416993618477136 0.04529988765716553 -0.006519550457596779 0.008158299140632153 0.03728441148996353 -0.00722535140812397 -0.00731548061594367 0.04529988765716553 -0.006519550457596779 0.008641701191663742 0.04529988765716553 -0.0066733527928590775 0.009099999442696571 0.04471536725759506 -0.00722535140812397 0.00968452263623476 0.04529988765716553 -0.0066733527928590775 0.007699999492615461 0.04529988765716553 -0.0066733527928590775 0.0005999994464218616 0.04471536725759506 -0.00722535140812397 0.0011845198459923267 0.036699891090393066 -0.006519550457596779 0.008158299140632153 0.036699891090393066 -0.0066733527928590775 0.0005999994464218616 0.04471536725759506 -0.00722535140812397 0.007115476299077272 0.036699891090393066 -0.006519550457596779 0.008641701191663742 0.036699891090393066 -0.0066733527928590775 0.007699999492615461 0.03728441148996353 -0.00722535140812397 0.0011845198459923267 0.04449988901615143 -0.007999951019883156 0.006899999920278788 0.03728441148996353 -0.00722535140812397 0.007115476299077272 0.037499889731407166 -0.007999951019883156 0.00139999995008111 0.04449988901615143 -0.007999951019883156 0.00139999995008111 0.037499889731407166 -0.007999951019883156 0.006899999920278788 0.04471536725759506 -0.008774550631642342 0.007115476299077272 0.03728441148996353 -0.008774550631642342 0.007115476299077272 0.036699891090393066 -0.0066733527928590775 0.009099999442696571 0.03728441148996353 -0.008774550631642342 0.0011845198459923267 0.04471536725759506 -0.008774550631642342 0.0011845198459923267 0.04529988765716553 -0.009326556697487831 0.0005999994464218616 0.03728441148996353 -0.00722535140812397 0.00968452263623476 0.037499889731407166 -0.007999951019883156 0.00989999994635582 0.036699891090393066 -0.009326556697487831 0.0005999994464218616 0.036699891090393066 -0.009326556697487831 0.007699999492615461 0.03728441148996353 -0.008774550631642342 0.00968452263623476 0.04529988765716553 -0.009326556697487831 0.007699999492615461 0.04529988765716553 -0.009480351582169533 0.008158299140632153 0.036699891090393066 -0.009480351582169533 0.0001416993618477136 0.04529988765716553 -0.009480351582169533 0.008641701191663742 0.036699891090393066 -0.009480351582169533 0.008158299140632153 0.036699891090393066 -0.009480351582169533 -0.00034169989521615207 0.04529988765716553 -0.009326556697487831 0.009099999442696571 0.036699891090393066 -0.009480351582169533 0.008641701191663742 0.036699891090393066 -0.009326556697487831 0.009099999442696571 0.036699891090393066 -0.009326556697487831 0.011299999430775642 0.03728441148996353 -0.008774550631642342 0.011299999430775642 0.037499889731407166 -0.007999951019883156 0.011299999430775642 0.03728441148996353 -0.00722535140812397 0.011299999430775642 0.036699891090393066 -0.0066733527928590775 0.011299999430775642 0.045999884605407715 -0.012399950996041298 -0.01600000075995922 0.045999884605407715 -0.013499954715371132 -0.01600000075995922 0.045999884605407715 -0.012399950996041298 -0.015199999324977398 0.045999884605407715 -0.013499954715371132 -0.011500000022351742 0.04679989069700241 -0.012399950996041298 -0.01600000075995922 0.04529988765716553 -0.012399950996041298 -0.014500000514090061 0.04799988865852356 -0.013499954715371132 -0.01600000075995922 0.045999884605407715 -0.011499950662255287 0.014999999664723873 0.045999884605407715 -0.012399950996041298 0.014999999664723873 0.045999884605407715 -0.013499954715371132 0.011500000022351742 0.045999884605407715 -0.013499954715371132 0.01599999889731407 0.04799988865852356 -0.013499954715371132 0.011500000022351742 0.04799988865852356 -0.013499954715371132 0.01599999889731407 0.050633855164051056 -0.01299995370209217 0.011500000022351742 0.050515078008174896 -0.013673553243279457 0.011500000022351742 0.04799988865852356 -0.014999957755208015 0.011500000022351742 0.04899989068508148 -0.015999959781765938 0.011500000022351742 0.04849988967180252 -0.015865953639149666 0.011500000022351742 0.050857096910476685 -0.014265956357121468 0.011500000022351742 0.04813385754823685 -0.01549995131790638 0.011500000022351742 0.04899989068508148 -0.015999959781765938 0.01599999889731407 0.05149988830089569 -0.014499949291348457 0.011500000022351742 0.0539998859167099 -0.015999959781765938 0.011500000022351742 0.0521426796913147 -0.014265956357121468 0.011500000022351742 0.052484698593616486 -0.013673553243279457 0.011500000022351742 0.046499885618686676 -0.01299995370209217 -0.011500000022351742 0.04799988865852356 -0.013499954715371132 -0.011500000022351742 0.050633855164051056 -0.01299995370209217 -0.011500000022351742 0.050515078008174896 -0.013673553243279457 -0.011500000022351742 0.050857096910476685 -0.012733953073620796 0.00533332908526063 0.050515078008174896 -0.013326356187462807 -0.01600000075995922 0.04799988865852356 -0.014999957755208015 -0.011500000022351742 0.050857096910476685 -0.012733953073620796 -0.005333330016583204 0.050633855164051056 -0.013999955728650093 -0.01600000075995922 0.04899989068508148 -0.015999959781765938 -0.011500000022351742 0.05149988830089569 -0.01249995268881321 0.00533332908526063 0.04849988967180252 -0.015865953639149666 -0.011500000022351742 0.050857096910476685 -0.012733953073620796 -0.01600000075995922 0.04813385754823685 -0.01549995131790638 -0.011500000022351742 0.03599988669157028 -0.012399950996041298 -0.015199999324977398 0.036699891090393066 -0.012399950996041298 -0.014500000514090061 0.03599988669157028 -0.011499950662255287 -0.015199999324977398 0.036699891090393066 -0.011499950662255287 -0.014500000514090061 0.03599988669157028 -0.011499950662255287 -0.011699999682605267 0.036699891090393066 -0.011499950662255287 -0.011699999682605267 0.036699891090393066 -0.011499950662255287 0.011299999430775642 0.036699891090393066 -0.012399950996041298 0.014299999922513962 0.036173537373542786 -0.008984753862023354 -0.011699999682605267 0.036699891090393066 -0.011499950662255287 0.014299999922513962 0.03549988567829132 -0.008865954354405403 -0.011699999682605267 0.0367659255862236 -0.008642757311463356 -0.011699999682605267 0.03549988567829132 -0.01299995370209217 -0.011699999682605267 0.03549988567829132 -0.008865954354405403 -0.016200000420212746 0.03549988567829132 -0.008865954354405403 0.011299999430775642 0.03599988669157028 -0.013499954715371132 -0.011699999682605267 0.035357095301151276 -0.008765952661633492 -0.005533329676836729 0.036999888718128204 -0.007999951019883156 -0.011699999682605267 0.035357095301151276 -0.008765952661633492 0.005133329425007105 0.033999890089035034 -0.013499954715371132 -0.011699999682605267 0.03506019711494446 -0.00834195502102375 -0.016200000420212746 0.03506019711494446 -0.00834195502102375 0.015799999237060547 0.03599988669157028 -0.013499954715371132 -0.016200000420212746 0.03136591613292694 -0.01299995370209217 -0.011699999682605267 0.03501507639884949 -0.008173556998372078 0.005133329425007105 0.03501507639884949 -0.008173556998372078 -0.005533329676836729 0.033999890089035034 -0.013499954715371132 -0.016200000420212746 0.0314847007393837 -0.013673553243279457 -0.011699999682605267 0.0367659255862236 -0.0073571521788835526 -0.011699999682605267 0.03506019711494446 -0.007657954469323158 0.015799999237060547 0.035133861005306244 -0.0074999574571847916 0.005133329425007105 0.036173537373542786 -0.007015155628323555 -0.011699999682605267 0.03549988567829132 -0.007133955135941505 0.015799999237060547 0.03549988567829132 -0.0044999513775110245 -0.011699999682605267 0.03549988567829132 -0.007133955135941505 0.011299999430775642 0.03549988567829132 -0.007133955135941505 -0.011699999682605267 0.045891329646110535 -0.00650385208427906 -0.01600000075995922 0.04582624137401581 -0.007015155628323555 -0.01600000075995922 0.045233845710754395 -0.0073571521788835526 -0.01600000075995922 0.04548685997724533 -0.006590457633137703 -0.01899999938905239 0.0468280091881752 -0.0067492518573999405 -0.01600000075995922 0.046512916684150696 -0.006590457633137703 -0.01899999938905239 0.045999884605407715 0.006500048562884331 -0.01899999938905239 0.047419607639312744 -0.007515856996178627 -0.01600000075995922 0.04729893058538437 -0.0072499532252550125 -0.01899999938905239 0.047419607639312744 -0.008484052494168282 -0.01600000075995922 0.04747709631919861 -0.008260453119874 -0.01899999938905239 0.0468280091881752 -0.009250657632946968 -0.01600000075995922 0.036699891090393066 -0.0044999513775110245 -0.011699999682605267 0.03549988567829132 -0.0044999513775110245 0.011299999430775642 0.036699891090393066 -0.0044999513775110245 0.011299999430775642 0.036173537373542786 -0.007015155628323555 0.011299999430775642 0.035133861005306244 -0.0074999574571847916 -0.005533329676836729 0.0367659255862236 -0.0073571521788835526 0.011299999430775642 0.036173537373542786 -0.007015155628323555 0.015799999237060547 0.0367659255862236 -0.0073571521788835526 0.015799999237060547 0.036999888718128204 -0.007999951019883156 0.011299999430775642 0.036999888718128204 -0.007999951019883156 0.015799999237060547 0.0367659255862236 -0.008642757311463356 0.011299999430775642 0.0367659255862236 -0.008642757311463356 0.015799999237060547 0.036173537373542786 -0.008984753862023354 0.011299999430775642 0.036173537373542786 -0.008984753862023354 0.015799999237060547 0.03599988669157028 -0.011499950662255287 0.011299999430775642 0.03549988567829132 -0.008865954354405403 0.015799999237060547 0.03549988567829132 -0.01299995370209217 0.011299999430775642 0.03599988669157028 -0.013499954715371132 0.011299999430775642 0.033999890089035034 -0.013499954715371132 0.011299999430775642 0.033999890089035034 -0.013499954715371132 0.015799999237060547 0.04499989002943039 0.006882047280669212 -0.01600000075995922 0.04463057965040207 0.007387643679976463 -0.0156306903809309 0.04499989002943039 0.008000044152140617 -0.01600000075995922 0.04463057965040207 0.008612444624304771 -0.0156306903809309 0.0450357049703598 0.006850948557257652 -0.01899999938905239 0.045233845710754395 0.007357245311141014 -0.01600000075995922 0.04499989002943039 0.00911804847419262 -0.01600000075995922 0.04449988901615143 0.008000044152140617 -0.015499998815357685 0.04452268034219742 0.00773954950273037 -0.01899999938905239 0.045891329646110535 0.006503945216536522 -0.01600000075995922 0.045233845710754395 0.007357245311141014 -0.011500000022351742 0.04470084607601166 0.008750049397349358 -0.01899999938905239 0.04582624137401581 0.0070152487605810165 -0.011500000022351742 0.0468280091881752 0.006749344989657402 -0.01600000075995922 0.04582624137401581 0.0070152487605810165 -0.01600000075995922 0.042499884963035583 0.01240004412829876 -0.01899999938905239 0.046964071691036224 0.006850948557257652 -0.01899999938905239 0.046499885618686676 0.007134048268198967 -0.011500000022351742 0.046499885618686676 0.007134048268198967 -0.01600000075995922 0.04999988526105881 0.004600046202540398 -0.01899999938905239 0.046939581632614136 0.00765804760158062 -0.01600000075995922 0.04747709631919861 0.00773954950273037 -0.01899999938905239 0.04686591774225235 0.007500043138861656 -0.005333330016583204 0.04999988526105881 0.009200049564242363 -0.01899999938905239 0.04698469489812851 0.008173642680048943 -0.005333330016583204 0.046939581632614136 0.008342048153281212 -0.01600000075995922 0.04664267599582672 0.008766045793890953 -0.005333330016583204 0.04979988932609558 -0.009399952366948128 -0.018958261236548424 0.04999988526105881 -0.009199956431984901 -0.01899999938905239 0.049864426255226135 -0.009399952366948128 -0.01898130215704441 0.049931518733501434 -0.009399952366948128 -0.01899530179798603 0.04973246902227402 -0.009577551856637001 -0.018883349373936653 0.04999988526105881 -0.009649956598877907 -0.01893301121890545 0.04999988526105881 -0.009399952366948128 -0.01899999938905239 0.04967547953128815 -0.009524354711174965 -0.01885955221951008 0.04959078133106232 -0.009609052911400795 -0.018697230145335197 0.04999988526105881 -0.00983295775949955 -0.01875000260770321 0.056099891662597656 -0.009399952366948128 -0.01899999938905239 0.04999988526105881 -0.004599953070282936 -0.01899999938905239 0.056099891662597656 -0.009649956598877907 -0.01893301121890545 0.04999988526105881 0.0043500494211912155 -0.01893301121890545 0.04529988765716553 0.004500044509768486 0.011500000022351742 0.046499885618686676 0.004500044509768486 0.011500000022351742 0.04529988765716553 0.004500044509768486 -0.011500000022351742 0.046499885618686676 0.004500044509768486 -0.011500000022351742 0.04529988765716553 0.006673445925116539 0.011500000022351742 0.04529988765716553 0.00651964358985424 0.0001416993618477136 0.04529988765716553 0.00651964358985424 0.008158299140632153 0.04529988765716553 0.00651964358985424 0.008641701191663742 0.04471536725759506 0.007225444540381432 0.011500000022351742 0.04449988901615143 0.008000044152140617 0.011500000022351742 0.04471536725759506 0.008774643763899803 0.011500000022351742 0.04529988765716553 0.009326642379164696 0.011500000022351742 0.045999884605407715 0.011500043794512749 0.011500000022351742 0.04529988765716553 0.011500043794512749 0.011500000022351742 0.046499885618686676 0.013000046834349632 0.011500000022351742 0.04529988765716553 0.009480444714426994 0.008641701191663742 0.04529988765716553 0.011500043794512749 0.014299999922513962 0.046499885618686676 0.013000046834349632 -0.011500000022351742 0.045999884605407715 0.013500047847628593 0.011500000022351742 0.04529988765716553 0.009480444714426994 0.008158299140632153 0.045999884605407715 0.011500043794512749 0.014999999664723873 0.04799988865852356 0.013500047847628593 0.011500000022351742 0.04529988765716553 0.009480444714426994 0.0001416993618477136 0.04799988865852356 0.013500047847628593 0.01599999889731407 0.045999884605407715 0.013500047847628593 0.01599999889731407 0.04529988765716553 0.011500043794512749 -0.011500000022351742 0.04529988765716553 0.009326642379164696 0.0005999994464218616 0.04529988765716553 0.009480444714426994 -0.00034169989521615207 0.04529988765716553 0.009480444714426994 -0.008358300663530827 0.04529988765716553 0.009480444714426994 -0.008841699920594692 0.04529988765716553 0.009326642379164696 -0.007900000549852848 0.04529988765716553 0.009326642379164696 -0.011500000022351742 0.04529988765716553 0.009326642379164696 -0.000800000037997961 0.045999884605407715 0.01240004412829876 -0.01600000075995922 0.045999884605407715 0.01240004412829876 -0.015199999324977398 0.045999884605407715 0.013500047847628593 -0.01600000075995922 0.045999884605407715 0.013500047847628593 -0.011500000022351742 0.04679989069700241 0.01240004412829876 -0.01600000075995922 0.04799988865852356 0.013500047847628593 -0.011500000022351742 0.045999884605407715 0.011500043794512749 -0.011500000022351742 0.04799988865852356 0.013500047847628593 -0.01600000075995922 0.045999884605407715 0.011500043794512749 -0.015199999324977398 0.050633855164051056 0.013000046834349632 -0.01600000075995922 0.050633855164051056 0.013000046834349632 -0.011500000022351742 0.04529988765716553 0.011500043794512749 -0.014500000514090061 0.04529988765716553 0.01240004412829876 -0.014500000514090061 0.050515078008174896 0.013673698529601097 -0.011500000022351742 0.04582624137401581 0.008984846994280815 -0.011500000022351742 0.046499885618686676 0.008866047486662865 -0.01600000075995922 0.045233845710754395 0.00864284299314022 -0.011500000022351742 0.04471536725759506 0.008774643763899803 -0.011500000022351742 0.04499989002943039 0.008000044152140617 -0.011500000022351742 0.04449988901615143 0.008000044152140617 -0.011500000022351742 0.04471536725759506 0.007225444540381432 -0.011500000022351742 0.04529988765716553 0.006673445925116539 -0.011500000022351742 0.04529988765716553 0.00651964358985424 -0.008841699920594692 0.04529988765716553 0.00651964358985424 -0.008358300663530827 0.04529988765716553 0.00651964358985424 -0.00034169989521615207 0.04529988765716553 0.006673445925116539 -0.000800000037997961 0.036699891090393066 0.006673445925116539 -0.000800000037997961 0.04529988765716553 0.006673445925116539 -0.007900000549852848 0.04471536725759506 0.007225444540381432 -0.0013845204375684261 0.03728441148996353 0.007225444540381432 -0.0013845204375684261 0.04471536725759506 0.007225444540381432 -0.00731548061594367 0.04449988901615143 0.008000044152140617 -0.0016000005416572094 0.04449988901615143 0.008000044152140617 -0.007100000511854887 0.037499889731407166 0.008000044152140617 -0.0016000005416572094 0.04471536725759506 0.008774643763899803 -0.0013845204375684261 0.04471536725759506 0.008774643763899803 -0.00731548061594367 0.03728441148996353 0.008774643763899803 -0.0013845204375684261 0.036699891090393066 0.009326642379164696 -0.000800000037997961 0.052365921437740326 -0.01299995370209217 0.011500000022351742 0.05499988794326782 -0.01299995370209217 0.011500000022351742 0.05499988794326782 -0.014999957755208015 0.011500000022351742 0.052365921437740326 -0.01299995370209217 -0.011500000022351742 0.05449988692998886 -0.015865953639149666 0.011500000022351742 0.0521426796913147 -0.012733953073620796 0.00533332908526063 0.05449988692998886 -0.015865953639149666 0.01599999889731407 0.054865919053554535 -0.01549995131790638 0.011500000022351742 0.054865919053554535 -0.01549995131790638 0.01599999889731407 0.05149988830089569 -0.01249995268881321 -0.005333330016583204 0.06814268976449966 -0.012733953073620796 0.01599999889731407 0.07099989056587219 -0.011999951675534248 0.01599999889731407 0.06749989092350006 -0.01249995268881321 0.01599999889731407 0.0718039870262146 -0.008999953046441078 0.01599999889731407 0.06848468631505966 -0.013326356187462807 0.01599999889731407 0.06399989128112793 -0.011999951675534248 0.01599999889731407 0.07199988514184952 -0.011999951675534248 0.01599999889731407 0.06836588680744171 -0.01299995370209217 0.011500000022351742 0.07099989056587219 -0.01549995131790638 0.01599999889731407 0.06299988925457001 -0.011999951675534248 0.01599999889731407 0.07230398803949356 -0.008865954354405403 0.01599999889731407 0.06814268976449966 -0.012733953073620796 0.00533332908526063 0.06836588680744171 -0.013999955728650093 0.01599999889731407 0.06749989092350006 -0.01249995268881321 0.00533332908526063 0.06784188747406006 -0.01443965919315815 0.01599999889731407 0.055999889969825745 -0.011999951675534248 0.01599999889731407 0.06749989092350006 -0.01249995268881321 -0.005333330016583204 0.06685708463191986 -0.012733953073620796 -0.005333330016583204 0.06685708463191986 -0.012733953073620796 -0.01600000075995922 0.06663388758897781 -0.01299995370209217 -0.011500000022351742 0.06651508808135986 -0.013326356187462807 -0.01600000075995922 0.05499988794326782 -0.014999957755208015 -0.01600000075995922 0.05499988794326782 -0.014999957755208015 -0.011500000022351742 0.054865919053554535 -0.01549995131790638 -0.01600000075995922 0.054865919053554535 -0.01549995131790638 -0.011500000022351742 0.05499988794326782 -0.01299995370209217 -0.011500000022351742 0.05184190720319748 -0.01443965919315815 -0.01600000075995922 0.05449988692998886 -0.015865953639149666 -0.01600000075995922 0.05499988794326782 -0.011999951675534248 -0.01600000075995922 0.0539998859167099 -0.015999959781765938 -0.01600000075995922 0.05449988692998886 -0.015865953639149666 -0.011500000022351742 0.04899989068508148 -0.015999959781765938 -0.01600000075995922 0.0511578693985939 -0.01443965919315815 -0.01600000075995922 0.0539998859167099 -0.015999959781765938 -0.011500000022351742 0.055999889969825745 -0.011999951675534248 -0.01600000075995922 0.04813385754823685 -0.01549995131790638 -0.01600000075995922 0.04849988967180252 -0.015865953639149666 -0.01600000075995922 0.0511578693985939 -0.01443965919315815 0.01599999889731407 0.0539998859167099 -0.015999959781765938 0.01599999889731407 0.050633855164051056 -0.013999955728650093 0.01599999889731407 0.050515078008174896 -0.013326356187462807 0.01599999889731407 0.04799988865852356 -0.014999957755208015 0.01599999889731407 0.04813385754823685 -0.01549995131790638 0.01599999889731407 0.04849988967180252 -0.015865953639149666 0.01599999889731407 0.0511578693985939 0.01256035827100277 0.01599999889731407 0.05184190720319748 0.01256035827100277 0.01599999889731407 0.05499988794326782 0.01200004480779171 0.01599999889731407 0.050633855164051056 0.013000046834349632 0.01599999889731407 0.055999889969825745 0.01200004480779171 0.01599999889731407 0.06299988925457001 0.01200004480779171 0.01599999889731407 0.050515078008174896 0.013673698529601097 0.01599999889731407 0.05915787070989609 0.01256035827100277 0.01599999889731407 0.0718039870262146 0.00900004617869854 0.01599999889731407 0.04799988865852356 0.01500004343688488 0.01599999889731407 0.05863385647535324 0.013000046834349632 0.01599999889731407 0.059841886162757874 0.01256035827100277 0.01599999889731407 0.05851507931947708 0.013673698529601097 0.01599999889731407 0.060365885496139526 0.013000046834349632 0.01599999889731407 0.055999889969825745 0.01500004343688488 0.01599999889731407 0.06048468500375748 0.013673698529601097 0.01599999889731407 0.05885709822177887 0.014266086742281914 0.01599999889731407 0.06299988925457001 0.01500004343688488 0.01599999889731407 0.05613385885953903 0.015500044450163841 0.01599999889731407 0.06014268845319748 0.014266086742281914 0.01599999889731407 0.05699988454580307 0.016000045463442802 0.01599999889731407 0.06286589056253433 0.015500044450163841 0.01599999889731407 0.059499889612197876 0.014500042423605919 0.01599999889731407 0.056499890983104706 0.015866076573729515 0.01599999889731407 0.061999887228012085 0.016000045463442802 0.01599999889731407 0.05699988454580307 0.016000045463442802 0.011500000022351742 0.062499888241291046 0.015866076573729515 0.01599999889731407 0.0726700872182846 0.008500045165419579 0.01899999938905239 0.0726700872182846 0.008500045165419579 0.01599999889731407 0.07230398803949356 0.008866047486662865 0.01899999938905239 0.07230398803949356 0.008866047486662865 0.01599999889731407 0.0718039870262146 -0.008999953046441078 0.01899999938905239 0.07277160882949829 -0.006861703470349312 0.01899999938905239 0.07230398803949356 -0.008865954354405403 0.01899999938905239 0.0726700872182846 -0.008499952033162117 0.01899999938905239 0.07149852812290192 -0.004686737433075905 0.01899999938905239 0.0713481456041336 -0.004334108904004097 0.01899999938905239 0.0726700872182846 -0.008499952033162117 0.01599999889731407 0.07254355400800705 -0.006543831899762154 0.01899999938905239 0.07549988478422165 -0.01249995268881321 0.01599999889731407 0.07614269107580185 -0.012733953073620796 0.01599999889731407 0.08049988746643066 -0.01299995370209217 0.01599999889731407 0.0763658881187439 0.013000046834349632 0.01599999889731407 0.07867816835641861 0.010224005207419395 0.01599999889731407 0.08049988746643066 0.013000046834349632 0.01599999889731407 0.08849988132715225 0.013000046834349632 0.01599999889731407 0.09041329473257065 0.012619448825716972 0.01599999889731407 0.09203539043664932 0.011535575613379478 0.01599999889731407 0.07515788823366165 0.01256035827100277 0.01599999889731407 0.07584188878536224 0.01256035827100277 0.01599999889731407 0.09311928600072861 0.00991344265639782 0.01599999889731407 0.09349989145994186 0.008000044152140617 0.01599999889731407 0.09349989145994186 -0.007999951019883156 0.01599999889731407 0.09041329473257065 -0.01261935569345951 0.01599999889731407 0.08849988132715225 -0.01299995370209217 0.01599999889731407 0.0756814107298851 -0.008696788921952248 0.01599999889731407 0.07867816835641861 -0.010223710909485817 0.01599999889731407 0.0756814107298851 0.00869707576930523 0.01599999889731407 0.07330317050218582 0.006318835541605949 0.01599999889731407 0.07177624851465225 0.003322077915072441 0.01599999889731407 0.0713481456041336 0.0043344032019376755 0.01599999889731407 0.07125010341405869 1.4726340680226713E-07 0.01599999889731407 0.070595383644104 0.0014773962320759892 0.01599999889731407 0.070595383644104 -0.001477109151892364 0.01599999889731407 0.07177624851465225 -0.0033217910677194595 0.01599999889731407 0.0713481456041336 -0.004334108904004097 0.01599999889731407 0.07330317050218582 -0.006318548694252968 0.01599999889731407 0.09311928600072861 -0.009913356974720955 0.01599999889731407 0.09203539043664932 -0.01153545267879963 0.01599999889731407 0.0409998893737793 0.01240004412829876 -0.017500000074505806 0.0409998893737793 -0.012399950996041298 -0.017500000074505806 0.03949988633394241 -0.012399950996041298 -0.01899999938905239 0.036699891090393066 0.01240004412829876 0.014299999922513962 0.03599988669157028 0.01240004412829876 0.015799999237060547 0.03519988805055618 0.01240004412829876 0.018799999728798866 0.03599988669157028 0.01240004412829876 0.014999999664723873 0.03599988669157028 0.009500047191977501 0.018799999728798866 0.03519988805055618 0.01240004412829876 0.015799999237060547 0.03503570705652237 0.00914914719760418 0.018799999728798866 0.03199988603591919 0.009200049564242363 0.018799999728798866 0.03452267497777939 0.008260546252131462 0.018799999728798866 0.03599988669157028 -0.012399950996041298 0.015799999237060547 0.03599988669157028 -0.012399950996041298 -0.016200000420212746 0.03519988805055618 -0.012399950996041298 -0.01899999938905239 0.03651291877031326 -0.009409451857209206 -0.01899999938905239 0.03519988805055618 -0.012399950996041298 -0.016200000420212746 0.0354868546128273 -0.009409451857209206 -0.01899999938905239 0.034700848162174225 -0.008749956265091896 -0.01899999938905239 0.032384008169174194 -0.00951155461370945 -0.01899999938905239 0.03136591613292694 -0.01299995370209217 -0.016200000420212746 0.032395899295806885 -0.009456256404519081 -0.01899999938905239 0.0314847007393837 -0.013673553243279457 -0.016200000420212746 0.03239988535642624 -0.009399952366948128 -0.01899999938905239 0.033999890089035034 -0.014999957755208015 -0.016200000420212746 0.03452267497777939 -0.007739456370472908 -0.01899999938905239 0.032289668917655945 -0.009399952366948128 -0.019107459113001823 0.03114267997443676 -0.014265956357121468 -0.016200000420212746 0.03239988535642624 -0.004599953070282936 -0.01899999938905239 0.032289668917655945 -0.004599953070282936 -0.019107459113001823 0.03386592119932175 -0.01549995131790638 -0.016200000420212746 0.03215198963880539 -0.009399952366948128 -0.0191763024777174 0.03299988806247711 -0.015999959781765938 -0.016200000420212746 0.030499888584017754 -0.014499949291348457 -0.016200000420212746 0.03349988907575607 -0.015865953639149666 -0.016200000420212746 0.027999883517622948 -0.015999959781765938 -0.016200000420212746 0.029857097193598747 -0.014265956357121468 -0.016200000420212746 0.02713385783135891 -0.01549995131790638 -0.016200000420212746 0.026999888941645622 -0.014999957755208015 -0.016200000420212746 0.027499889954924583 -0.015865953639149666 -0.016200000420212746 0.02951507829129696 -0.013673553243279457 -0.016200000420212746 0.026999888941645622 -0.011999951675534248 -0.016200000420212746 0.02963385544717312 -0.01299995370209217 -0.016200000420212746 0.03610844910144806 0.006503945216536522 0.015799999237060547 0.03651291877031326 0.0065905433148145676 0.018799999728798866 0.036999888718128204 0.006882047280669212 0.015799999237060547 0.03729892522096634 0.007250046357512474 0.018799999728798866 0.0354868546128273 0.0065905433148145676 0.018799999728798866 0.036173537373542786 0.0070152487605810165 0.015799999237060547 0.037369199097156525 0.007387643679976463 0.0154306935146451 0.036964066326618195 -0.006850855425000191 0.018799999728798866 0.03517176955938339 0.006749344989657402 0.015799999237060547 0.0367659255862236 0.007357245311141014 0.015799999237060547 0.03549988567829132 0.007134048268198967 0.015799999237060547 0.036999888718128204 0.008000044152140617 0.015799999237060547 0.037499889731407166 0.008000044152140617 0.01529999915510416 0.034700848162174225 0.007250046357512474 0.018799999728798866 0.036173537373542786 0.0070152487605810165 0.011299999430775642 0.03549988567829132 0.007134048268198967 0.011299999430775642 0.037369199097156525 0.008612444624304771 0.0154306935146451 0.037477098405361176 0.008260546252131462 0.018799999728798866 0.03506019711494446 0.00765804760158062 0.015799999237060547 0.03458017110824585 0.007515942677855492 0.015799999237060547 0.036999888718128204 0.00911804847419262 0.015799999237060547 0.0367659255862236 0.00864284299314022 0.015799999237060547 0.036964066326618195 0.00914914719760418 0.018799999728798866 0.03506019711494446 0.008342048153281212 0.015799999237060547 0.03458017110824585 0.008484145626425743 0.015799999237060547 0.036173537373542786 0.008984846994280815 0.015799999237060547 0.03610844910144806 0.009496143087744713 0.015799999237060547 0.03517176955938339 0.009250743314623833 0.015799999237060547 0.03549988567829132 0.008866047486662865 0.015799999237060547 0.03503570705652237 -0.006850855425000191 0.018799999728798866 0.03517176955938339 -0.0067492518573999405 0.015799999237060547 0.03599988669157028 -0.006499955430626869 0.018799999728798866 0.03610844910144806 -0.00650385208427906 0.015799999237060547 0.03458017110824585 -0.007515856996178627 0.015799999237060547 0.03452267497777939 -0.007739456370472908 0.018799999728798866 0.036999888718128204 -0.006881954148411751 0.015799999237060547 0.03458017110824585 -0.008484052494168282 0.015799999237060547 0.03149988502264023 -0.008999953046441078 0.018799999728798866 0.037369199097156525 -0.007387550547719002 0.0154306935146451 0.034700848162174225 -0.008749956265091896 0.018799999728798866 0.03149988502264023 0.00900004617869854 0.018799999728798866 0.03517176955938339 -0.009250657632946968 0.015799999237060547 0.01141305174678564 -0.001409822958521545 0.018799999728798866 0.011438722722232342 -0.0011836084304377437 0.018799999728798866 0.037499889731407166 -0.007999951019883156 0.01529999915510416 0.037369199097156525 -0.00861235149204731 0.0154306935146451 0.01080238725990057 -0.003943832591176033 0.018799999728798866 0.011404517106711864 -0.0014772730646654963 0.018799999728798866 0.011413048021495342 0.0014099088730290532 0.018799999728798866 0.036999888718128204 -0.009117955341935158 0.015799999237060547 0.03610844910144806 -0.009496057406067848 0.015799999237060547 0.010501219891011715 -0.004687199369072914 0.018799999728798866 0.010195757262408733 -0.008999953046441078 0.018799999728798866 0.010651699267327785 -0.004334369674324989 0.018799999728798866 0.011404517106711864 0.0014773366274312139 0.018799999728798866 0.010802379809319973 0.003943918272852898 0.018799999728798866 0.009456257335841656 -0.006544077768921852 0.018799999728798866 0.010195757262408733 0.00900004617869854 0.018799999728798866 0.010501223616302013 0.004687262699007988 0.018799999728798866 0.010651699267327785 0.004334433004260063 0.018799999728798866 0.009228224866092205 -0.006861904636025429 0.018799999728798866 0.009456249885261059 0.00654415600001812 0.018799999728798866 0.009228217415511608 0.0068619754165410995 0.018799999728798866 0.009329739026725292 -0.008499952033162117 0.018799999728798866 0.009695756249129772 -0.008865954354405403 0.018799999728798866 0.03199988603591919 -0.009199956431984901 0.018799999728798866 0.03199988603591919 -0.009199956431984901 0.015799999237060547 0.03519988805055618 -0.012399950996041298 0.015799999237060547 0.030841907486319542 -0.012560257688164711 0.015799999237060547 0.03599988669157028 -0.013499954715371132 0.015799999237060547 0.03136591613292694 -0.01299995370209217 0.015799999237060547 0.0314847007393837 -0.013673553243279457 0.015799999237060547 0.033999890089035034 -0.014999957755208015 0.015799999237060547 0.04956077039241791 -0.009639056399464607 -0.01850000210106373 0.04967217147350311 -0.009777555242180824 -0.01850000210106373 0.04973246902227402 -0.009783254936337471 -0.018677571788430214 0.049824975430965424 -0.009868355467915535 -0.01850000210106373 0.04956077039241791 -0.009639056399464607 -0.01600000075995922 0.04999988526105881 -0.009899953380227089 -0.01850000210106373 0.04999988526105881 -0.009899953380227089 -0.01600000075995922 0.056099891662597656 -0.00983295775949955 -0.01875000260770321 0.056099891662597656 -0.009899953380227089 -0.01850000210106373 0.049824975430965424 -0.009868355467915535 -0.01600000075995922 0.05149988830089569 -0.014499949291348457 -0.011500000022351742 0.050857096910476685 -0.014265956357121468 -0.011500000022351742 0.0521426796913147 -0.014265956357121468 -0.011500000022351742 0.052365921437740326 -0.013999955728650093 -0.01600000075995922 0.04799988865852356 -0.014999957755208015 -0.01600000075995922 0.04967217147350311 -0.009777555242180824 -0.01600000075995922 0.05149988830089569 -0.01249995268881321 -0.01600000075995922 0.0521426796913147 -0.012733953073620796 -0.01600000075995922 0.056099891662597656 -0.009899953380227089 -0.01600000075995922 0.052484698593616486 -0.013326356187462807 -0.01600000075995922 0.05634988844394684 -0.00983295775949955 -0.01600000075995922 0.059499889612197876 -0.01249995268881321 -0.01600000075995922 0.05653289705514908 -0.009649956598877907 -0.01600000075995922 0.05659988522529602 -0.009399952366948128 -0.01600000075995922 0.06299988925457001 -0.011999951675534248 -0.01600000075995922 0.03599988669157028 -0.011499950662255287 0.014999999664723873 0.03599988669157028 -0.012399950996041298 0.014999999664723873 0.037369199097156525 -0.00861235149204731 -0.015830690041184425 0.03729892522096634 -0.008749956265091896 -0.01899999938905239 0.036999888718128204 -0.009117955341935158 -0.016200000420212746 0.037499889731407166 -0.007999951019883156 -0.015699999406933784 0.036999888718128204 -0.007999951019883156 -0.016200000420212746 0.03610844910144806 -0.009496057406067848 -0.016200000420212746 0.037369199097156525 -0.007387550547719002 -0.015830690041184425 0.037477098405361176 -0.007739456370472908 -0.01899999938905239 0.0367659255862236 -0.008642757311463356 -0.016200000420212746 0.036173537373542786 -0.008984753862023354 -0.016200000420212746 0.036999888718128204 -0.006881954148411751 -0.016200000420212746 0.03517176955938339 -0.009250657632946968 -0.016200000420212746 0.036964066326618195 -0.006850855425000191 -0.01899999938905239 0.0367659255862236 -0.0073571521788835526 -0.016200000420212746 0.036173537373542786 -0.007015155628323555 -0.016200000420212746 0.03610844910144806 -0.00650385208427906 -0.016200000420212746 0.03458017110824585 -0.008484052494168282 -0.016200000420212746 0.03599988669157028 -0.006499955430626869 -0.01899999938905239 0.03549988567829132 -0.007133955135941505 -0.016200000420212746 0.03517176955938339 -0.0067492518573999405 -0.016200000420212746 0.03458017110824585 -0.007515856996178627 -0.016200000420212746 0.03503570705652237 -0.006850855425000191 -0.01899999938905239 0.03506019711494446 -0.007657954469323158 -0.016200000420212746 0.03114267997443676 -0.014265956357121468 -0.011699999682605267 0.03299988806247711 -0.015999959781765938 -0.011699999682605267 0.033999890089035034 -0.014999957755208015 -0.011699999682605267 0.030499888584017754 -0.014499949291348457 -0.011699999682605267 0.03349988907575607 -0.015865953639149666 -0.011699999682605267 0.027999883517622948 -0.015999959781765938 -0.011699999682605267 0.03386592119932175 -0.01549995131790638 -0.011699999682605267 0.029857097193598747 -0.014265956357121468 -0.011699999682605267 0.02951507829129696 -0.013673553243279457 -0.011699999682605267 0.03199988603591919 -0.009899953380227089 -0.016200000420212746 0.03199988603591919 -0.009899953380227089 -0.018700001761317253 0.03217479586601257 -0.009868355467915535 -0.016200000420212746 0.03217479586601257 -0.009868355467915535 -0.018700001761317253 0.02589988522231579 -0.009899953380227089 -0.016200000420212746 0.030841907486319542 -0.012560257688164711 -0.016200000420212746 0.03232760727405548 -0.009777555242180824 -0.018700001761317253 0.03232760727405548 -0.009777555242180824 -0.016200000420212746 0.032439008355140686 -0.009639056399464607 -0.016200000420212746 0.033999890089035034 -0.014999957755208015 0.011299999430775642 0.0314847007393837 -0.013673553243279457 0.011299999430775642 0.03136591613292694 -0.01299995370209217 0.011299999430775642 0.03386592119932175 -0.01549995131790638 0.011299999430775642 0.03114267997443676 -0.014265956357121468 0.015799999237060547 0.030841907486319542 -0.012560257688164711 -0.005533329676836729 0.03114267997443676 -0.014265956357121468 0.011299999430775642 0.030841907486319542 -0.012560257688164711 0.005133329425007105 0.030499888584017754 -0.014499949291348457 0.015799999237060547 0.030157869681715965 -0.012560257688164711 -0.005533329676836729 0.030157869681715965 -0.012560257688164711 -0.016200000420212746 0.030499888584017754 -0.014499949291348457 0.011299999430775642 0.02963385544717312 -0.01299995370209217 -0.011699999682605267 0.045891329646110535 0.009496143087744713 -0.01600000075995922 0.04582624137401581 0.008984846994280815 -0.01600000075995922 0.045233845710754395 0.00864284299314022 -0.01600000075995922 0.04548685997724533 0.009409544989466667 -0.01899999938905239 0.0468280091881752 0.009250743314623833 -0.01600000075995922 0.046512916684150696 0.009409544989466667 -0.01899999938905239 0.047419607639312744 0.008484145626425743 -0.01600000075995922 0.04729893058538437 0.008750049397349358 -0.01899999938905239 0.047419607639312744 0.007515942677855492 -0.01600000075995922 0.04979988932609558 0.00940004549920559 -0.018958261236548424 0.049864426255226135 0.00940004549920559 -0.01898130215704441 0.049931518733501434 0.00940004549920559 -0.01899530179798603 0.04679989069700241 0.01240004412829876 -0.01899999938905239 0.04999988526105881 0.00940004549920559 -0.01899999938905239 0.04967547953128815 0.009524447843432426 -0.01885955221951008 0.056099891662597656 0.00940004549920559 -0.01899999938905239 0.04959078133106232 0.009609146043658257 -0.018697230145335197 0.056099891662597656 0.004600046202540398 -0.01899999938905239 0.04956077039241791 0.009639149531722069 -0.01850000210106373 0.04956077039241791 0.009639149531722069 -0.01600000075995922 0.04999988526105881 -0.004099952057003975 -0.01850000210106373 0.056099891662597656 -0.004099952057003975 -0.01850000210106373 0.04999988526105881 -0.004166955128312111 -0.01875000260770321 0.056099891662597656 -0.004166955128312111 -0.01875000260770321 0.056099891662597656 -0.004099952057003975 -0.01600000075995922 0.04999988526105881 0.0041000451892614365 -0.01850000210106373 0.04999988526105881 -0.004349956288933754 -0.01893301121890545 0.04999988526105881 -0.004099952057003975 -0.01600000075995922 0.04999988526105881 0.0041670482605695724 -0.01875000260770321 0.04999988526105881 0.0041000451892614365 -0.01600000075995922 0.056099891662597656 -0.004349956288933754 -0.01893301121890545 0.056099891662597656 0.0041000451892614365 -0.01600000075995922 0.056099891662597656 -0.004599953070282936 -0.01899999938905239 0.05634428560733795 -0.009588250890374184 -0.01889348216354847 0.05634988844394684 -0.009399952366948128 -0.01893301121890545 0.05634428560733795 -0.00979345478117466 -0.018688252195715904 0.05652356892824173 -0.009469853714108467 -0.01875614933669567 0.05653289705514908 -0.009399952366948128 -0.01875000260770321 0.05652356892824173 -0.00965605117380619 -0.01856989972293377 0.05659988522529602 -0.009399952366948128 -0.01850000210106373 0.05634988844394684 -0.004599953070282936 -0.01893301121890545 0.05634988844394684 -0.00983295775949955 -0.01850000210106373 0.05653289705514908 -0.004599953070282936 -0.01875000260770321 0.05653289705514908 -0.009649956598877907 -0.01850000210106373 0.056099891662597656 0.0043500494211912155 -0.01893301121890545 0.05634428560733795 0.004411747679114342 -0.01889348216354847 0.05634988844394684 0.004600046202540398 -0.01893301121890545 0.05634428560733795 0.004206543788313866 -0.018688252195715904 0.05652356892824173 0.004530144855380058 -0.01875614933669567 0.056099891662597656 0.0041670482605695724 -0.01875000260770321 0.05653289705514908 0.004600046202540398 -0.01875000260770321 0.05652356892824173 0.004343947395682335 -0.01856989972293377 0.056099891662597656 0.0041000451892614365 -0.01850000210106373 0.05659988522529602 0.004600046202540398 -0.01850000210106373 0.05634988844394684 0.00940004549920559 -0.01893301121890545 0.05634988844394684 0.0041670482605695724 -0.01850000210106373 0.05653289705514908 0.0043500494211912155 -0.01850000210106373 0.05634988844394684 0.0041670482605695724 -0.01600000075995922 0.05659988522529602 0.004600046202540398 -0.01600000075995922 0.05653289705514908 0.0043500494211912155 -0.01600000075995922 0.04529988765716553 0.006673445925116539 0.009099999442696571 0.04471536725759506 0.007225444540381432 0.00968452263623476 0.036699891090393066 0.006673445925116539 0.009099999442696571 0.03728441148996353 0.007225444540381432 0.00968452263623476 0.036699891090393066 0.00651964358985424 0.008641701191663742 0.036699891090393066 0.00651964358985424 0.008158299140632153 0.04529988765716553 0.006673445925116539 0.0005999994464218616 0.04529988765716553 0.006673445925116539 0.007699999492615461 0.04471536725759506 0.007225444540381432 0.007115476299077272 0.036699891090393066 0.006673445925116539 0.0005999994464218616 0.036699891090393066 0.006673445925116539 0.007699999492615461 0.036699891090393066 0.00651964358985424 0.0001416993618477136 0.03728441148996353 0.007225444540381432 0.007115476299077272 0.036699891090393066 0.00651964358985424 -0.00034169989521615207 0.03728441148996353 0.007225444540381432 0.0011845198459923267 0.04449988901615143 0.008000044152140617 0.006899999920278788 0.037499889731407166 0.008000044152140617 0.006899999920278788 0.037499889731407166 0.008000044152140617 0.00139999995008111 0.03728441148996353 0.008774643763899803 0.007115476299077272 0.03728441148996353 0.008774643763899803 0.0011845198459923267 0.036699891090393066 0.009326642379164696 0.0005999994464218616 0.036699891090393066 0.009326642379164696 0.007699999492615461 0.04529988765716553 0.009326642379164696 0.009099999442696571 0.04471536725759506 0.008774643763899803 0.00968452263623476 0.036699891090393066 0.009326642379164696 0.009099999442696571 0.04449988901615143 0.008000044152140617 0.00989999994635582 0.036699891090393066 0.009480444714426994 0.008641701191663742 0.03728441148996353 0.008774643763899803 0.00968452263623476 0.037499889731407166 0.008000044152140617 0.00989999994635582 0.04529988765716553 0.009326642379164696 0.007699999492615461 0.04471536725759506 0.008774643763899803 0.0011845198459923267 0.04471536725759506 0.008774643763899803 0.007115476299077272 0.036699891090393066 0.009480444714426994 0.008158299140632153 0.04449988901615143 0.008000044152140617 0.00139999995008111 0.04471536725759506 0.007225444540381432 0.0011845198459923267 0.04799988865852356 0.01500004343688488 0.011500000022351742 0.050515078008174896 0.013673698529601097 0.011500000022351742 0.050633855164051056 0.013000046834349632 0.011500000022351742 0.04813385754823685 0.015500044450163841 0.011500000022351742 0.050857096910476685 0.014266086742281914 0.01599999889731407 0.0511578693985939 0.01256035827100277 -0.005333330016583204 0.050857096910476685 0.014266086742281914 0.011500000022351742 0.0511578693985939 0.01256035827100277 0.00533332908526063 0.0511578693985939 0.01256035827100277 -0.01600000075995922 0.05149988830089569 0.014500042423605919 0.01599999889731407 0.05184190720319748 0.01256035827100277 -0.01600000075995922 0.05149988830089569 0.014500042423605919 0.011500000022351742 0.05184190720319748 0.01256035827100277 -0.005333330016583204 0.052365921437740326 0.013000046834349632 -0.011500000022351742 0.036699891090393066 0.009326642379164696 -0.011699999682605267 0.036699891090393066 0.009480444714426994 -0.008841699920594692 0.036699891090393066 0.011500043794512749 -0.011699999682605267 0.036699891090393066 0.009480444714426994 -0.008358300663530827 0.036699891090393066 0.009326642379164696 -0.00930000003427267 0.036699891090393066 0.009480444714426994 -0.00034169989521615207 0.03728441148996353 0.008774643763899803 -0.009884520433843136 0.036699891090393066 0.011500043794512749 0.011299999430775642 0.03728441148996353 0.008774643763899803 -0.011699999682605267 0.036699891090393066 0.009480444714426994 0.0001416993618477136 0.036699891090393066 0.009326642379164696 -0.007900000549852848 0.037499889731407166 0.008000044152140617 -0.010100000537931919 0.037499889731407166 0.008000044152140617 -0.011699999682605267 0.03728441148996353 0.008774643763899803 -0.00731548061594367 0.03728441148996353 0.007225444540381432 -0.011699999682605267 0.036699891090393066 0.009326642379164696 0.011299999430775642 0.037499889731407166 0.008000044152140617 -0.007100000511854887 0.03728441148996353 0.007225444540381432 -0.009884520433843136 0.036699891090393066 0.006673445925116539 -0.011699999682605267 0.03728441148996353 0.007225444540381432 -0.00731548061594367 0.036699891090393066 0.006673445925116539 -0.007900000549852848 0.04529988765716553 0.006673445925116539 -0.00930000003427267 0.04471536725759506 0.007225444540381432 -0.009884520433843136 0.036699891090393066 0.006673445925116539 -0.00930000003427267 0.04449988901615143 0.008000044152140617 -0.010100000537931919 0.036699891090393066 0.00651964358985424 -0.008841699920594692 0.04471536725759506 0.008774643763899803 -0.009884520433843136 0.04529988765716553 0.009326642379164696 -0.00930000003427267 0.050857096910476685 0.014266086742281914 -0.011500000022351742 0.04899989068508148 0.016000045463442802 -0.011500000022351742 0.04799988865852356 0.01500004343688488 -0.011500000022351742 0.05149988830089569 0.014500042423605919 -0.011500000022351742 0.050515078008174896 0.013673698529601097 -0.01600000075995922 0.04849988967180252 0.015866076573729515 -0.011500000022351742 0.050857096910476685 0.014266086742281914 -0.01600000075995922 0.0539998859167099 0.016000045463442802 -0.011500000022351742 0.04899989068508148 0.016000045463442802 -0.01600000075995922 0.04813385754823685 0.015500044450163841 -0.011500000022351742 0.05149988830089569 0.014500042423605919 -0.01600000075995922 0.0521426796913147 0.014266086742281914 -0.011500000022351742 0.04799988865852356 0.01500004343688488 -0.01600000075995922 0.04849988967180252 0.015866076573729515 -0.01600000075995922 0.04813385754823685 0.015500044450163841 -0.01600000075995922 0.0539998859167099 0.016000045463442802 -0.01600000075995922 0.052484698593616486 0.013673698529601097 -0.011500000022351742 0.0521426796913147 0.014266086742281914 -0.01600000075995922 0.05449988692998886 0.015866076573729515 -0.01600000075995922 0.054865919053554535 0.015500044450163841 -0.01600000075995922 0.04999988526105881 0.00990004651248455 -0.01600000075995922 0.04999988526105881 0.00990004651248455 -0.01850000210106373 0.049824975430965424 0.009868448600172997 -0.01600000075995922 0.049824975430965424 0.009868448600172997 -0.01850000210106373 0.056099891662597656 0.00990004651248455 -0.01600000075995922 0.04967217147350311 0.009777648374438286 -0.01850000210106373 0.05499988794326782 0.01200004480779171 -0.01600000075995922 0.04967217147350311 0.009777648374438286 -0.01600000075995922 0.052365921437740326 0.013000046834349632 -0.01600000075995922 0.036699891090393066 0.004500044509768486 -0.011699999682605267 0.036699891090393066 0.00651964358985424 -0.008358300663530827 0.03549988567829132 0.004500044509768486 -0.011699999682605267 0.036699891090393066 0.004500044509768486 0.011299999430775642 0.03549988567829132 0.004500044509768486 0.011299999430775642 0.036699891090393066 0.006673445925116539 0.011299999430775642 0.0367659255862236 0.007357245311141014 0.011299999430775642 0.03728441148996353 0.007225444540381432 0.011299999430775642 0.036999888718128204 0.008000044152140617 0.011299999430775642 0.037499889731407166 0.008000044152140617 0.011299999430775642 0.03728441148996353 0.008774643763899803 0.011299999430775642 0.0367659255862236 0.00864284299314022 0.011299999430775642 0.036173537373542786 0.008984846994280815 0.011299999430775642 0.03599988669157028 0.011500043794512749 0.011299999430775642 0.03549988567829132 0.008866047486662865 0.011299999430775642 0.036699891090393066 0.011500043794512749 0.014299999922513962 0.03549988567829132 0.013000046834349632 0.011299999430775642 0.03549988567829132 0.008866047486662865 -0.011699999682605267 0.052484698593616486 -0.013673553243279457 -0.011500000022351742 0.0521426796913147 -0.012733953073620796 -0.005333330016583204 0.06663388758897781 -0.01299995370209217 0.011500000022351742 0.06651508808135986 -0.013673553243279457 0.011500000022351742 0.06399989128112793 -0.01299995370209217 0.011500000022351742 0.06399989128112793 -0.01549995131790638 0.011500000022351742 0.06651508808135986 -0.013326356187462807 0.01599999889731407 0.06399989128112793 -0.01299995370209217 -0.011500000022351742 0.06399989128112793 -0.01549995131790638 0.01599999889731407 0.06685708463191986 -0.014265956357121468 0.011500000022351742 0.06685708463191986 -0.012733953073620796 0.01599999889731407 0.06663388758897781 -0.013999955728650093 0.01599999889731407 0.06406688690185547 -0.015749948099255562 0.01599999889731407 0.06749989092350006 -0.014499949291348457 0.011500000022351742 0.06685708463191986 -0.012733953073620796 0.00533332908526063 0.06715788692235947 -0.01443965919315815 0.01599999889731407 0.0644998848438263 -0.015999959781765938 0.01599999889731407 0.07049988955259323 -0.015999959781765938 0.01599999889731407 0.07049988955259323 -0.015999959781765938 0.011500000022351742 0.07093288749456406 -0.015749948099255562 0.01599999889731407 0.07074988633394241 -0.015932949259877205 0.01599999889731407 0.06424988806247711 -0.015932949259877205 0.01599999889731407 0.07099989056587219 -0.01549995131790638 -0.01600000075995922 0.07099989056587219 -0.01549995131790638 -0.011500000022351742 0.07093288749456406 -0.015749948099255562 -0.01600000075995922 0.07093288749456406 -0.015749948099255562 -0.011500000022351742 0.07099989056587219 -0.01299995370209217 -0.011500000022351742 0.07049988955259323 -0.015999959781765938 -0.01600000075995922 0.07074988633394241 -0.015932949259877205 -0.01600000075995922 0.07099989056587219 -0.011999951675534248 -0.01600000075995922 0.06784188747406006 -0.01443965919315815 -0.01600000075995922 0.06848468631505966 -0.013326356187462807 -0.01600000075995922 0.07099989056587219 -0.01299995370209217 0.011500000022351742 0.06836588680744171 -0.013999955728650093 -0.01600000075995922 0.06814268976449966 -0.012733953073620796 -0.01600000075995922 0.07199988514184952 -0.011999951675534248 -0.01600000075995922 0.06749989092350006 -0.01249995268881321 -0.01600000075995922 0.07099989056587219 -0.01549995131790638 0.011500000022351742 0.07029658555984497 -0.008994454517960548 -0.01600000075995922 0.06814268976449966 -0.014265956357121468 0.011500000022351742 0.06848468631505966 -0.013673553243279457 0.011500000022351742 0.0644998848438263 -0.015999959781765938 0.011500000022351742 0.07093288749456406 -0.015749948099255562 0.011500000022351742 0.07074988633394241 -0.015932949259877205 0.011500000022351742 0.06836588680744171 -0.01299995370209217 -0.011500000022351742 0.06299988925457001 -0.01549995131790638 -0.01600000075995922 0.06299988925457001 -0.01549995131790638 -0.011500000022351742 0.06293288618326187 -0.015749948099255562 -0.01600000075995922 0.06293288618326187 -0.015749948099255562 -0.011500000022351742 0.06299988925457001 -0.01299995370209217 -0.011500000022351742 0.062499888241291046 -0.015999959781765938 -0.01600000075995922 0.06274988502264023 -0.015932949259877205 -0.01600000075995922 0.059841886162757874 -0.01443965919315815 -0.01600000075995922 0.06048468500375748 -0.013326356187462807 -0.01600000075995922 0.060365885496139526 -0.013999955728650093 -0.01600000075995922 0.06299988925457001 -0.01299995370209217 0.011500000022351742 0.06299988925457001 -0.01549995131790638 0.01599999889731407 0.06399989128112793 -0.011999951675534248 -0.01600000075995922 0.06299988925457001 -0.01549995131790638 0.011500000022351742 0.07515788823366165 -0.01443965919315815 0.01599999889731407 0.07249988615512848 -0.015999959781765938 0.01599999889731407 0.07584188878536224 -0.01443965919315815 0.01599999889731407 0.07849989086389542 -0.015999959781765938 0.01599999889731407 0.07199988514184952 -0.01549995131790638 0.01599999889731407 0.07549988478422165 -0.014499949291348457 0.011500000022351742 0.07899988442659378 -0.01549995131790638 0.01599999889731407 0.07849989086389542 -0.015999959781765938 0.011500000022351742 0.07206688821315765 -0.015749948099255562 0.01599999889731407 0.07463388890028 -0.013999955728650093 0.01599999889731407 0.07893288880586624 -0.015749948099255562 0.01599999889731407 0.0787498876452446 -0.015932949259877205 0.01599999889731407 0.0722498893737793 -0.015932949259877205 0.01599999889731407 0.07451508939266205 -0.013326356187462807 0.01599999889731407 0.07485708594322205 -0.012733953073620796 0.01599999889731407 0.06848468631505966 -0.013673553243279457 -0.011500000022351742 0.06814268976449966 -0.014265956357121468 -0.011500000022351742 0.06749989092350006 -0.014499949291348457 -0.011500000022351742 0.06814268976449966 -0.012733953073620796 -0.005333330016583204 0.06014268845319748 -0.012733953073620796 0.01599999889731407 0.059499889612197876 -0.01249995268881321 0.01599999889731407 0.06048468500375748 -0.013326356187462807 0.01599999889731407 0.05885709822177887 -0.012733953073620796 0.01599999889731407 0.05851507931947708 -0.013326356187462807 0.01599999889731407 0.060365885496139526 -0.013999955728650093 0.01599999889731407 0.055999889969825745 -0.014999957755208015 0.01599999889731407 0.059841886162757874 -0.01443965919315815 0.01599999889731407 0.06048468500375748 -0.013673553243279457 0.011500000022351742 0.05863385647535324 -0.013999955728650093 0.01599999889731407 0.062499888241291046 -0.015999959781765938 0.01599999889731407 0.06014268845319748 -0.014265956357121468 0.011500000022351742 0.05915787070989609 -0.01443965919315815 0.01599999889731407 0.05699988454580307 -0.015999959781765938 0.01599999889731407 0.06293288618326187 -0.015749948099255562 0.01599999889731407 0.059499889612197876 -0.014499949291348457 0.011500000022351742 0.05613385885953903 -0.01549995131790638 0.01599999889731407 0.06274988502264023 -0.015932949259877205 0.01599999889731407 0.062499888241291046 -0.015999959781765938 0.011500000022351742 0.056499890983104706 -0.015865953639149666 0.01599999889731407 0.06685708463191986 -0.014265956357121468 -0.011500000022351742 0.06399989128112793 -0.01549995131790638 -0.011500000022351742 0.0644998848438263 -0.015999959781765938 -0.011500000022351742 0.06651508808135986 -0.013673553243279457 -0.011500000022351742 0.06715788692235947 -0.01443965919315815 -0.01600000075995922 0.07049988955259323 -0.015999959781765938 -0.011500000022351742 0.06406688690185547 -0.015749948099255562 -0.011500000022351742 0.06663388758897781 -0.013999955728650093 -0.01600000075995922 0.06399989128112793 -0.01549995131790638 -0.01600000075995922 0.06424988806247711 -0.015932949259877205 -0.011500000022351742 0.07074988633394241 -0.015932949259877205 -0.011500000022351742 0.0644998848438263 -0.015999959781765938 -0.01600000075995922 0.06424988806247711 -0.015932949259877205 -0.01600000075995922 0.06406688690185547 -0.015749948099255562 -0.01600000075995922 0.05885709822177887 -0.014265956357121468 -0.011500000022351742 0.055999889969825745 -0.014999957755208015 -0.011500000022351742 0.059499889612197876 -0.014499949291348457 -0.011500000022351742 0.05613385885953903 -0.01549995131790638 -0.011500000022351742 0.05851507931947708 -0.013673553243279457 -0.011500000022351742 0.05915787070989609 -0.01443965919315815 -0.01600000075995922 0.05699988454580307 -0.015999959781765938 -0.011500000022351742 0.055999889969825745 -0.014999957755208015 -0.01600000075995922 0.05863385647535324 -0.013999955728650093 -0.01600000075995922 0.055999889969825745 -0.01299995370209217 -0.011500000022351742 0.062499888241291046 -0.015999959781765938 -0.011500000022351742 0.056499890983104706 -0.015865953639149666 -0.011500000022351742 0.05851507931947708 -0.013326356187462807 -0.01600000075995922 0.05863385647535324 -0.01299995370209217 -0.011500000022351742 0.05863385647535324 -0.01299995370209217 0.011500000022351742 0.05885709822177887 -0.012733953073620796 0.00533332908526063 0.05885709822177887 -0.012733953073620796 -0.005333330016583204 0.052484698593616486 0.013673698529601097 0.01599999889731407 0.05499988794326782 0.01500004343688488 0.01599999889731407 0.0521426796913147 0.014266086742281914 0.01599999889731407 0.054865919053554535 0.015500044450163841 0.01599999889731407 0.0521426796913147 0.014266086742281914 0.011500000022351742 0.0539998859167099 0.016000045463442802 0.01599999889731407 0.05499988794326782 0.01500004343688488 0.011500000022351742 0.05499988794326782 0.013000046834349632 0.011500000022351742 0.052365921437740326 0.013000046834349632 0.01599999889731407 0.05449988692998886 0.015866076573729515 0.01599999889731407 0.054865919053554535 0.015500044450163841 0.011500000022351742 0.052484698593616486 0.013673698529601097 0.011500000022351742 0.05449988692998886 0.015866076573729515 0.011500000022351742 0.052365921437740326 0.013000046834349632 0.011500000022351742 0.05184190720319748 0.01256035827100277 0.00533332908526063 0.05863385647535324 0.013000046834349632 -0.011500000022351742 0.05851507931947708 0.013673698529601097 -0.011500000022351742 0.055999889969825745 0.013000046834349632 -0.011500000022351742 0.055999889969825745 0.01500004343688488 -0.011500000022351742 0.05863385647535324 0.013000046834349632 -0.01600000075995922 0.055999889969825745 0.013000046834349632 0.011500000022351742 0.055999889969825745 0.01500004343688488 -0.01600000075995922 0.05885709822177887 0.014266086742281914 -0.011500000022351742 0.05851507931947708 0.013673698529601097 -0.01600000075995922 0.055999889969825745 0.01200004480779171 -0.01600000075995922 0.059499889612197876 0.014500042423605919 -0.011500000022351742 0.05613385885953903 0.015500044450163841 -0.011500000022351742 0.05885709822177887 0.014266086742281914 -0.01600000075995922 0.055999889969825745 0.01500004343688488 0.011500000022351742 0.07648468762636185 0.013673698529601097 0.01599999889731407 0.07899988442659378 0.014500042423605919 0.01599999889731407 0.07614269107580185 0.014266086742281914 0.01599999889731407 0.07899988442659378 0.01500004343688488 0.01599999889731407 0.0788658857345581 0.015500044450163841 0.01599999889731407 0.08049988746643066 0.013500047847628593 0.01599999889731407 0.07899988442659378 0.01500004343688488 0.011500000022351742 0.07949988543987274 0.014500042423605919 0.01599999889731407 0.08036588877439499 0.014000048860907555 0.01599999889731407 0.0799998864531517 0.014366073533892632 0.01599999889731407 0.08049988746643066 0.013500047847628593 0.011500000022351742 0.07199988514184952 0.01200004480779171 0.01599999889731407 0.07463388890028 0.013000046834349632 0.01599999889731407 0.07099989056587219 0.01200004480779171 0.01599999889731407 0.07451508939266205 0.013673698529601097 0.01599999889731407 0.06784188747406006 0.01256035827100277 0.01599999889731407 0.07199988514184952 0.01500004343688488 0.01599999889731407 0.06715788692235947 0.01256035827100277 0.01599999889731407 0.06836588680744171 0.013000046834349632 0.01599999889731407 0.06399989128112793 0.01200004480779171 0.01599999889731407 0.06848468631505966 0.013673698529601097 0.01599999889731407 0.06663388758897781 0.013000046834349632 0.01599999889731407 0.07099989056587219 0.01500004343688488 0.01599999889731407 0.06651508808135986 0.013673698529601097 0.01599999889731407 0.06814268976449966 0.014266086742281914 0.01599999889731407 0.06399989128112793 0.01500004343688488 0.01599999889731407 0.07086588442325592 0.015500044450163841 0.01599999889731407 0.06685708463191986 0.014266086742281914 0.01599999889731407 0.06999988853931427 0.016000045463442802 0.01599999889731407 0.0641338899731636 0.015500044450163841 0.01599999889731407 0.06749989092350006 0.014500042423605919 0.01599999889731407 0.07049988955259323 0.015866076573729515 0.01599999889731407 0.06499988585710526 0.016000045463442802 0.01599999889731407 0.0644998848438263 0.015866076573729515 0.01599999889731407 0.06499988585710526 0.016000045463442802 0.011500000022351742 0.04899989068508148 0.016000045463442802 0.01599999889731407 0.04899989068508148 0.016000045463442802 0.011500000022351742 0.04813385754823685 0.015500044450163841 0.01599999889731407 0.04849988967180252 0.015866076573729515 0.01599999889731407 0.04849988967180252 0.015866076573729515 0.011500000022351742 0.05885709822177887 0.014266086742281914 0.011500000022351742 0.059499889612197876 0.014500042423605919 0.011500000022351742 0.05613385885953903 0.015500044450163841 0.011500000022351742 0.05851507931947708 0.013673698529601097 0.011500000022351742 0.061999887228012085 0.016000045463442802 0.011500000022351742 0.056499890983104706 0.015866076573729515 0.011500000022351742 0.05863385647535324 0.013000046834349632 0.011500000022351742 0.06286589056253433 0.015500044450163841 0.011500000022351742 0.062499888241291046 0.015866076573729515 0.011500000022351742 0.060365885496139526 0.013000046834349632 0.011500000022351742 0.06048468500375748 0.013673698529601097 0.011500000022351742 0.06299988925457001 0.013000046834349632 0.011500000022351742 0.06299988925457001 0.01500004343688488 0.011500000022351742 0.06299988925457001 0.013000046834349632 -0.011500000022351742 0.06014268845319748 0.014266086742281914 0.011500000022351742 0.059841886162757874 0.01256035827100277 0.00533332908526063 0.05915787070989609 0.01256035827100277 0.00533332908526063 0.05915787070989609 0.01256035827100277 -0.005333330016583204 0.05915787070989609 0.01256035827100277 -0.01600000075995922 0.059841886162757874 0.01256035827100277 -0.01600000075995922 0.07648468762636185 -0.013326356187462807 0.01599999889731407 0.07899988442659378 -0.014499949291348457 0.01599999889731407 0.08049988746643066 -0.013999955728650093 0.01599999889731407 0.0763658881187439 -0.013999955728650093 0.01599999889731407 0.0799998864531517 -0.014499949291348457 0.01599999889731407 0.07648468762636185 -0.013673553243279457 0.011500000022351742 0.08043289184570312 -0.014249952509999275 0.01599999889731407 0.08024989068508148 -0.014432953670620918 0.01599999889731407 0.0799998864531517 -0.014499949291348457 0.011500000022351742 0.07463388890028 -0.01299995370209217 0.011500000022351742 0.07451508939266205 -0.013673553243279457 0.011500000022351742 0.07199988514184952 -0.01299995370209217 0.011500000022351742 0.07199988514184952 -0.01549995131790638 0.011500000022351742 0.07199988514184952 -0.01299995370209217 -0.011500000022351742 0.07485708594322205 -0.014265956357121468 0.011500000022351742 0.07485708594322205 -0.012733953073620796 0.00533332908526063 0.07249988615512848 -0.015999959781765938 0.011500000022351742 0.07549988478422165 -0.01249995268881321 0.00533332908526063 0.07485708594322205 -0.012733953073620796 -0.005333330016583204 0.037477098405361176 0.008260546252131462 -0.01899999938905239 0.037369199097156525 0.008612444624304771 -0.015830690041184425 0.036964066326618195 0.00914914719760418 -0.01899999938905239 0.036999888718128204 0.00911804847419262 -0.016200000420212746 0.037499889731407166 0.008000044152140617 -0.015699999406933784 0.03949988633394241 0.01240004412829876 -0.01899999938905239 0.03610844910144806 0.009496143087744713 -0.016200000420212746 0.036999888718128204 0.008000044152140617 -0.016200000420212746 0.037369199097156525 0.007387643679976463 -0.015830690041184425 0.03729892522096634 0.007250046357512474 -0.01899999938905239 0.036173537373542786 0.008984846994280815 -0.016200000420212746 0.0367659255862236 0.00864284299314022 -0.016200000420212746 0.0367659255862236 0.00864284299314022 -0.011699999682605267 0.036999888718128204 0.006882047280669212 -0.016200000420212746 0.036173537373542786 0.008984846994280815 -0.011699999682605267 0.03651291877031326 0.0065905433148145676 -0.01899999938905239 0.03599988669157028 0.011500043794512749 -0.015199999324977398 0.036699891090393066 0.011500043794512749 -0.014500000514090061 0.03599988669157028 0.01240004412829876 -0.015199999324977398 0.036699891090393066 0.01240004412829876 -0.014500000514090061 0.03599988669157028 0.011500043794512749 -0.011699999682605267 0.03599988669157028 0.01240004412829876 -0.016200000420212746 0.03519988805055618 0.01240004412829876 -0.01899999938905239 0.03599988669157028 0.011500043794512749 0.014999999664723873 0.036999888718128204 0.008000044152140617 -0.011699999682605267 0.0367659255862236 0.007357245311141014 -0.011699999682605267 0.036173537373542786 0.0070152487605810165 -0.011699999682605267 0.03549988567829132 0.007134048268198967 -0.011699999682605267 0.03549988567829132 0.007134048268198967 -0.016200000420212746 0.035357095301151276 0.007234042510390282 0.005133329425007105 0.035357095301151276 0.007234042510390282 -0.005533329676836729 0.03501507639884949 0.007826445624232292 0.005133329425007105 0.035133861005306244 0.008500045165419579 0.005133329425007105 0.03199988603591919 0.008866047486662865 0.015799999237060547 0.03199988603591919 0.008866047486662865 0.018799999728798866 0.03199988603591919 0.009200049564242363 0.015799999237060547 0.031841911375522614 0.008939748629927635 0.018799999728798866 0.031841911375522614 0.008939748629927635 0.015799999237060547 0.03114267997443676 0.012734008952975273 0.015799999237060547 0.03167353570461273 0.008984846994280815 0.018799999728798866 0.033999890089035034 0.013500047847628593 0.015799999237060547 0.03599988669157028 0.013500047847628593 0.015799999237060547 0.033999890089035034 0.013500047847628593 0.011299999430775642 0.032430440187454224 -0.00963045097887516 -0.018807129934430122 0.032439008355140686 -0.009639056399464607 -0.018700001761317253 0.03240516781806946 -0.009605253115296364 -0.018908841535449028 0.03235512971878052 -0.009648652747273445 -0.018948862329125404 0.03236446529626846 -0.009564550593495369 -0.01899999938905239 0.03222137689590454 -0.009830551221966743 -0.018824612721800804 0.03215959668159485 -0.009632857516407967 -0.01911262981593609 0.03204330801963806 -0.00981605239212513 -0.018973762169480324 0.03199988603591919 -0.009649956598877907 -0.019133010879158974 0.03199988603591919 -0.00983295775949955 -0.018950002267956734 0.03199988603591919 -0.009399952366948128 -0.019200002774596214 0.02589988522231579 -0.009899953380227089 -0.018700001761317253 0.03234630078077316 -0.00439995713531971 -0.01899999938905239 0.03234630078077316 0.004400042816996574 -0.01899999938905239 0.03239988535642624 0.004600046202540398 -0.01899999938905239 0.03219988942146301 0.004253646358847618 -0.01899999938905239 0.032289668917655945 0.004600046202540398 -0.019107459113001823 0.03216554969549179 0.004369048401713371 -0.019111311063170433 0.03219988942146301 -0.0042535532265901566 -0.01899999938905239 0.032230935990810394 -0.00443425215780735 -0.019111311063170433 0.034700848162174225 0.007250046357512474 -0.01899999938905239 0.03199988603591919 0.004310248419642448 -0.019107459113001823 0.03199988603591919 0.004200046882033348 -0.01899999938905239 0.03215198963880539 -0.004599953070282936 -0.0191763024777174 0.0354868546128273 0.0065905433148145676 -0.01899999938905239 0.03452267497777939 0.008260546252131462 -0.01899999938905239 0.03215198963880539 0.004600046202540398 -0.0191763024777174 0.03199988603591919 0.004447942599654198 -0.0191763024777174 0.03199988603591919 -0.0041999537497758865 -0.01899999938905239 0.03199988603591919 -0.004310155287384987 -0.019107459113001823 0.03199988603591919 -0.004447856917977333 -0.0191763024777174 0.03239988535642624 0.00940004549920559 -0.01899999938905239 0.03199988603591919 -0.004599953070282936 -0.019200002774596214 0.032395899295806885 0.009456349536776543 -0.01899999938905239 0.03199988603591919 0.004600046202540398 -0.019200002774596214 0.02589988522231579 -0.004599953070282936 -0.019200002774596214 0.032384008169174194 0.009511647745966911 -0.01899999938905239 0.03199988603591919 0.00940004549920559 -0.019200002774596214 0.03503570705652237 0.00914914719760418 -0.01899999938905239 0.03599988669157028 0.009500047191977501 -0.01899999938905239 0.026999888941645622 -0.01299995370209217 -0.011699999682605267 0.026999888941645622 -0.014999957755208015 -0.011699999682605267 0.02963385544717312 -0.01299995370209217 0.011299999430775642 0.030157869681715965 -0.012560257688164711 0.005133329425007105 0.026999888941645622 -0.01299995370209217 0.011299999430775642 0.027499889954924583 -0.015865953639149666 -0.011699999682605267 0.02713385783135891 -0.01549995131790638 -0.011699999682605267 0.026999888941645622 -0.011999951675534248 0.015799999237060547 0.03199988603591919 -0.004145251587033272 -0.018907980993390083 0.03199988603591919 0.004145344719290733 -0.018907980993390083 0.03199988603591919 -0.004111455753445625 -0.01880642957985401 0.03199988603591919 0.004111548885703087 -0.01880642957985401 0.03199988603591919 -0.004099952057003975 -0.018700001761317253 0.03199988603591919 0.0041000451892614365 -0.018700001761317253 0.02589988522231579 -0.004099952057003975 -0.018700001761317253 0.02589988522231579 0.0041000451892614365 -0.018700001761317253 0.03199988603591919 -0.004099952057003975 -0.016200000420212746 0.03199988603591919 0.0041000451892614365 -0.016200000420212746 0.02589988522231579 0.0041000451892614365 -0.016200000420212746 0.02589988522231579 -0.004099952057003975 -0.016200000420212746 0.025649888440966606 0.0041670482605695724 -0.016200000420212746 0.025649888440966606 -0.004166955128312111 -0.016200000420212746 0.015994546934962273 0.0007000473560765386 -0.016200000420212746 0.015994546934962273 -0.0006999539909884334 -0.016200000420212746 0.011703225784003735 0.0007000473560765386 -0.016200000420212746 0.025466879829764366 -0.004349956288933754 -0.016200000420212746 0.011703225784003735 -0.0006999539909884334 -0.016200000420212746 0.025399884209036827 -0.004599953070282936 -0.016200000420212746 -0.004104615189135075 0.0032733213156461716 -0.016200000420212746 -0.010035642422735691 0.011535575613379478 -0.016200000420212746 -0.0022778892889618874 0.004730088636279106 -0.016200000420212746 -0.00650011096149683 0.013000046834349632 -0.016200000420212746 0.0014998866245150566 0.013000046834349632 -0.016200000420212746 -0.0022778892889618874 -0.004730084910988808 -0.016200000420212746 -0.010035642422735691 -0.01153545267879963 -0.016200000420212746 -0.004104615189135075 -0.00327332504093647 -0.016200000420212746 -0.011119511909782887 -0.009913356974720955 -0.016200000420212746 -0.005118370987474918 -0.0011682378826662898 -0.016200000420212746 -0.011500113643705845 -0.007999951019883156 -0.016200000420212746 -0.005118370987474918 0.001168234390206635 -0.016200000420212746 -0.011500113643705845 0.008000044152140617 -0.016200000420212746 -0.011119511909782887 0.00991344265639782 -0.016200000420212746 0.005857097916305065 0.012734008952975273 -0.016200000420212746 0.006499885581433773 0.012500045821070671 -0.016200000420212746 0.011703225784003735 0.00899454765021801 -0.016200000420212746 0.011703225784003735 -0.008994454517960548 -0.016200000420212746 0.006157866679131985 -0.012560257688164711 -0.016200000420212746 0.0014998866245150566 -0.01299995370209217 -0.016200000420212746 -0.00650011096149683 -0.01299995370209217 -0.016200000420212746 0.015994546934962273 -0.008994454517960548 -0.016200000420212746 0.025399884209036827 -0.009399952366948128 -0.016200000420212746 0.018999887630343437 -0.011999951675534248 -0.016200000420212746 0.017999885603785515 -0.011999951675534248 -0.016200000420212746 0.02215786837041378 -0.012560257688164711 -0.016200000420212746 0.014841905795037746 -0.012560257688164711 -0.016200000420212746 0.021633857861161232 -0.01299995370209217 -0.016200000420212746 0.025466879829764366 -0.009649956598877907 -0.016200000420212746 0.01415786799043417 -0.012560257688164711 -0.016200000420212746 0.022841906175017357 -0.012560257688164711 -0.016200000420212746 0.025649888440966606 -0.00983295775949955 -0.016200000420212746 0.0056338561698794365 -0.01299995370209217 -0.016200000420212746 0.0259998869150877 -0.011999951675534248 -0.016200000420212746 0.005515079014003277 -0.013673553243279457 -0.016200000420212746 -0.008413531817495823 -0.01261935569345951 -0.016200000420212746 -0.011500113643705845 0.008000044152140617 0.015799999237060547 0.03199988603591919 -0.008865954354405403 0.018799999728798866 0.03199988603591919 -0.008865954354405403 0.015799999237060547 0.031841911375522614 -0.008939655497670174 0.015799999237060547 0.031841911375522614 -0.008939655497670174 0.018799999728798866 0.03167353570461273 -0.008984753862023354 0.015799999237060547 0.03149988502264023 -0.008999953046441078 0.015799999237060547 0.03167353570461273 -0.008984753862023354 0.018799999728798866 0.00684190820902586 -0.012560257688164711 0.015799999237060547 0.009695756249129772 -0.008865954354405403 0.015799999237060547 0.006157866679131985 -0.012560257688164711 0.015799999237060547 0.009329739026725292 -0.008499952033162117 0.015799999237060547 0.009695756249129772 0.008866047486662865 0.015799999237060547 0.006499885581433773 0.012500045821070671 0.015799999237060547 0.009329739026725292 0.008500045165419579 0.015799999237060547 0.005857097916305065 0.012734008952975273 0.015799999237060547 0.0014998866245150566 0.013000046834349632 0.015799999237060547 0.010651699267327785 -0.004334369674324989 0.015799999237060547 0.0056338561698794365 -0.01299995370209217 0.015799999237060547 0.0014998866245150566 -0.01299995370209217 0.015799999237060547 -0.00650011096149683 -0.01299995370209217 0.015799999237060547 -0.0033221328631043434 -0.01022382266819477 0.015799999237060547 -0.008413531817495823 -0.01261935569345951 0.015799999237060547 -0.00631889421492815 -0.008696900680661201 0.015799999237060547 -0.010035642422735691 -0.01153545267879963 0.015799999237060547 -0.0033221328631043434 0.010223885998129845 0.015799999237060547 -0.00650011096149683 0.013000046834349632 0.015799999237060547 -0.00631889421492815 0.008696964010596275 0.015799999237060547 -0.008413531817495823 0.012619448825716972 0.015799999237060547 0.010651699267327785 0.004334433004260063 0.015799999237060547 0.011404517106711864 0.0014773366274312139 0.015799999237060547 0.011404517106711864 -0.0014772730646654963 0.015799999237060547 -0.00869713444262743 0.0063187237828969955 0.015799999237060547 -0.011119511909782887 0.00991344265639782 0.015799999237060547 -0.010035642422735691 0.011535575613379478 0.015799999237060547 -0.011119511909782887 -0.009913356974720955 0.015799999237060547 -0.00869713444262743 -0.006318660452961922 0.015799999237060547 -0.011500113643705845 -0.007999951019883156 0.015799999237060547 -0.010224058292806149 -0.0033219028264284134 0.015799999237060547 -0.010750201530754566 3.5504694295696027E-08 0.015799999237060547 -0.010224058292806149 0.0033219661563634872 0.015799999237060547 0.009695756249129772 0.008866047486662865 0.018799999728798866 0.009329739026725292 0.008500045165419579 0.018799999728798866 0.010195757262408733 0.00900004617869854 0.015799999237060547 0.030157869681715965 -0.012560257688164711 0.015799999237060547 0.0259998869150877 -0.011999951675534248 0.015799999237060547 0.018999887630343437 -0.011999951675534248 0.015799999237060547 0.022841906175017357 -0.012560257688164711 0.015799999237060547 0.010195757262408733 -0.008999953046441078 0.015799999237060547 0.023365912958979607 -0.01299995370209217 0.015799999237060547 0.02215786837041378 -0.012560257688164711 0.015799999237060547 0.023484697565436363 -0.013673553243279457 0.015799999237060547 0.021633857861161232 -0.01299995370209217 0.015799999237060547 0.0259998869150877 -0.014999957755208015 0.015799999237060547 0.021515076979994774 -0.013673553243279457 0.015799999237060547 0.023142678663134575 -0.014265956357121468 0.015799999237060547 0.018999887630343437 -0.014999957755208015 0.015799999237060547 0.025865918025374413 -0.01549995131790638 0.015799999237060547 0.021857095882296562 -0.014265956357121468 0.015799999237060547 0.024999884888529778 -0.015999959781765938 0.015799999237060547 0.019133856520056725 -0.01549995131790638 0.015799999237060547 0.02249988727271557 -0.014499949291348457 0.015799999237060547 0.02549988590180874 -0.015865953639149666 0.015799999237060547 0.01999988593161106 -0.015999959781765938 0.015799999237060547 0.024999884888529778 -0.015999959781765938 0.011299999430775642 0.0194998849183321 -0.015865953639149666 0.015799999237060547 0.029857097193598747 -0.014265956357121468 0.015799999237060547 0.027999883517622948 -0.015999959781765938 0.015799999237060547 0.03299988806247711 -0.015999959781765938 0.015799999237060547 0.03299988806247711 -0.015999959781765938 0.011299999430775642 0.029857097193598747 -0.014265956357121468 0.011299999430775642 0.03386592119932175 -0.01549995131790638 0.015799999237060547 0.03349988907575607 -0.015865953639149666 0.015799999237060547 0.03349988907575607 -0.015865953639149666 0.011299999430775642 0.060365885496139526 -0.01299995370209217 -0.011500000022351742 0.06048468500375748 -0.013673553243279457 -0.011500000022351742 0.06014268845319748 -0.014265956357121468 -0.011500000022351742 0.06014268845319748 -0.012733953073620796 -0.01600000075995922 0.06014268845319748 -0.012733953073620796 -0.005333330016583204 0.060365885496139526 -0.01299995370209217 0.011500000022351742 0.059499889612197876 -0.01249995268881321 -0.005333330016583204 0.06014268845319748 -0.012733953073620796 0.00533332908526063 0.05885709822177887 -0.012733953073620796 -0.01600000075995922 0.05634428560733795 -0.00441165454685688 -0.01889348216354847 0.05652356892824173 -0.004530051723122597 -0.01875614933669567 0.05652356892824173 -0.004343854263424873 -0.01856989972293377 0.05634428560733795 -0.004206450656056404 -0.018688252195715904 0.05659988522529602 -0.004599953070282936 -0.01850000210106373 0.05634988844394684 -0.004166955128312111 -0.01850000210106373 0.05653289705514908 -0.004349956288933754 -0.01850000210106373 0.05653289705514908 -0.004349956288933754 -0.01600000075995922 0.05634988844394684 -0.004166955128312111 -0.01600000075995922 0.05659988522529602 -0.004599953070282936 -0.01600000075995922 0.06600518524646759 -0.008994454517960548 -0.01600000075995922 0.03517176955938339 0.009250743314623833 -0.016200000420212746 0.03549988567829132 0.008866047486662865 -0.016200000420212746 0.03458017110824585 0.008484145626425743 -0.016200000420212746 0.03506019711494446 0.008342048153281212 -0.016200000420212746 0.03458017110824585 0.007515942677855492 -0.016200000420212746 0.03506019711494446 0.00765804760158062 -0.016200000420212746 0.03517176955938339 0.006749344989657402 -0.016200000420212746 0.03610844910144806 0.006503945216536522 -0.016200000420212746 0.03501507639884949 0.007826445624232292 -0.005533329676836729 0.036173537373542786 0.0070152487605810165 -0.016200000420212746 0.0367659255862236 0.007357245311141014 -0.016200000420212746 0.027999883517622948 -0.015999959781765938 0.011299999430775642 0.02951507829129696 -0.013673553243279457 0.011299999430775642 0.027499889954924583 -0.015865953639149666 0.011299999430775642 0.02951507829129696 -0.013673553243279457 0.015799999237060547 0.026999888941645622 -0.014999957755208015 0.011299999430775642 0.02713385783135891 -0.01549995131790638 0.011299999430775642 0.02963385544717312 -0.01299995370209217 0.015799999237060547 0.026999888941645622 -0.014999957755208015 0.015799999237060547 0.02713385783135891 -0.01549995131790638 0.015799999237060547 0.027499889954924583 -0.015865953639149666 0.015799999237060547 0.04984544962644577 0.009644543752074242 -0.01890786923468113 0.04964952915906906 0.009660443291068077 -0.018743770197033882 0.04999988526105881 0.009650042280554771 -0.01893301121890545 0.049782894551754 0.009834049269557 -0.018620742484927177 0.04995981603860855 0.009819647297263145 -0.018768930807709694 0.056099891662597656 0.009650042280554771 -0.01893301121890545 0.04999988526105881 0.009833043441176414 -0.01875000260770321 0.056099891662597656 0.009833043441176414 -0.01875000260770321 0.056099891662597656 0.00990004651248455 -0.01850000210106373 0.05634428560733795 0.009588344022631645 -0.01889348216354847 0.05652356892824173 0.009469946846365929 -0.01875614933669567 0.05652356892824173 0.009656144306063652 -0.01856989972293377 0.05653289705514908 0.00940004549920559 -0.01875000260770321 0.05634428560733795 0.009793547913432121 -0.018688252195715904 0.05659988522529602 0.00940004549920559 -0.01850000210106373 0.05634988844394684 0.009833043441176414 -0.01850000210106373 0.05653289705514908 0.009650042280554771 -0.01850000210106373 0.05653289705514908 0.009650042280554771 -0.01600000075995922 0.05634988844394684 0.009833043441176414 -0.01600000075995922 0.05659988522529602 0.00940004549920559 -0.01600000075995922 0.06650518625974655 -0.0006999539909884334 -0.015499998815357685 0.06650518625974655 -0.008994454517960548 -0.015499998815357685 0.06600518524646759 -0.0006999539909884334 -0.01600000075995922 0.06650518625974655 -0.008994454517960548 -0.012999999336898327 0.07029658555984497 -0.0006999539909884334 -0.01600000075995922 0.06979658454656601 -0.008994454517960548 -0.015499998815357685 0.06979658454656601 -0.008994454517960548 -0.012999999336898327 0.06650518625974655 -0.0006999539909884334 -0.012999999336898327 0.06600518524646759 0.0007000473560765386 -0.01600000075995922 0.0539998859167099 0.016000045463442802 0.011500000022351742 0.05499988794326782 0.013000046834349632 -0.011500000022351742 0.05499988794326782 0.01500004343688488 -0.011500000022351742 0.052484698593616486 0.013673698529601097 -0.01600000075995922 0.05499988794326782 0.01500004343688488 -0.01600000075995922 0.05449988692998886 0.015866076573729515 -0.011500000022351742 0.054865919053554535 0.015500044450163841 -0.011500000022351742 0.06650518625974655 0.00899454765021801 -0.015499998815357685 0.06650518625974655 0.0007000473560765386 -0.015499998815357685 0.06600518524646759 0.00899454765021801 -0.01600000075995922 0.06650518625974655 0.0007000473560765386 -0.012999999336898327 0.07029658555984497 0.00899454765021801 -0.01600000075995922 0.06979658454656601 0.0007000473560765386 -0.015499998815357685 0.06979658454656601 0.0007000473560765386 -0.012999999336898327 0.06650518625974655 0.00899454765021801 -0.012999999336898327 0.06784188747406006 0.01256035827100277 -0.01600000075995922 0.06299988925457001 0.01200004480779171 -0.01600000075995922 0.060365885496139526 0.013000046834349632 -0.01600000075995922 0.06048468500375748 0.013673698529601097 -0.01600000075995922 0.03136591613292694 0.013000046834349632 0.011299999430775642 0.03599988669157028 0.013500047847628593 0.011299999430775642 0.0314847007393837 0.013673698529601097 0.011299999430775642 0.033999890089035034 0.01500004343688488 0.011299999430775642 0.03299988806247711 0.016000045463442802 0.011299999430775642 0.03349988907575607 0.015866076573729515 0.011299999430775642 0.03114267997443676 0.014266086742281914 0.011299999430775642 0.03386592119932175 0.015500044450163841 0.011299999430775642 0.030499888584017754 0.014500042423605919 0.011299999430775642 0.027999883517622948 0.016000045463442802 0.011299999430775642 0.03299988806247711 0.016000045463442802 0.015799999237060547 0.029857097193598747 0.014266086742281914 0.011299999430775642 0.02951507829129696 0.013673698529601097 0.011299999430775642 0.03599988669157028 0.013500047847628593 -0.011699999682605267 0.03549988567829132 0.013000046834349632 -0.011699999682605267 0.033999890089035034 0.013500047847628593 -0.011699999682605267 0.033999890089035034 0.013500047847628593 -0.016200000420212746 0.03136591613292694 0.013000046834349632 -0.011699999682605267 0.0314847007393837 0.013673698529601097 -0.011699999682605267 0.03114267997443676 0.012734008952975273 0.005133329425007105 0.0314847007393837 0.01332639716565609 -0.016200000420212746 0.033999890089035034 0.01500004343688488 -0.011699999682605267 0.03114267997443676 0.012734008952975273 -0.005533329676836729 0.03136591613292694 0.014000048860907555 -0.016200000420212746 0.03299988806247711 0.016000045463442802 -0.011699999682605267 0.035133861005306244 0.008500045165419579 -0.005533329676836729 0.03349988907575607 0.015866076573729515 -0.011699999682605267 0.03386592119932175 0.015500044450163841 -0.011699999682605267 0.06424988806247711 -0.015932949259877205 0.011500000022351742 0.06406688690185547 -0.015749948099255562 0.011500000022351742 0.07485708594322205 -0.014265956357121468 -0.011500000022351742 0.07199988514184952 -0.01549995131790638 -0.011500000022351742 0.07549988478422165 -0.014499949291348457 -0.011500000022351742 0.07249988615512848 -0.015999959781765938 -0.011500000022351742 0.07451508939266205 -0.013673553243279457 -0.011500000022351742 0.07849989086389542 -0.015999959781765938 -0.011500000022351742 0.07206688821315765 -0.015749948099255562 -0.011500000022351742 0.07849989086389542 -0.015999959781765938 -0.01600000075995922 0.07199988514184952 -0.01549995131790638 -0.01600000075995922 0.0722498893737793 -0.015932949259877205 -0.011500000022351742 0.07463388890028 -0.01299995370209217 -0.011500000022351742 0.07249988615512848 -0.015999959781765938 -0.01600000075995922 0.07206688821315765 -0.015749948099255562 -0.01600000075995922 0.0722498893737793 -0.015932949259877205 -0.01600000075995922 0.07584188878536224 -0.01443965919315815 -0.01600000075995922 0.07451508939266205 -0.013326356187462807 -0.01600000075995922 0.07515788823366165 -0.01443965919315815 -0.01600000075995922 0.07485708594322205 -0.012733953073620796 -0.01600000075995922 0.07463388890028 -0.013999955728650093 -0.01600000075995922 0.0763658881187439 -0.01299995370209217 0.011500000022351742 0.08049988746643066 -0.01299995370209217 0.011500000022351742 0.08049988746643066 -0.013999955728650093 0.011500000022351742 0.08049988746643066 -0.01299995370209217 -0.011500000022351742 0.0763658881187439 -0.01299995370209217 -0.011500000022351742 0.08043289184570312 -0.014249952509999275 0.011500000022351742 0.07614269107580185 -0.012733953073620796 -0.005333330016583204 0.07614269107580185 -0.012733953073620796 0.00533332908526063 0.07549988478422165 -0.01249995268881321 -0.005333330016583204 0.07549988478422165 -0.01249995268881321 -0.01600000075995922 0.07614269107580185 -0.014265956357121468 -0.011500000022351742 0.0763658881187439 -0.013999955728650093 -0.01600000075995922 0.07899988442659378 -0.014499949291348457 -0.01600000075995922 0.06979658454656601 -0.0006999539909884334 -0.015499998815357685 0.06979658454656601 -0.0006999539909884334 -0.012999999336898327 0.06274988502264023 -0.015932949259877205 -0.011500000022351742 0.05699988454580307 -0.015999959781765938 -0.01600000075995922 0.056499890983104706 -0.015865953639149666 -0.01600000075995922 0.05613385885953903 -0.01549995131790638 -0.01600000075995922 0.05699988454580307 -0.015999959781765938 0.011500000022351742 0.06293288618326187 -0.015749948099255562 0.011500000022351742 0.06274988502264023 -0.015932949259877205 0.011500000022351742 0.059499889612197876 -0.01249995268881321 0.00533332908526063 0.07614269107580185 -0.014265956357121468 0.011500000022351742 0.07899988442659378 -0.014499949291348457 0.011500000022351742 0.07899988442659378 -0.01549995131790638 0.011500000022351742 0.07893288880586624 -0.015749948099255562 0.011500000022351742 0.0787498876452446 -0.015932949259877205 0.011500000022351742 0.0722498893737793 -0.015932949259877205 0.011500000022351742 0.07206688821315765 -0.015749948099255562 0.011500000022351742 0.05851507931947708 -0.013673553243279457 0.011500000022351742 0.055999889969825745 -0.01299995370209217 0.011500000022351742 0.055999889969825745 -0.014999957755208015 0.011500000022351742 0.05885709822177887 -0.014265956357121468 0.011500000022351742 0.056499890983104706 -0.015865953639149666 0.011500000022351742 0.05613385885953903 -0.01549995131790638 0.011500000022351742 0.05613385885953903 0.015500044450163841 -0.01600000075995922 0.056499890983104706 0.015866076573729515 -0.01600000075995922 0.05699988454580307 0.016000045463442802 -0.01600000075995922 0.056499890983104706 0.015866076573729515 -0.011500000022351742 0.059499889612197876 0.014500042423605919 -0.01600000075995922 0.061999887228012085 0.016000045463442802 -0.01600000075995922 0.05699988454580307 0.016000045463442802 -0.011500000022351742 0.06014268845319748 0.014266086742281914 -0.01600000075995922 0.061999887228012085 0.016000045463442802 -0.011500000022351742 0.06286589056253433 0.015500044450163841 -0.01600000075995922 0.062499888241291046 0.015866076573729515 -0.01600000075995922 0.06299988925457001 0.01500004343688488 -0.01600000075995922 0.062499888241291046 0.015866076573729515 -0.011500000022351742 0.06286589056253433 0.015500044450163841 -0.011500000022351742 0.06299988925457001 0.01500004343688488 -0.011500000022351742 0.06014268845319748 0.014266086742281914 -0.011500000022351742 0.06048468500375748 0.013673698529601097 -0.011500000022351742 0.060365885496139526 0.013000046834349632 -0.011500000022351742 0.059841886162757874 0.01256035827100277 -0.005333330016583204 0.07799988985061646 0.016000045463442802 0.01599999889731407 0.07549988478422165 0.014500042423605919 0.01599999889731407 0.07299988716840744 0.016000045463442802 0.01599999889731407 0.07549988478422165 0.014500042423605919 0.011500000022351742 0.07485708594322205 0.014266086742281914 0.01599999889731407 0.07299988716840744 0.016000045463442802 0.011500000022351742 0.07485708594322205 0.014266086742281914 0.011500000022351742 0.07614269107580185 0.014266086742281914 0.011500000022351742 0.07213389128446579 0.015500044450163841 0.01599999889731407 0.07249988615512848 0.015866076573729515 0.01599999889731407 0.07451508939266205 0.013673698529601097 0.011500000022351742 0.07249988615512848 0.015866076573729515 0.011500000022351742 0.07648468762636185 0.013673698529601097 0.011500000022351742 0.0763658881187439 0.013000046834349632 0.011500000022351742 0.07584188878536224 0.01256035827100277 0.00533332908526063 0.07515788823366165 0.01256035827100277 0.00533332908526063 0.08049988746643066 0.013000046834349632 0.011500000022351742 0.08036588877439499 0.014000048860907555 0.011500000022351742 0.07899988442659378 0.014500042423605919 0.011500000022351742 0.0799998864531517 0.014366073533892632 0.011500000022351742 0.07949988543987274 0.014500042423605919 0.011500000022351742 0.0788658857345581 0.015500044450163841 0.011500000022351742 0.07799988985061646 0.016000045463442802 0.011500000022351742 0.07849989086389542 0.015866076573729515 0.011500000022351742 0.07849989086389542 0.015866076573729515 0.01599999889731407 0.08849988132715225 0.013000046834349632 -0.01600000075995922 0.08049988746643066 0.013000046834349632 -0.011500000022351742 0.08049988746643066 0.013000046834349632 -0.01600000075995922 0.09041329473257065 0.012619448825716972 -0.01600000075995922 0.0763658881187439 0.013000046834349632 -0.011500000022351742 0.09203539043664932 0.011535575613379478 -0.01600000075995922 0.09311928600072861 0.00991344265639782 -0.01600000075995922 0.07584188878536224 0.01256035827100277 -0.005333330016583204 0.09349989145994186 0.008000044152140617 -0.01600000075995922 0.07584188878536224 0.01256035827100277 -0.01600000075995922 0.07515788823366165 0.01256035827100277 -0.005333330016583204 0.07199988514184952 0.01500004343688488 0.011500000022351742 0.07213389128446579 0.015500044450163841 0.011500000022351742 0.07199988514184952 0.013000046834349632 0.011500000022351742 0.07463388890028 0.013000046834349632 0.011500000022351742 0.07463388890028 0.013000046834349632 -0.011500000022351742 0.07515788823366165 0.01256035827100277 -0.01600000075995922 0.07463388890028 0.013000046834349632 -0.01600000075995922 0.07199988514184952 0.01200004480779171 -0.01600000075995922 0.07451508939266205 0.013673698529601097 -0.011500000022351742 0.07199988514184952 0.013000046834349632 -0.011500000022351742 0.07199988514184952 0.01500004343688488 -0.011500000022351742 0.07199988514184952 0.01500004343688488 -0.01600000075995922 0.07485708594322205 0.014266086742281914 -0.011500000022351742 0.07451508939266205 0.013673698529601097 -0.01600000075995922 0.07549988478422165 0.014500042423605919 -0.011500000022351742 0.07213389128446579 0.015500044450163841 -0.011500000022351742 0.07485708594322205 0.014266086742281914 -0.01600000075995922 0.07099989056587219 0.01200004480779171 -0.01600000075995922 0.06836588680744171 0.013000046834349632 0.011500000022351742 0.06848468631505966 0.013673698529601097 0.011500000022351742 0.07099989056587219 0.013000046834349632 0.011500000022351742 0.07099989056587219 0.01500004343688488 0.011500000022351742 0.07099989056587219 0.013000046834349632 -0.011500000022351742 0.06814268976449966 0.014266086742281914 0.011500000022351742 0.06749989092350006 0.014500042423605919 0.011500000022351742 0.06784188747406006 0.01256035827100277 0.00533332908526063 0.07086588442325592 0.015500044450163841 0.011500000022351742 0.06715788692235947 0.01256035827100277 0.00533332908526063 0.07049988955259323 0.015866076573729515 0.011500000022351742 0.06663388758897781 0.013000046834349632 0.011500000022351742 0.06715788692235947 0.01256035827100277 -0.005333330016583204 0.06999988853931427 0.016000045463442802 0.011500000022351742 0.06663388758897781 0.013000046834349632 -0.011500000022351742 0.06715788692235947 0.01256035827100277 -0.01600000075995922 0.06663388758897781 0.013000046834349632 -0.01600000075995922 0.06651508808135986 0.013673698529601097 -0.011500000022351742 0.06399989128112793 0.013000046834349632 -0.011500000022351742 0.06399989128112793 0.01500004343688488 -0.011500000022351742 0.06399989128112793 0.013000046834349632 0.011500000022351742 0.06399989128112793 0.01500004343688488 -0.01600000075995922 0.06685708463191986 0.014266086742281914 -0.011500000022351742 0.06651508808135986 0.013673698529601097 -0.01600000075995922 0.06399989128112793 0.01200004480779171 -0.01600000075995922 0.06749989092350006 0.014500042423605919 -0.011500000022351742 0.0641338899731636 0.015500044450163841 -0.011500000022351742 0.06685708463191986 0.014266086742281914 -0.01600000075995922 0.06399989128112793 0.01500004343688488 0.011500000022351742 0.06685708463191986 0.014266086742281914 0.011500000022351742 0.0641338899731636 0.015500044450163841 0.011500000022351742 0.06651508808135986 0.013673698529601097 0.011500000022351742 0.0644998848438263 0.015866076573729515 0.011500000022351742 0.08049988746643066 -0.01299995370209217 -0.01600000075995922 0.08849988132715225 -0.01299995370209217 -0.01600000075995922 0.08049988746643066 -0.013999955728650093 -0.011500000022351742 0.08049988746643066 -0.013999955728650093 -0.01600000075995922 0.07614269107580185 -0.012733953073620796 -0.01600000075995922 0.08043289184570312 -0.014249952509999275 -0.01600000075995922 0.07648468762636185 -0.013326356187462807 -0.01600000075995922 0.0799998864531517 -0.014499949291348457 -0.01600000075995922 0.08043289184570312 -0.014249952509999275 -0.011500000022351742 0.08024989068508148 -0.014432953670620918 -0.01600000075995922 0.08024989068508148 -0.014432953670620918 -0.011500000022351742 0.08024989068508148 -0.014432953670620918 0.011500000022351742 0.032439008355140686 0.009639149531722069 -0.016200000420212746 0.03519988805055618 0.01240004412829876 -0.016200000420212746 0.032439008355140686 0.009639149531722069 -0.018700001761317253 0.03232760727405548 0.009777648374438286 -0.016200000420212746 0.03232760727405548 0.009777648374438286 -0.018700001761317253 0.03599988669157028 0.013500047847628593 -0.016200000420212746 0.03217479586601257 0.009868448600172997 -0.018700001761317253 0.03217479586601257 0.009868448600172997 -0.016200000420212746 0.029857097193598747 0.012734008952975273 0.015799999237060547 0.026999888941645622 0.01200004480779171 0.015799999237060547 0.030499888584017754 0.012500045821070671 0.015799999237060547 0.03149988502264023 0.00900004617869854 0.015799999237060547 0.02951507829129696 0.01332639716565609 0.015799999237060547 0.030499888584017754 0.012500045821070671 0.005133329425007105 0.026999888941645622 0.01500004343688488 0.015799999237060547 0.03167353570461273 0.008984846994280815 0.015799999237060547 0.02963385544717312 0.014000048860907555 0.015799999237060547 0.030157869681715965 0.014439737424254417 0.015799999237060547 0.03136591613292694 0.014000048860907555 0.015799999237060547 0.033999890089035034 0.01500004343688488 0.015799999237060547 0.030841907486319542 0.014439737424254417 0.015799999237060547 0.03386592119932175 0.015500044450163841 0.015799999237060547 0.0314847007393837 0.01332639716565609 0.015799999237060547 0.03349988907575607 0.015866076573729515 0.015799999237060547 0.025649888440966606 -0.009399952366948128 -0.019133010879158974 0.02589988522231579 -0.009399952366948128 -0.019200002774596214 0.025655483826994896 -0.009588250890374184 -0.019093481823801994 0.02589988522231579 -0.009649956598877907 -0.019133010879158974 0.025476207956671715 -0.009469853714108467 -0.018956152722239494 0.02589988522231579 -0.00983295775949955 -0.018950002267956734 0.025476207956671715 -0.00965605117380619 -0.018769899383187294 0.025466879829764366 -0.009399952366948128 -0.018950002267956734 0.025655483826994896 -0.00979345478117466 -0.01888825185596943 0.025399884209036827 -0.009399952366948128 -0.018700001761317253 0.025466879829764366 -0.004599953070282936 -0.018950002267956734 0.025649888440966606 -0.00983295775949955 -0.018700001761317253 0.025466879829764366 -0.009649956598877907 -0.018700001761317253 0.025399884209036827 -0.004599953070282936 -0.018700001761317253 0.03236446529626846 0.00956464372575283 -0.01899999938905239 0.03240516781806946 0.009605346247553825 -0.018908841535449028 0.032430440187454224 0.009630544111132622 -0.018807129934430122 0.032267309725284576 0.009577644988894463 -0.019083352759480476 0.032289668917655945 0.00940004549920559 -0.019107459113001823 0.03215198963880539 0.00940004549920559 -0.0191763024777174 0.03199988603591919 0.009650042280554771 -0.019133010879158974 0.03199988603591919 0.009833043441176414 -0.018950002267956734 0.025649888440966606 0.004600046202540398 -0.019133010879158974 0.02589988522231579 0.004600046202540398 -0.019200002774596214 0.025655483826994896 0.004411747679114342 -0.019093481823801994 0.02589988522231579 0.0043500494211912155 -0.019133010879158974 0.025476207956671715 0.004530144855380058 -0.018956152722239494 0.02589988522231579 0.0041670482605695724 -0.018950002267956734 0.025476207956671715 0.004343947395682335 -0.018769899383187294 0.025466879829764366 0.004600046202540398 -0.018950002267956734 0.025655483826994896 0.004206543788313866 -0.01888825185596943 0.025399884209036827 0.004600046202540398 -0.018700001761317253 0.025649888440966606 0.0041670482605695724 -0.018700001761317253 0.025466879829764366 0.0043500494211912155 -0.018700001761317253 0.025399884209036827 0.00940004549920559 -0.018700001761317253 0.02589988522231579 -0.004349956288933754 -0.019133010879158974 0.025655483826994896 -0.00441165454685688 -0.019093481823801994 0.025649888440966606 -0.004599953070282936 -0.019133010879158974 0.025655483826994896 -0.004206450656056404 -0.01888825185596943 0.025476207956671715 -0.004530051723122597 -0.018956152722239494 0.02589988522231579 -0.004166955128312111 -0.018950002267956734 0.025476207956671715 -0.004343854263424873 -0.018769899383187294 0.025649888440966606 -0.004166955128312111 -0.018700001761317253 0.025466879829764366 -0.004349956288933754 -0.018700001761317253 0.03199988603591919 0.00990004651248455 -0.018700001761317253 0.032267309725284576 0.009783348068594933 -0.01887757144868374 0.03199988603591919 0.00990004651248455 -0.016200000420212746 0.02589988522231579 0.009833043441176414 -0.018950002267956734 0.02589988522231579 0.009650042280554771 -0.019133010879158974 0.02589988522231579 0.00940004549920559 -0.019200002774596214 0.023365912958979607 -0.01299995370209217 -0.011699999682605267 0.023484697565436363 -0.013673553243279457 -0.011699999682605267 0.0259998869150877 -0.01299995370209217 -0.011699999682605267 0.0259998869150877 -0.014999957755208015 -0.011699999682605267 0.023365912958979607 -0.01299995370209217 -0.016200000420212746 0.0259998869150877 -0.01299995370209217 0.011299999430775642 0.0259998869150877 -0.014999957755208015 -0.016200000420212746 0.023142678663134575 -0.014265956357121468 -0.011699999682605267 0.023484697565436363 -0.013673553243279457 -0.016200000420212746 0.02249988727271557 -0.014499949291348457 -0.011699999682605267 0.025865918025374413 -0.01549995131790638 -0.011699999682605267 0.023142678663134575 -0.014265956357121468 -0.016200000420212746 0.0259998869150877 -0.014999957755208015 0.011299999430775642 0.025865918025374413 -0.01549995131790638 -0.016200000420212746 0.02549988590180874 -0.015865953639149666 -0.016200000420212746 0.02549988590180874 -0.015865953639149666 -0.011699999682605267 0.024999884888529778 -0.015999959781765938 -0.016200000420212746 0.024999884888529778 -0.015999959781765938 -0.011699999682605267 0.025399884209036827 0.004600046202540398 -0.016200000420212746 0.015994546934962273 0.00899454765021801 -0.016200000420212746 0.025399884209036827 0.00940004549920559 -0.016200000420212746 0.018999887630343437 0.01200004480779171 -0.016200000420212746 0.02249988727271557 0.012500045821070671 -0.016200000420212746 0.025466879829764366 0.0043500494211912155 -0.016200000420212746 0.015494546853005886 0.0007000473560765386 -0.015699999406933784 0.015494546853005886 0.00899454765021801 -0.015699999406933784 0.015494546853005886 0.00899454765021801 -0.013200000859797001 0.012203226797282696 0.00899454765021801 -0.015699999406933784 0.012203226797282696 0.00899454765021801 -0.013200000859797001 0.015494546853005886 0.0007000473560765386 -0.013200000859797001 0.012203226797282696 -0.0006999539909884334 -0.015699999406933784 0.012203226797282696 -0.008994454517960548 -0.015699999406933784 0.012203226797282696 -0.008994454517960548 -0.013200000859797001 0.015494546853005886 -0.008994454517960548 -0.015699999406933784 0.015494546853005886 -0.008994454517960548 -0.013200000859797001 0.012203226797282696 -0.0006999539909884334 -0.013200000859797001 -0.008413531817495823 0.012619448825716972 -0.016200000420212746 0.0014998866245150566 0.013000046834349632 -0.011699999682605267 0.0014998866245150566 0.013000046834349632 0.011299999430775642 0.015494546853005886 -0.0006999539909884334 -0.015699999406933784 0.015494546853005886 -0.0006999539909884334 -0.013200000859797001 0.015365916304290295 -0.01299995370209217 -0.011699999682605267 0.015484697185456753 -0.013673553243279457 -0.011699999682605267 0.017999885603785515 -0.01299995370209217 -0.011699999682605267 0.017999885603785515 -0.014999957755208015 -0.011699999682605267 0.015365916304290295 -0.01299995370209217 -0.016200000420212746 0.017999885603785515 -0.01299995370209217 0.011299999430775642 0.017999885603785515 -0.014999957755208015 -0.016200000420212746 0.015142678283154964 -0.014265956357121468 -0.011699999682605267 0.015484697185456753 -0.013673553243279457 -0.016200000420212746 0.017999885603785515 -0.011999951675534248 0.015799999237060547 0.014499886892735958 -0.014499949291348457 -0.011699999682605267 0.017999885603785515 -0.014999957755208015 0.015799999237060547 0.017865916714072227 -0.01549995131790638 -0.011699999682605267 0.015142678283154964 -0.014265956357121468 -0.016200000420212746 0.017999885603785515 -0.014999957755208015 0.011299999430775642 0.017865916714072227 -0.01549995131790638 -0.016200000420212746 0.017499884590506554 -0.015865953639149666 -0.016200000420212746 0.017499884590506554 -0.015865953639149666 -0.011699999682605267 0.01699988730251789 -0.015999959781765938 -0.016200000420212746 0.01699988730251789 -0.015999959781765938 -0.011699999682605267 0.014499886892735958 -0.014499949291348457 -0.016200000420212746 0.01199988555163145 -0.015999959781765938 -0.016200000420212746 0.013857095502316952 -0.014265956357121468 -0.016200000420212746 0.013857095502316952 -0.014265956357121468 -0.011699999682605267 0.011133856140077114 -0.01549995131790638 -0.016200000420212746 0.010999887250363827 -0.014999957755208015 -0.016200000420212746 0.011499888263642788 -0.015865953639149666 -0.016200000420212746 0.013515076600015163 -0.013673553243279457 -0.016200000420212746 0.013515076600015163 -0.013673553243279457 -0.011699999682605267 0.010999887250363827 -0.011999951675534248 -0.016200000420212746 0.013633857481181622 -0.01299995370209217 -0.016200000420212746 0.013633857481181622 -0.01299995370209217 -0.011699999682605267 0.01415786799043417 -0.012560257688164711 -0.005533329676836729 0.009999888949096203 -0.011999951675534248 -0.016200000420212746 0.00684190820902586 -0.012560257688164711 -0.016200000420212746 0.02249988727271557 -0.014499949291348457 -0.016200000420212746 0.01999988593161106 -0.015999959781765938 -0.016200000420212746 0.021857095882296562 -0.014265956357121468 -0.016200000420212746 0.021857095882296562 -0.014265956357121468 -0.011699999682605267 0.019133856520056725 -0.01549995131790638 -0.016200000420212746 0.021515076979994774 -0.013673553243279457 -0.011699999682605267 0.018999887630343437 -0.014999957755208015 -0.016200000420212746 0.0194998849183321 -0.015865953639149666 -0.016200000420212746 0.021515076979994774 -0.013673553243279457 -0.016200000420212746 0.019133856520056725 -0.01549995131790638 -0.011699999682605267 0.0194998849183321 -0.015865953639149666 -0.011699999682605267 0.021633857861161232 -0.01299995370209217 -0.011699999682605267 0.02215786837041378 -0.012560257688164711 -0.005533329676836729 0.013633857481181622 -0.01299995370209217 0.011299999430775642 0.013515076600015163 -0.013673553243279457 0.011299999430775642 0.010999887250363827 -0.01299995370209217 0.011299999430775642 0.010999887250363827 -0.014999957755208015 0.011299999430775642 0.013633857481181622 -0.01299995370209217 0.015799999237060547 0.010999887250363827 -0.01299995370209217 -0.011699999682605267 0.010999887250363827 -0.014999957755208015 0.015799999237060547 0.013857095502316952 -0.014265956357121468 0.011299999430775642 0.01415786799043417 -0.012560257688164711 0.015799999237060547 0.013515076600015163 -0.013673553243279457 0.015799999237060547 0.010999887250363827 -0.011999951675534248 0.015799999237060547 0.011133856140077114 -0.01549995131790638 0.015799999237060547 0.014499886892735958 -0.014499949291348457 0.011299999430775642 0.01415786799043417 -0.012560257688164711 0.005133329425007105 0.011133856140077114 -0.01549995131790638 0.011299999430775642 0.013857095502316952 -0.014265956357121468 0.015799999237060547 0.014841905795037746 -0.012560257688164711 0.015799999237060547 0.011499888263642788 -0.015865953639149666 0.015799999237060547 0.014841905795037746 -0.012560257688164711 0.005133329425007105 0.011499888263642788 -0.015865953639149666 0.011299999430775642 0.015365916304290295 -0.01299995370209217 0.011299999430775642 0.01199988555163145 -0.015999959781765938 0.015799999237060547 0.014841905795037746 -0.012560257688164711 -0.005533329676836729 0.01199988555163145 -0.015999959781765938 0.011299999430775642 0.021633857861161232 -0.01299995370209217 0.011299999430775642 0.021515076979994774 -0.013673553243279457 0.011299999430775642 0.018999887630343437 -0.01299995370209217 0.011299999430775642 0.018999887630343437 -0.014999957755208015 0.011299999430775642 0.018999887630343437 -0.01299995370209217 -0.011699999682605267 0.021857095882296562 -0.014265956357121468 0.011299999430775642 0.02249988727271557 -0.014499949291348457 0.011299999430775642 0.02215786837041378 -0.012560257688164711 0.005133329425007105 0.019133856520056725 -0.01549995131790638 0.011299999430775642 0.022841906175017357 -0.012560257688164711 0.005133329425007105 0.0194998849183321 -0.015865953639149666 0.011299999430775642 0.023365912958979607 -0.01299995370209217 0.011299999430775642 0.022841906175017357 -0.012560257688164711 -0.005533329676836729 0.01999988593161106 -0.015999959781765938 0.011299999430775642 0.005857097916305065 -0.014265956357121468 -0.011699999682605267 0.0029998859390616417 -0.014999957755208015 -0.011699999682605267 0.006499885581433773 -0.014499949291348457 -0.011699999682605267 0.0031338585540652275 -0.01549995131790638 -0.011699999682605267 0.0029998859390616417 -0.014499949291348457 -0.011699999682605267 0.003999887965619564 -0.015999959781765938 -0.011699999682605267 0.0029998859390616417 -0.014999957755208015 -0.016200000420212746 0.005515079014003277 -0.013673553243279457 -0.011699999682605267 0.00899988692253828 -0.015999959781765938 -0.011699999682605267 0.003499886952340603 -0.015865953639149666 -0.011699999682605267 0.0031338585540652275 -0.01549995131790638 -0.016200000420212746 0.0029998859390616417 -0.014499949291348457 -0.016200000420212746 0.001633855514228344 -0.013999955728650093 -0.011699999682605267 0.009865916334092617 -0.01549995131790638 -0.011699999682605267 0.002499888651072979 -0.014499949291348457 -0.011699999682605267 0.001999887637794018 -0.01436595804989338 -0.011699999682605267 0.0014998866245150566 -0.013499954715371132 -0.011699999682605267 0.009499887935817242 -0.015865953639149666 -0.011699999682605267 0.002499888651072979 -0.014499949291348457 -0.016200000420212746 0.001633855514228344 -0.013999955728650093 -0.016200000420212746 0.0014998866245150566 -0.013499954715371132 -0.016200000420212746 0.0056338561698794365 -0.01299995370209217 -0.011699999682605267 0.001999887637794018 -0.01436595804989338 -0.016200000420212746 0.0014998866245150566 -0.01299995370209217 -0.011699999682605267 0.0014998866245150566 -0.01299995370209217 0.011299999430775642 0.0056338561698794365 -0.01299995370209217 0.011299999430775642 0.006157866679131985 -0.012560257688164711 0.005133329425007105 0.006157866679131985 -0.012560257688164711 -0.005533329676836729 0.00684190820902586 -0.012560257688164711 0.005133329425007105 0.00684190820902586 -0.012560257688164711 -0.005533329676836729 0.009999888949096203 -0.014999957755208015 -0.016200000420212746 0.007484695874154568 -0.013673553243279457 -0.016200000420212746 0.007365918718278408 -0.01299995370209217 -0.016200000420212746 0.007142676971852779 -0.014265956357121468 -0.016200000420212746 0.009865916334092617 -0.01549995131790638 -0.016200000420212746 0.00899988692253828 -0.015999959781765938 -0.016200000420212746 0.009999888949096203 -0.014999957755208015 -0.011699999682605267 0.006499885581433773 -0.014499949291348457 -0.016200000420212746 0.009499887935817242 -0.015865953639149666 -0.016200000420212746 0.003999887965619564 -0.015999959781765938 -0.016200000420212746 0.005857097916305065 -0.014265956357121468 -0.016200000420212746 0.003499886952340603 -0.015865953639149666 -0.016200000420212746 0.005515079014003277 0.01332639716565609 0.015799999237060547 0.0029998859390616417 0.014500042423605919 0.015799999237060547 0.0014998866245150566 0.014000048860907555 0.015799999237060547 0.0056338561698794365 0.014000048860907555 0.015799999237060547 0.001999887637794018 0.014500042423605919 0.015799999237060547 0.006157866679131985 0.014439737424254417 0.015799999237060547 0.0015668785199522972 0.014250045642256737 0.015799999237060547 0.0029998859390616417 0.015500044450163841 0.015799999237060547 0.0017498871311545372 0.014433054253458977 0.015799999237060547 0.001999887637794018 0.014500042423605919 0.011299999430775642 0.0056338561698794365 0.013000046834349632 0.011299999430775642 0.005515079014003277 0.013673698529601097 0.011299999430775642 0.0014998866245150566 0.014000048860907555 0.011299999430775642 0.0056338561698794365 0.013000046834349632 -0.011699999682605267 0.005857097916305065 0.012734008952975273 0.005133329425007105 0.006499885581433773 0.012500045821070671 0.005133329425007105 0.006499885581433773 0.012500045821070671 -0.005533329676836729 0.005857097916305065 0.012734008952975273 -0.005533329676836729 0.007142676971852779 0.012734008952975273 -0.005533329676836729 0.007142676971852779 0.012734008952975273 -0.016200000420212746 0.007142676971852779 0.012734008952975273 0.005133329425007105 0.007365918718278408 0.013000046834349632 -0.011699999682605267 0.007484695874154568 0.01332639716565609 -0.016200000420212746 0.00684190820902586 0.014439737424254417 0.015799999237060547 0.009499887935817242 0.016000045463442802 0.015799999237060547 0.003499886952340603 0.016000045463442802 0.015799999237060547 0.009999888949096203 0.015500044450163841 0.015799999237060547 0.006499885581433773 0.014500042423605919 0.011299999430775642 0.003499886952340603 0.016000045463442802 0.011299999430775642 0.009932897053658962 0.01575004868209362 0.015799999237060547 0.007365918718278408 0.014000048860907555 0.015799999237060547 0.0030668778344988823 0.01575004868209362 0.015799999237060547 0.0032498864457011223 0.01593305729329586 0.015799999237060547 0.009749888442456722 0.01593305729329586 0.015799999237060547 0.007484695874154568 0.01332639716565609 0.015799999237060547 0.009999888949096203 0.01200004480779171 0.015799999237060547 0.007142676971852779 0.012734008952975273 0.015799999237060547 0.005515079014003277 -0.013673553243279457 0.015799999237060547 0.0029998859390616417 -0.014499949291348457 0.015799999237060547 0.005857097916305065 -0.014265956357121468 0.015799999237060547 0.0029998859390616417 -0.014999957755208015 0.015799999237060547 0.0031338585540652275 -0.01549995131790638 0.015799999237060547 0.0014998866245150566 -0.013499954715371132 0.015799999237060547 0.0029998859390616417 -0.014999957755208015 0.011299999430775642 0.002499888651072979 -0.014499949291348457 0.015799999237060547 0.001633855514228344 -0.013999955728650093 0.015799999237060547 0.001999887637794018 -0.01436595804989338 0.015799999237060547 0.0014998866245150566 -0.013499954715371132 0.011299999430775642 0.009999888949096203 -0.011999951675534248 0.015799999237060547 0.007365918718278408 -0.01299995370209217 0.015799999237060547 0.007484695874154568 -0.013673553243279457 0.015799999237060547 0.009999888949096203 -0.014999957755208015 0.015799999237060547 0.015365916304290295 -0.01299995370209217 0.015799999237060547 0.015484697185456753 -0.013673553243279457 0.015799999237060547 0.015142678283154964 -0.014265956357121468 0.015799999237060547 0.017865916714072227 -0.01549995131790638 0.015799999237060547 0.014499886892735958 -0.014499949291348457 0.015799999237060547 0.01699988730251789 -0.015999959781765938 0.015799999237060547 0.017499884590506554 -0.015865953639149666 0.015799999237060547 0.01699988730251789 -0.015999959781765938 0.011299999430775642 0.013857095502316952 0.012734008952975273 0.015799999237060547 0.010999887250363827 0.01200004480779171 0.015799999237060547 0.014499886892735958 0.012500045821070671 0.015799999237060547 0.013515076600015163 0.01332639716565609 0.015799999237060547 0.017999885603785515 0.01200004480779171 0.015799999237060547 0.013633857481181622 0.013000046834349632 0.011299999430775642 0.010999887250363827 0.015500044450163841 0.015799999237060547 0.018999887630343437 0.01200004480779171 0.015799999237060547 0.013857095502316952 0.012734008952975273 0.005133329425007105 0.013633857481181622 0.014000048860907555 0.015799999237060547 0.014499886892735958 0.012500045821070671 0.005133329425007105 0.01415786799043417 0.014439737424254417 0.015799999237060547 0.0259998869150877 0.01200004480779171 0.015799999237060547 0.014499886892735958 0.012500045821070671 -0.005533329676836729 0.015142678283154964 0.012734008952975273 -0.005533329676836729 0.015142678283154964 0.012734008952975273 -0.016200000420212746 0.015365916304290295 0.013000046834349632 -0.011699999682605267 0.023142678663134575 -0.014265956357121468 0.011299999430775642 0.025865918025374413 -0.01549995131790638 0.011299999430775642 0.023484697565436363 -0.013673553243279457 0.011299999430775642 0.02549988590180874 -0.015865953639149666 0.011299999430775642 0.06979658454656601 0.00899454765021801 -0.015499998815357685 0.07029658555984497 0.0007000473560765386 -0.01600000075995922 0.06979658454656601 0.00899454765021801 -0.012999999336898327 0.0763658881187439 0.013000046834349632 -0.01600000075995922 0.07648468762636185 0.013673698529601097 -0.01600000075995922 0.07899988442659378 0.014500042423605919 -0.01600000075995922 0.08049988746643066 0.013500047847628593 -0.01600000075995922 0.07949988543987274 0.014500042423605919 -0.01600000075995922 0.08036588877439499 0.014000048860907555 -0.01600000075995922 0.0799998864531517 0.014366073533892632 -0.01600000075995922 0.0641338899731636 0.015500044450163841 -0.01600000075995922 0.0644998848438263 0.015866076573729515 -0.01600000075995922 0.06499988585710526 0.016000045463442802 -0.01600000075995922 0.0644998848438263 0.015866076573729515 -0.011500000022351742 0.06749989092350006 0.014500042423605919 -0.01600000075995922 0.06999988853931427 0.016000045463442802 -0.01600000075995922 0.06499988585710526 0.016000045463442802 -0.011500000022351742 0.06814268976449966 0.014266086742281914 -0.01600000075995922 0.06999988853931427 0.016000045463442802 -0.011500000022351742 0.07086588442325592 0.015500044450163841 -0.01600000075995922 0.07049988955259323 0.015866076573729515 -0.01600000075995922 0.07099989056587219 0.01500004343688488 -0.01600000075995922 0.07049988955259323 0.015866076573729515 -0.011500000022351742 0.06848468631505966 0.013673698529601097 -0.01600000075995922 0.07086588442325592 0.015500044450163841 -0.011500000022351742 0.07099989056587219 0.01500004343688488 -0.011500000022351742 0.06836588680744171 0.013000046834349632 -0.01600000075995922 0.027999883517622948 0.016000045463442802 0.015799999237060547 0.02713385783135891 0.015500044450163841 0.015799999237060547 0.027499889954924583 0.015866076573729515 0.015799999237060547 0.02713385783135891 0.015500044450163841 0.011299999430775642 0.027499889954924583 0.015866076573729515 0.011299999430775642 0.02963385544717312 0.013000046834349632 0.011299999430775642 0.026999888941645622 0.013000046834349632 0.011299999430775642 0.026999888941645622 0.01500004343688488 0.011299999430775642 0.02963385544717312 0.013000046834349632 -0.011699999682605267 0.029857097193598747 0.012734008952975273 0.005133329425007105 0.030499888584017754 0.012500045821070671 -0.005533329676836729 0.03114267997443676 0.012734008952975273 -0.016200000420212746 0.027999883517622948 0.016000045463442802 -0.011699999682605267 0.030499888584017754 0.014500042423605919 -0.011699999682605267 0.03114267997443676 0.014266086742281914 -0.011699999682605267 0.029857097193598747 0.014266086742281914 -0.011699999682605267 0.027999883517622948 0.016000045463442802 -0.016200000420212746 0.030841907486319542 0.014439737424254417 -0.016200000420212746 0.030157869681715965 0.014439737424254417 -0.016200000420212746 0.03299988806247711 0.016000045463442802 -0.016200000420212746 0.03349988907575607 0.015866076573729515 -0.016200000420212746 0.03386592119932175 0.015500044450163841 -0.016200000420212746 0.033999890089035034 0.01500004343688488 -0.016200000420212746 0.027499889954924583 0.015866076573729515 -0.016200000420212746 0.02713385783135891 0.015500044450163841 -0.016200000420212746 0.030499888584017754 0.012500045821070671 -0.016200000420212746 0.07648468762636185 -0.013673553243279457 -0.011500000022351742 0.07899988442659378 -0.014499949291348457 -0.011500000022351742 0.0799998864531517 -0.014499949291348457 -0.011500000022351742 0.07899988442659378 -0.01549995131790638 -0.011500000022351742 0.07899988442659378 -0.01549995131790638 -0.01600000075995922 0.07893288880586624 -0.015749948099255562 -0.011500000022351742 0.07893288880586624 -0.015749948099255562 -0.01600000075995922 0.0787498876452446 -0.015932949259877205 -0.011500000022351742 0.0787498876452446 -0.015932949259877205 -0.01600000075995922 0.07614269107580185 0.014266086742281914 -0.011500000022351742 0.07899988442659378 0.01500004343688488 -0.011500000022351742 0.0788658857345581 0.015500044450163841 -0.011500000022351742 0.07899988442659378 0.014500042423605919 -0.011500000022351742 0.07549988478422165 0.014500042423605919 -0.01600000075995922 0.07799988985061646 0.016000045463442802 -0.011500000022351742 0.07648468762636185 0.013673698529601097 -0.011500000022351742 0.07614269107580185 0.014266086742281914 -0.01600000075995922 0.07299988716840744 0.016000045463442802 -0.011500000022351742 0.07849989086389542 0.015866076573729515 -0.011500000022351742 0.08036588877439499 0.014000048860907555 -0.011500000022351742 0.0799998864531517 0.014366073533892632 -0.011500000022351742 0.08049988746643066 0.013500047847628593 -0.011500000022351742 0.07249988615512848 0.015866076573729515 -0.011500000022351742 0.07949988543987274 0.014500042423605919 -0.011500000022351742 0.09349989145994186 -0.007999951019883156 -0.01600000075995922 0.09311928600072861 -0.009913356974720955 -0.01600000075995922 0.09203539043664932 -0.01153545267879963 -0.01600000075995922 0.09041329473257065 -0.01261935569345951 -0.01600000075995922 0.07213389128446579 0.015500044450163841 -0.01600000075995922 0.07249988615512848 0.015866076573729515 -0.01600000075995922 0.07299988716840744 0.016000045463442802 -0.01600000075995922 0.07799988985061646 0.016000045463442802 -0.01600000075995922 0.0788658857345581 0.015500044450163841 -0.01600000075995922 0.07849989086389542 0.015866076573729515 -0.01600000075995922 0.07899988442659378 0.01500004343688488 -0.01600000075995922 0.06814268976449966 0.014266086742281914 -0.011500000022351742 0.06848468631505966 0.013673698529601097 -0.011500000022351742 0.06836588680744171 0.013000046834349632 -0.011500000022351742 0.06784188747406006 0.01256035827100277 -0.005333330016583204 0.027499889954924583 0.015866076573729515 -0.011699999682605267 0.026999888941645622 0.01500004343688488 -0.011699999682605267 0.02951507829129696 0.013673698529601097 -0.011699999682605267 0.02713385783135891 0.015500044450163841 -0.011699999682605267 0.026999888941645622 0.013000046834349632 -0.011699999682605267 0.02963385544717312 0.014000048860907555 -0.016200000420212746 0.02951507829129696 0.01332639716565609 -0.016200000420212746 0.025655483826994896 0.009588344022631645 -0.019093481823801994 0.025649888440966606 0.00940004549920559 -0.019133010879158974 0.025655483826994896 0.009793547913432121 -0.01888825185596943 0.025476207956671715 0.009469946846365929 -0.018956152722239494 0.025466879829764366 0.00940004549920559 -0.018950002267956734 0.025476207956671715 0.009656144306063652 -0.018769899383187294 0.02589988522231579 0.00990004651248455 -0.018700001761317253 0.025649888440966606 0.009833043441176414 -0.018700001761317253 0.025466879829764366 0.009650042280554771 -0.018700001761317253 0.026999888941645622 0.01500004343688488 -0.016200000420212746 0.026999888941645622 0.01200004480779171 -0.016200000420212746 0.029857097193598747 0.012734008952975273 -0.016200000420212746 0.029857097193598747 0.012734008952975273 -0.005533329676836729 0.02589988522231579 0.00990004651248455 -0.016200000420212746 0.018999887630343437 -0.014999957755208015 -0.011699999682605267 0.01999988593161106 -0.015999959781765938 -0.011699999682605267 0.0029998859390616417 0.015500044450163841 -0.016200000420212746 0.006157866679131985 0.014439737424254417 -0.016200000420212746 0.0029998859390616417 0.014500042423605919 -0.016200000420212746 0.0056338561698794365 0.014000048860907555 -0.016200000420212746 0.003499886952340603 0.016000045463442802 -0.016200000420212746 0.005515079014003277 0.01332639716565609 -0.016200000420212746 0.005857097916305065 0.014266086742281914 -0.011699999682605267 0.009499887935817242 0.016000045463442802 -0.016200000420212746 0.0030668778344988823 0.01575004868209362 -0.016200000420212746 0.005515079014003277 0.013673698529601097 -0.011699999682605267 0.00684190820902586 0.014439737424254417 -0.016200000420212746 0.0032498864457011223 0.01593305729329586 -0.016200000420212746 0.009999888949096203 0.015500044450163841 -0.016200000420212746 0.007365918718278408 0.014000048860907555 -0.016200000420212746 0.009999888949096203 0.01200004480779171 -0.016200000420212746 0.010999887250363827 0.01200004480779171 -0.016200000420212746 0.014499886892735958 0.012500045821070671 -0.016200000420212746 0.017999885603785515 0.01200004480779171 -0.016200000420212746 0.0259998869150877 0.01200004480779171 -0.016200000420212746 0.025649888440966606 0.009833043441176414 -0.016200000420212746 0.023142678663134575 0.012734008952975273 -0.016200000420212746 0.025466879829764366 0.009650042280554771 -0.016200000420212746 0.018999887630343437 0.015500044450163841 -0.016200000420212746 0.021515076979994774 0.01332639716565609 -0.016200000420212746 0.021857095882296562 0.012734008952975273 -0.016200000420212746 0.021633857861161232 0.014000048860907555 -0.016200000420212746 0.021633857861161232 0.013000046834349632 -0.011699999682605267 0.021515076979994774 0.013673698529601097 -0.011699999682605267 0.021857095882296562 0.012734008952975273 -0.005533329676836729 0.02249988727271557 0.012500045821070671 -0.005533329676836729 0.021633857861161232 0.013000046834349632 0.011299999430775642 0.021857095882296562 0.012734008952975273 0.005133329425007105 0.012203226797282696 0.0007000473560765386 -0.015699999406933784 0.012203226797282696 0.0007000473560765386 -0.013200000859797001 0.0014998866245150566 0.014000048860907555 -0.011699999682605267 0.0029998859390616417 0.014500042423605919 -0.011699999682605267 0.0015668785199522972 0.014250045642256737 -0.011699999682605267 0.001999887637794018 0.014500042423605919 -0.011699999682605267 0.006499885581433773 0.014500042423605919 -0.011699999682605267 0.0017498871311545372 0.014433054253458977 -0.011699999682605267 0.001999887637794018 0.014500042423605919 -0.016200000420212746 0.0029998859390616417 0.015500044450163841 -0.011699999682605267 0.003499886952340603 0.016000045463442802 -0.011699999682605267 0.0030668778344988823 0.01575004868209362 -0.011699999682605267 0.0032498864457011223 0.01593305729329586 -0.011699999682605267 0.0014998866245150566 0.014000048860907555 -0.016200000420212746 0.0015668785199522972 0.014250045642256737 -0.016200000420212746 0.0017498871311545372 0.014433054253458977 -0.016200000420212746 0.015142678283154964 -0.014265956357121468 0.011299999430775642 0.017865916714072227 -0.01549995131790638 0.011299999430775642 0.015484697185456753 -0.013673553243279457 0.011299999430775642 0.017499884590506554 -0.015865953639149666 0.011299999430775642 0.010999887250363827 -0.014999957755208015 -0.011699999682605267 0.011133856140077114 -0.01549995131790638 -0.011699999682605267 0.01199988555163145 -0.015999959781765938 -0.011699999682605267 0.011499888263642788 -0.015865953639149666 -0.011699999682605267 0.007365918718278408 -0.01299995370209217 -0.011699999682605267 0.007484695874154568 -0.013673553243279457 -0.011699999682605267 0.009999888949096203 -0.01299995370209217 -0.011699999682605267 0.009999888949096203 -0.01299995370209217 0.011299999430775642 0.007142676971852779 -0.014265956357121468 -0.011699999682605267 0.007142676971852779 -0.014265956357121468 0.011299999430775642 0.009999888949096203 -0.014999957755208015 0.011299999430775642 0.006499885581433773 -0.014499949291348457 0.011299999430775642 0.009865916334092617 -0.01549995131790638 0.011299999430775642 0.007484695874154568 -0.013673553243279457 0.011299999430775642 0.00899988692253828 -0.015999959781765938 0.011299999430775642 0.003999887965619564 -0.015999959781765938 0.011299999430775642 0.009499887935817242 -0.015865953639149666 0.011299999430775642 0.009865916334092617 -0.01549995131790638 0.015799999237060547 0.007365918718278408 -0.01299995370209217 0.011299999430775642 0.003999887965619564 -0.015999959781765938 0.015799999237060547 0.005515079014003277 -0.013673553243279457 0.011299999430775642 0.001633855514228344 -0.013999955728650093 0.011299999430775642 0.0029998859390616417 -0.014499949291348457 0.011299999430775642 0.001999887637794018 -0.01436595804989338 0.011299999430775642 0.005857097916305065 -0.014265956357121468 0.011299999430775642 0.002499888651072979 -0.014499949291348457 0.011299999430775642 0.0031338585540652275 -0.01549995131790638 0.011299999430775642 0.003499886952340603 -0.015865953639149666 0.011299999430775642 0.006499885581433773 -0.014499949291348457 0.015799999237060547 0.00899988692253828 -0.015999959781765938 0.015799999237060547 0.007142676971852779 -0.014265956357121468 0.015799999237060547 0.009499887935817242 -0.015865953639149666 0.015799999237060547 0.0017498871311545372 0.014433054253458977 0.011299999430775642 0.0015668785199522972 0.014250045642256737 0.011299999430775642 0.0029998859390616417 0.014500042423605919 0.011299999430775642 0.005857097916305065 0.014266086742281914 0.011299999430775642 0.0029998859390616417 0.015500044450163841 0.011299999430775642 0.009499887935817242 0.016000045463442802 0.011299999430775642 0.0030668778344988823 0.01575004868209362 0.011299999430775642 0.0032498864457011223 0.01593305729329586 0.011299999430775642 0.007365918718278408 0.013000046834349632 0.011299999430775642 0.007484695874154568 0.013673698529601097 0.011299999430775642 0.009999888949096203 0.013000046834349632 0.011299999430775642 0.009999888949096203 0.015500044450163841 0.011299999430775642 0.009999888949096203 0.013000046834349632 -0.011699999682605267 0.007142676971852779 0.014266086742281914 0.011299999430775642 0.007142676971852779 0.014266086742281914 -0.011699999682605267 0.009999888949096203 0.015500044450163841 -0.011699999682605267 0.009499887935817242 0.016000045463442802 -0.011699999682605267 0.007484695874154568 0.013673698529601097 -0.011699999682605267 0.009932897053658962 0.01575004868209362 -0.011699999682605267 0.009749888442456722 0.01593305729329586 -0.011699999682605267 0.009749888442456722 0.01593305729329586 0.011299999430775642 0.009932897053658962 0.01575004868209362 0.011299999430775642 0.003499886952340603 -0.015865953639149666 0.015799999237060547 0.015365916304290295 0.013000046834349632 0.011299999430775642 0.015484697185456753 0.013673698529601097 0.011299999430775642 0.017999885603785515 0.013000046834349632 0.011299999430775642 0.017999885603785515 0.015500044450163841 0.011299999430775642 0.015484697185456753 0.01332639716565609 0.015799999237060547 0.017999885603785515 0.013000046834349632 -0.011699999682605267 0.017999885603785515 0.015500044450163841 0.015799999237060547 0.015142678283154964 0.014266086742281914 0.011299999430775642 0.015142678283154964 0.012734008952975273 0.015799999237060547 0.015365916304290295 0.014000048860907555 0.015799999237060547 0.017932897433638573 0.01575004868209362 0.015799999237060547 0.014499886892735958 0.014500042423605919 0.011299999430775642 0.015142678283154964 0.012734008952975273 0.005133329425007105 0.014841905795037746 0.014439737424254417 0.015799999237060547 0.017499884590506554 0.016000045463442802 0.015799999237060547 0.011499888263642788 0.016000045463442802 0.015799999237060547 0.011499888263642788 0.016000045463442802 0.011299999430775642 0.011066875420510769 0.01575004868209362 0.015799999237060547 0.011249887757003307 0.01593305729329586 0.015799999237060547 0.017749885097146034 0.01593305729329586 0.015799999237060547 0.013633857481181622 0.013000046834349632 -0.011699999682605267 0.013515076600015163 0.013673698529601097 -0.011699999682605267 0.010999887250363827 0.013000046834349632 -0.011699999682605267 0.010999887250363827 0.015500044450163841 -0.011699999682605267 0.010999887250363827 0.013000046834349632 0.011299999430775642 0.010999887250363827 0.015500044450163841 -0.016200000420212746 0.013857095502316952 0.014266086742281914 -0.011699999682605267 0.014499886892735958 0.014500042423605919 -0.011699999682605267 0.013633857481181622 0.014000048860907555 -0.016200000420212746 0.01415786799043417 0.014439737424254417 -0.016200000420212746 0.010999887250363827 0.015500044450163841 0.011299999430775642 0.013857095502316952 0.014266086742281914 0.011299999430775642 0.013515076600015163 0.013673698529601097 0.011299999430775642 0.017499884590506554 0.016000045463442802 0.011299999430775642 0.011066875420510769 0.01575004868209362 0.011299999430775642 0.011249887757003307 0.01593305729329586 0.011299999430775642 0.018999887630343437 0.013000046834349632 -0.011699999682605267 0.018999887630343437 0.015500044450163841 -0.011699999682605267 0.018999887630343437 0.013000046834349632 0.011299999430775642 0.021857095882296562 0.014266086742281914 -0.011699999682605267 0.02249988727271557 0.014500042423605919 -0.011699999682605267 0.018999887630343437 0.015500044450163841 0.015799999237060547 0.0194998849183321 0.016000045463442802 -0.011699999682605267 0.02215786837041378 0.014439737424254417 -0.016200000420212746 0.018999887630343437 0.015500044450163841 0.011299999430775642 0.013515076600015163 0.01332639716565609 -0.016200000420212746 0.013857095502316952 0.012734008952975273 -0.016200000420212746 0.013857095502316952 0.012734008952975273 -0.005533329676836729 0.021857095882296562 0.012734008952975273 0.015799999237060547 0.02249988727271557 0.012500045821070671 0.015799999237060547 0.021515076979994774 0.01332639716565609 0.015799999237060547 0.023142678663134575 0.012734008952975273 0.015799999237060547 0.023484697565436363 0.01332639716565609 0.015799999237060547 0.021633857861161232 0.014000048860907555 0.015799999237060547 0.0259998869150877 0.01500004343688488 0.015799999237060547 0.02215786837041378 0.014439737424254417 0.015799999237060547 0.021515076979994774 0.013673698529601097 0.011299999430775642 0.023365912958979607 0.014000048860907555 0.015799999237060547 0.0194998849183321 0.016000045463442802 0.015799999237060547 0.021857095882296562 0.014266086742281914 0.011299999430775642 0.022841906175017357 0.014439737424254417 0.015799999237060547 0.024999884888529778 0.016000045463442802 0.015799999237060547 0.01906687580049038 0.01575004868209362 0.015799999237060547 0.02249988727271557 0.014500042423605919 0.011299999430775642 0.025865918025374413 0.015500044450163841 0.015799999237060547 0.01924988441169262 0.01593305729329586 0.015799999237060547 0.0194998849183321 0.016000045463442802 0.011299999430775642 0.02549988590180874 0.015866076573729515 0.015799999237060547 0.015142678283154964 0.014266086742281914 -0.011699999682605267 0.017999885603785515 0.015500044450163841 -0.011699999682605267 0.017499884590506554 0.016000045463442802 -0.011699999682605267 0.015484697185456753 0.013673698529601097 -0.011699999682605267 0.014841905795037746 0.014439737424254417 -0.016200000420212746 0.011499888263642788 0.016000045463442802 -0.011699999682605267 0.017932897433638573 0.01575004868209362 -0.011699999682605267 0.015365916304290295 0.014000048860907555 -0.016200000420212746 0.017749885097146034 0.01593305729329586 -0.011699999682605267 0.015484697185456753 0.01332639716565609 -0.016200000420212746 0.017999885603785515 0.015500044450163841 -0.016200000420212746 0.011066875420510769 0.01575004868209362 -0.016200000420212746 0.011499888263642788 0.016000045463442802 -0.016200000420212746 0.011249887757003307 0.01593305729329586 -0.016200000420212746 0.017499884590506554 0.016000045463442802 -0.016200000420212746 0.009749888442456722 0.01593305729329586 -0.016200000420212746 0.009932897053658962 0.01575004868209362 -0.016200000420212746 0.023484697565436363 0.01332639716565609 -0.016200000420212746 0.0259998869150877 0.01500004343688488 -0.016200000420212746 0.023365912958979607 0.014000048860907555 -0.016200000420212746 0.0259998869150877 0.013000046834349632 -0.011699999682605267 0.022841906175017357 0.014439737424254417 -0.016200000420212746 0.023484697565436363 0.013673698529601097 -0.011699999682605267 0.023365912958979607 0.013000046834349632 -0.011699999682605267 0.023142678663134575 0.014266086742281914 -0.011699999682605267 0.01906687580049038 0.01575004868209362 -0.016200000420212746 0.0194998849183321 0.016000045463442802 -0.016200000420212746 0.01924988441169262 0.01593305729329586 -0.016200000420212746 0.024999884888529778 0.016000045463442802 -0.016200000420212746 0.025865918025374413 0.015500044450163841 -0.016200000420212746 0.02549988590180874 0.015866076573729515 -0.016200000420212746 0.025865918025374413 0.015500044450163841 -0.011699999682605267 0.02549988590180874 0.015866076573729515 -0.011699999682605267 0.024999884888529778 0.016000045463442802 0.011299999430775642 0.01906687580049038 0.01575004868209362 0.011299999430775642 0.01924988441169262 0.01593305729329586 0.011299999430775642 0.02249988727271557 0.012500045821070671 0.005133329425007105 0.023142678663134575 0.012734008952975273 -0.005533329676836729 0.017749885097146034 0.01593305729329586 0.011299999430775642 0.017932897433638573 0.01575004868209362 0.011299999430775642 0.011249887757003307 0.01593305729329586 -0.011699999682605267 0.011066875420510769 0.01575004868209362 -0.011699999682605267 0.0259998869150877 0.01500004343688488 -0.011699999682605267 0.024999884888529778 0.016000045463442802 -0.011699999682605267 0.023365912958979607 0.013000046834349632 0.011299999430775642 0.023142678663134575 0.012734008952975273 0.005133329425007105 0.01924988441169262 0.01593305729329586 -0.011699999682605267 0.01906687580049038 0.01575004868209362 -0.011699999682605267 0.023484697565436363 0.013673698529601097 0.011299999430775642 0.0259998869150877 0.013000046834349632 0.011299999430775642 0.0259998869150877 0.01500004343688488 0.011299999430775642 0.023142678663134575 0.014266086742281914 0.011299999430775642 0.02549988590180874 0.015866076573729515 0.011299999430775642 0.025865918025374413 0.015500044450163841 0.011299999430775642 0.017749885097146034 0.01593305729329586 -0.016200000420212746 0.017932897433638573 0.01575004868209362 -0.016200000420212746 -0.004066550172865391 0.0033204909414052963 -0.018985388800501823 -0.004103736020624638 0.0032726358622312546 -0.018976928666234016 -0.005065531469881535 0.0013794508995488286 -0.018985392525792122 -0.005117652006447315 0.0011680555762723088 -0.018954994156956673 -0.0002967575564980507 -0.005241604521870613 -0.018915729597210884 -0.002274901606142521 -0.004724288359284401 -0.01891607604920864 -0.0021354081109166145 -0.004796097055077553 -0.01890387572348118 -0.0012412304058670998 -0.005101161077618599 -0.019002651795744896 -0.001091652549803257 -0.0051352474838495255 -0.019033020362257957 -0.0008430862799286842 -0.005181865766644478 -0.018985366448760033 -0.001580764539539814 -0.005006367340683937 -0.018950002267956734 -0.0014855237677693367 -0.005035446956753731 -0.018962441012263298 -0.0013897502794861794 -0.005062716081738472 -0.018976794555783272 -0.0005925679579377174 -0.005216451361775398 -0.018950002267956734 -0.0032088207080960274 -0.00415523536503315 -0.01900266297161579 -0.0030859755352139473 -0.004247264936566353 -0.019033027812838554 -0.002877728082239628 -0.004391031339764595 -0.018985362723469734 -0.0039015309885144234 -0.0035129133611917496 -0.01890249364078045 -0.0034805918112397194 -0.0039303917437791824 -0.018950002267956734 -0.0034053707495331764 -0.003995740786194801 -0.018962448462843895 -0.0033289240673184395 -0.004059651866555214 -0.018976809456944466 -0.0026627937331795692 -0.004524605348706245 -0.018950002267956734 -0.004414835013449192 -0.002841079607605934 -0.018985381349921227 -0.0042727189138531685 -0.0030506346374750137 -0.018950002267956734 -0.004098107106983662 -0.0032680947333574295 -0.01892765425145626 -0.004993029870092869 -0.0016223880229517817 -0.01889992691576481 -0.004778449423611164 -0.002174602821469307 -0.018950002267956734 -0.004736275412142277 -0.002264993265271187 -0.018962452188134193 -0.004546684212982655 -0.002624915912747383 -0.01903308369219303 -0.004621514119207859 -0.002490805462002754 -0.01900269277393818 -0.004692387767136097 -0.002354571595788002 -0.01897682063281536 -0.0051886821165680885 -0.000800052541308105 -0.018985392525792122 -0.005144027061760426 -0.0010495128808543086 -0.018950002267956734 -0.005113099701702595 -0.001166844624094665 -0.018939746543765068 -0.005126208998262882 0.0011333507718518376 -0.018950002267956734 -0.005221241153776646 0.0005487558664754033 -0.018895747140049934 -0.005249825306236744 -4.2827687138924375E-05 -0.018950002267956734 -0.0052480632439255714 -0.00014262076001614332 -0.01896245963871479 -0.005221244879066944 -0.0005487370071932673 -0.019033124670386314 -0.005235065706074238 -0.00039571698289364576 -0.019002718850970268 -0.005244401283562183 -0.00024236913304775953 -0.018976835533976555 -0.004222081042826176 0.0031203385442495346 -0.018950002267956734 -0.004546632058918476 0.0026250015944242477 -0.01888919807970524 -0.0048133330419659615 0.0020962711423635483 -0.018950002267956734 -0.004852321930229664 0.002004360780119896 -0.01896245963871479 -0.004993048496544361 0.0016223398270085454 -0.01903313212096691 -0.00494342390447855 0.0017677900614216924 -0.019002726301550865 -0.004889559932053089 0.0019117278279736638 -0.018976839259266853 -0.0022772708907723427 0.0047287847846746445 -0.01900351606309414 -0.0023642266169190407 0.004687530919909477 -0.018985381349921227 -0.002587505616247654 0.0045680757611989975 -0.018950002267956734 -0.0030857743695378304 0.004247410222887993 -0.01887858845293522 -0.0035447338595986366 0.0038726385682821274 -0.018950002267956734 -0.0036176713183522224 0.003804599866271019 -0.01896245963871479 -0.0039015384390950203 0.003512902185320854 -0.019033128395676613 -0.003797047771513462 0.003625592216849327 -0.019002722576260567 -0.003689301200211048 0.0037351753562688828 -0.018976839259266853 -0.0002531418576836586 0.005243895575404167 -0.01898537017405033 -0.0005055824294686317 0.005225596949458122 -0.018950002267956734 -0.0010916264727711678 0.005135258659720421 -0.01886008121073246 -0.0016637416556477547 0.004979407414793968 -0.018950002267956734 -0.0017579318955540657 0.004946937784552574 -0.018962448462843895 -0.002135445363819599 0.0047960784286260605 -0.019033091142773628 -0.0019943201914429665 0.004856457933783531 -0.01900269277393818 -0.0018514888361096382 0.004912687465548515 -0.018976809456944466 0.001018657349050045 0.0047929491847753525 -0.019200002774596214 -0.002880261279642582 0.003964243456721306 -0.019200002774596214 -0.001018882729113102 0.0047929491847753525 -0.019200002774596214 0.002880035899579525 0.003964243456721306 -0.019200002774596214 -0.004243631847202778 0.0024500470608472824 -0.019200002774596214 0.004243406467139721 0.0024500470608472824 -0.019200002774596214 -0.004873272962868214 0.0005122480215504766 -0.019200002774596214 0.004873047582805157 0.0005122480215504766 -0.019200002774596214 -0.0046602943912148476 -0.0015141534386202693 -0.019200002774596214 0.004660069011151791 -0.0015141534386202693 -0.019200002774596214 -0.003641524352133274 -0.0032786522060632706 -0.019200002774596214 0.003641298972070217 -0.0032786522060632706 -0.019200002774596214 -0.00199312437325716 -0.004476355388760567 -0.019200002774596214 0.0019928989931941032 -0.004476355388760567 -0.019200002774596214 -1.1269574429206841E-07 -0.004899950698018074 -0.019200002774596214 -1.1269574429206841E-07 0.005150048062205315 -0.019133010879158974 -0.0020948024466633797 0.004704846069216728 -0.019133010879158974 0.0020945770666003227 0.004704846069216728 -0.019133010879158974 -0.0038273120298981667 0.0034460481256246567 -0.019133010879158974 0.0038270866498351097 0.0034460481256246567 -0.019133010879158974 -0.004898053593933582 0.0015914497198536992 -0.019133010879158974 0.004897828213870525 0.0015914497198536992 -0.019133010879158974 -0.00512190256267786 -0.0005382540402933955 -0.019133010879158974 0.005121677182614803 -0.0005382540402933955 -0.019133010879158974 -0.004460141994059086 -0.002574952319264412 -0.019133010879158974 0.004459916613996029 -0.002574952319264412 -0.019133010879158974 -0.0030272016301751137 -0.00416635163128376 -0.019133010879158974 0.0030269762501120567 -0.00416635163128376 -0.019133010879158974 0.001070636324584484 -0.005037451162934303 -0.019133010879158974 -0.001070861704647541 -0.005037451162934303 -0.019133010879158974 0.07972210645675659 -0.004730084910988808 -0.016200000420212746 0.0778953805565834 -0.003273317590355873 -0.016200000420212746 0.07972210645675659 0.004730088636279106 -0.016200000420212746 0.0778953805565834 0.0032733287662267685 -0.016200000420212746 0.07688162475824356 -0.0011682304320856929 -0.016200000420212746 0.07688162475824356 0.001168241840787232 -0.016200000420212746 0.07687381654977798 -0.001133495825342834 -0.01875000260770321 0.07688183337450027 -0.0011681782780215144 -0.018754446879029274 0.07972538471221924 -0.0047316644340753555 -0.018802637234330177 0.07986453175544739 -0.004796067252755165 -0.01883300207555294 0.08009779453277588 -0.00489327497780323 -0.01878536306321621 0.07972212880849838 -0.004730032756924629 -0.01880202628672123 0.08149521052837372 -0.00522567518055439 -0.01875000260770321 0.08159422129392624 -0.005234288051724434 -0.018762437626719475 0.08033546805381775 -0.0049791354686021805 -0.01875000260770321 0.08090835809707642 -0.0051352474838495255 -0.018659839406609535 0.08184657245874405 -0.005247751250863075 -0.018802622333168983 0.0816933885216713 -0.005241038277745247 -0.018776779994368553 0.0779973641037941 -0.003397272899746895 -0.01880268193781376 0.07809841632843018 -0.003512853756546974 -0.018833065405488014 0.0782722607254982 -0.0036968160420656204 -0.018785377964377403 0.0778997391462326 -0.0032787788659334183 -0.018776817247271538 0.07941316813230515 -0.004568452015519142 -0.01875000260770321 0.0795002207159996 -0.004616664722561836 -0.018762437626719475 0.07958817481994629 -0.004663215950131416 -0.018776779994368553 0.07845476269721985 -0.0038721878081560135 -0.01875000260770321 0.07891426235437393 -0.004247436299920082 -0.018678421154618263 0.07696159929037094 -0.0014754849253222346 -0.018802696838974953 0.07700692117214203 -0.001622261363081634 -0.018833080306649208 0.07709098607301712 -0.001861223834566772 -0.018785377964377403 0.07689628005027771 -0.0012306886492297053 -0.018762456253170967 0.07692058384418488 -0.0013274418888613582 -0.01877683214843273 0.07718648761510849 -0.002095865085721016 -0.01875000260770321 0.0774533599615097 -0.0026249904185533524 -0.018689094111323357 0.077778160572052 -0.0031206775456666946 -0.01875000260770321 0.07783819735050201 -0.0032003019005060196 -0.01876244880259037 0.07789542526006699 -0.0032732803374528885 -0.018775807693600655 0.07679705321788788 0.0007013959111645818 -0.018802722916007042 0.07677875459194183 0.0005488229217007756 -0.018833128735423088 0.07675835490226746 0.0002962556900456548 -0.018785396590828896 0.07700697332620621 0.0016224292339757085 -0.018699927255511284 0.07688688486814499 0.0011668485822156072 -0.01873975433409214 0.07685598731040955 0.0010496360482648015 -0.01875000260770321 0.0768369659781456 0.0009516683639958501 -0.018762456253170967 0.07681980729103088 0.0008533579530194402 -0.01877683587372303 0.07675016671419144 4.29955507570412E-05 -0.01875000260770321 0.07677874714136124 -0.0005487444577738643 -0.01869572140276432 0.07809840142726898 0.0035128500312566757 -0.01870257593691349 0.07790187001228333 0.003268105909228325 -0.018727706745266914 0.07772751897573471 0.0030509810894727707 -0.01875000260770321 0.07767029851675034 0.0029692258685827255 -0.01876245252788067 0.07761465013027191 0.0028863977640867233 -0.018776828423142433 0.0775320902466774 0.0027568768709897995 -0.01880270428955555 0.07722152769565582 0.0021745767444372177 -0.01875000260770321 0.07733200490474701 0.0024025868624448776 -0.0187853816896677 0.0774533599615097 0.0026250015944242477 -0.0188330989331007 0.07986461371183395 0.004796108230948448 -0.018703991547226906 0.07972508668899536 0.004724299535155296 -0.018716180697083473 0.07933787256479263 0.004525003954768181 -0.01875000260770321 0.07925234735012054 0.0044735874980688095 -0.018762459978461266 0.07916781306266785 0.004420554265379906 -0.01877683587372303 0.07903966307640076 0.004335781559348106 -0.018802711740136147 0.07851894944906235 0.003930000588297844 -0.01875000260770321 0.07871267199516296 0.004093414172530174 -0.018785385414958 0.07891404628753662 0.004247291013598442 -0.018833110108971596 0.08170362561941147 0.005241630598902702 -0.01871582306921482 0.0810590609908104 0.005164993926882744 -0.01880270428955555 0.0809083878993988 0.005135266110301018 -0.018833102658391 0.08066190779209137 0.00507662259042263 -0.018785385414958 0.08140821009874344 0.00521654449403286 -0.01875000260770321 0.0813092514872551 0.005204362794756889 -0.018762456253170967 0.08121053874492645 0.005190310999751091 -0.018776824697852135 0.08041854202747345 0.005006147548556328 -0.01875000260770321 0.08098109066486359 -0.004792856052517891 -0.01899999938905239 0.08487998694181442 -0.003964150324463844 -0.01899999938905239 0.08301869034767151 -0.004792856052517891 -0.01899999938905239 0.07911978662014008 -0.003964150324463844 -0.01899999938905239 0.08624338358640671 -0.002449953928589821 -0.01899999938905239 0.07775638997554779 -0.002449953928589821 -0.01899999938905239 0.08687309175729752 -0.0005121546564623713 -0.01899999938905239 0.07712668925523758 -0.0005121546564623713 -0.01899999938905239 0.08666009455919266 0.0015142468037083745 -0.01899999938905239 0.07733968645334244 0.0015142468037083745 -0.01899999938905239 0.0856412872672081 0.003278745338320732 -0.01899999938905239 0.0783584862947464 0.003278745338320732 -0.01899999938905239 0.08399289101362228 0.004476448521018028 -0.01899999938905239 0.08000688999891281 0.004476448521018028 -0.01899999938905239 0.08199989050626755 0.004900043830275536 -0.01899999938905239 0.08199989050626755 -0.005149954929947853 -0.01893301121890545 0.0840945914387703 -0.004704752936959267 -0.01893301121890545 0.0799051895737648 -0.004704752936959267 -0.01893301121890545 0.08582708984613419 -0.003445954993367195 -0.01893301121890545 0.07817269116640091 -0.003445954993367195 -0.01893301121890545 0.08689778298139572 -0.001591356354765594 -0.01893301121890545 0.07710199058055878 -0.001591356354765594 -0.01893301121890545 0.08712168782949448 0.0005383474053815007 -0.01893301121890545 0.07687808573246002 0.0005383474053815007 -0.01893301121890545 0.08645988255739212 0.0025750454515218735 -0.01893301121890545 0.07753989100456238 0.0025750454515218735 -0.01893301121890545 0.08502698689699173 0.004166444763541222 -0.01893301121890545 0.07897278666496277 0.004166444763541222 -0.01893301121890545 0.08092918992042542 0.005037544295191765 -0.01893301121890545 0.08307059109210968 0.005037544295191765 -0.01893301121890545 0.08051110804080963 0.010646527633070946 0.020999999716877937 0.07753217965364456 0.009777678176760674 0.020999999716877937 0.07867816835641861 0.010224005207419395 0.020999999716877937 0.08026408404111862 0.010609043762087822 0.020999999716877937 0.08034685254096985 0.010622253641486168 0.020999999716877937 0.07466119527816772 0.007855264469981194 0.020999999716877937 0.07330317050218582 0.006318835541605949 0.020999999716877937 0.07277195155620575 0.005514098331332207 0.020999999716877937 0.07496842741966248 0.008131442591547966 0.020999999716877937 0.0756814107298851 0.00869707576930523 0.020999999716877937 0.07747108489274979 0.009749529883265495 0.020999999716877937 0.07159241288900375 0.0026913192123174667 0.020999999716877937 0.0716170147061348 0.0027847345918416977 0.020999999716877937 0.07177624851465225 0.003322077915072441 0.020999999716877937 0.07274031639099121 0.005460804328322411 0.020999999716877937 0.07177624851465225 -0.0033217910677194595 0.020999999716877937 0.07170626521110535 -0.003098139539361 0.020999999716877937 0.0716632753610611 -0.002951541915535927 0.020999999716877937 0.07125379890203476 -0.00028155918698757887 0.020999999716877937 0.07125082612037659 -0.00012452329974621534 0.020999999716877937 0.07125010341405869 1.4726340680226713E-07 0.020999999716877937 0.07155201584100723 0.0025299470871686935 0.020999999716877937 0.07290685176849365 -0.0057335514575243 0.020999999716877937 0.07296031713485718 -0.00581747479736805 0.020999999716877937 0.0756814107298851 -0.008696788921952248 0.020999999716877937 0.07529131323099136 -0.008399533107876778 0.020999999716877937 0.07524775713682175 -0.008364567533135414 0.020999999716877937 0.07492725551128387 -0.00809537060558796 0.020999999716877937 0.07330317050218582 -0.006318548694252968 0.020999999716877937 0.0778333991765976 -0.009909497573971748 0.020999999716877937 0.07793057709932327 -0.00994979776442051 0.020999999716877937 0.08090801537036896 -0.010694237425923347 0.020999999716877937 0.08076651394367218 -0.010678844526410103 0.020999999716877937 0.08064059913158417 -0.010663541033864021 0.020999999716877937 0.07867816835641861 -0.010223710909485817 0.020999999716877937 0.07547708600759506 0.00026054505724459887 0.020999999716877937 0.07547708600759506 0.00026054505724459887 0.01599999889731407 0.07529889047145844 -0.0007499548373743892 0.020999999716877937 0.07270088791847229 -0.0007499548373743892 0.01599999889731407 0.07529889047145844 -0.0007499548373743892 0.01599999889731407 0.07496409118175507 0.0011491460027173162 0.01599999889731407 0.07252268493175507 0.00026054505724459887 0.01599999889731407 0.08251288533210754 0.0065905433148145676 0.020999999716877937 0.08251288533210754 0.0065905433148145676 0.01599999889731407 0.08148688822984695 0.0065905433148145676 0.020999999716877937 0.08329889178276062 0.007250046357512474 0.01599999889731407 0.08148688822984695 0.0065905433148145676 0.01599999889731407 0.09126729518175125 0.0008024481358006597 0.01599999889731407 0.08942978829145432 0.0013874453725293279 0.01599999889731407 0.08867139369249344 0.0006964487256482244 0.01599999889731407 0.09148649126291275 -0.00019995297770947218 0.01599999889731407 0.08853448182344437 -0.00032045121770352125 0.01599999889731407 0.08853448182344437 -0.00032045121770352125 0.020999999716877937 0.08867139369249344 0.0006964487256482244 0.020999999716877937 0.08199989050626755 -0.006499955430626869 0.020999999716877937 0.08103568851947784 -0.006850855425000191 0.01599999889731407 0.08199989050626755 -0.006499955430626869 0.01599999889731407 0.07348688691854477 -0.0014094504294916987 0.01599999889731407 0.07451289147138596 -0.0014094504294916987 0.01599999889731407 0.07399988919496536 0.0015000459970906377 0.01599999889731407 0.07303568720817566 0.0011491460027173162 0.01599999889731407 0.07496409118175507 0.0011491460027173162 0.020999999716877937 0.08347708731889725 0.008260546252131462 0.01599999889731407 0.08070088922977448 0.007250046357512474 0.01599999889731407 0.08296408504247665 0.00914914719760418 0.01599999889731407 0.08052268624305725 0.008260546252131462 0.01599999889731407 0.08199989050626755 0.009500047191977501 0.01599999889731407 0.08103568851947784 0.00914914719760418 0.01599999889731407 0.08329889178276062 0.007250046357512474 0.020999999716877937 0.09045498818159103 0.0014293474378064275 0.01599999889731407 0.09101008623838425 -0.00110875244718045 0.01599999889731407 0.08908338099718094 -0.0011873560724779963 0.01599999889731407 0.09006109088659286 -0.0014987530885264277 0.01599999889731407 0.08296408504247665 -0.006850855425000191 0.01599999889731407 0.08052268624305725 -0.007739456370472908 0.01599999889731407 0.08347708731889725 -0.007739456370472908 0.01599999889731407 0.08296408504247665 -0.006850855425000191 0.020999999716877937 0.08103568851947784 -0.006850855425000191 0.020999999716877937 0.08070088922977448 -0.008749956265091896 0.01599999889731407 0.08329889178276062 -0.008749956265091896 0.01599999889731407 0.08148688822984695 -0.009409451857209206 0.01599999889731407 0.08251288533210754 -0.009409451857209206 0.01599999889731407 0.07451289147138596 -0.0014094504294916987 0.020999999716877937 0.07348688691854477 -0.0014094504294916987 0.020999999716877937 0.07270088791847229 -0.0007499548373743892 0.020999999716877937 0.07252268493175507 0.00026054505724459887 0.020999999716877937 0.07399988919496536 0.0015000459970906377 0.020999999716877937 0.07303568720817566 0.0011491460027173162 0.020999999716877937 0.08070088922977448 0.007250046357512474 0.020999999716877937 0.08347708731889725 0.008260546252131462 0.020999999716877937 0.08296408504247665 0.00914914719760418 0.020999999716877937 0.08052268624305725 0.008260546252131462 0.020999999716877937 0.08199989050626755 0.009500047191977501 0.020999999716877937 0.08103568851947784 0.00914914719760418 0.020999999716877937 0.08942978829145432 0.0013874453725293279 0.020999999716877937 0.09045498818159103 0.0014293474378064275 0.020999999716877937 0.09101008623838425 -0.00110875244718045 0.020999999716877937 0.09148649126291275 -0.00019995297770947218 0.020999999716877937 0.09126729518175125 0.0008024481358006597 0.020999999716877937 0.08908338099718094 -0.0011873560724779963 0.020999999716877937 0.09006109088659286 -0.0014987530885264277 0.020999999716877937 0.08347708731889725 -0.007739456370472908 0.020999999716877937 0.08052268624305725 -0.007739456370472908 0.020999999716877937 0.08251288533210754 -0.009409451857209206 0.020999999716877937 0.08329889178276062 -0.008749956265091896 0.020999999716877937 0.08070088922977448 -0.008749956265091896 0.020999999716877937 0.08148688822984695 -0.009409451857209206 0.020999999716877937 -0.009229046292603016 0.005512824282050133 0.020800000056624413 -0.00869713444262743 0.0063187237828969955 0.020800000056624413 -0.004407883621752262 0.009804872795939445 0.020800000056624413 -0.0033221328631043434 0.010223885998129845 0.020800000056624413 -0.0015706652775406837 0.01063469611108303 0.020800000056624413 -0.0017094286158680916 0.010613283142447472 0.020800000056624413 -0.007340901531279087 0.007853476330637932 0.020800000056624413 -0.007048019208014011 0.008117346093058586 0.020800000056624413 -0.00700471643358469 0.008154740557074547 0.020800000056624413 -0.00631889421492815 0.008696964010596275 0.020800000056624413 -0.00450787041336298 0.00975930504500866 0.020800000056624413 -0.01041006576269865 0.002682795748114586 0.020800000056624413 -0.010383936576545238 0.0027822162955999374 0.020800000056624413 -0.010224058292806149 0.0033219661563634872 0.020800000056624413 -0.00926277320832014 0.005455968901515007 0.020800000056624413 -0.010746351443231106 -0.0002876388607546687 0.020800000056624413 -0.0103341368958354 -0.0029617715626955032 0.020800000056624413 -0.010292253457009792 -0.003104189410805702 0.020800000056624413 -0.010749365203082561 -0.00013408239465206861 0.020800000056624413 -0.010750201530754566 3.5504694295696027E-08 0.020800000056624413 -0.010449978522956371 0.002522861585021019 0.020800000056624413 -0.00869713444262743 -0.006318660452961922 0.020800000056624413 -0.009037856943905354 -0.005820902064442635 0.020800000056624413 -0.009089251048862934 -0.005740324035286903 0.020800000056624413 -0.010224058292806149 -0.0033219028264284134 0.020800000056624413 -0.007069730199873447 -0.008098380640149117 0.020800000056624413 -0.006736614741384983 -0.00837750919163227 0.020800000056624413 -0.003995389677584171 -0.009979994967579842 0.020800000056624413 -0.004129097796976566 -0.009925426915287971 0.020800000056624413 -0.00418518204241991 -0.009901905432343483 0.020800000056624413 -0.00631889421492815 -0.008696900680661201 0.020800000056624413 -0.0011487239971756935 -0.01068844087421894 0.020800000056624413 -0.0013114335015416145 -0.010669702664017677 0.020800000056624413 -0.0033221328631043434 -0.01022382266819477 0.020800000056624413 0.006522676907479763 -0.00026045169215649366 0.020800000056624413 0.006522676907479763 -0.00026045169215649366 0.015799999237060547 0.006700846366584301 0.0007500482024624944 0.020800000056624413 0.009298927150666714 0.0007500482024624944 0.015799999237060547 0.006700846366584301 0.0007500482024624944 0.015799999237060547 0.007035708986222744 -0.001149052637629211 0.015799999237060547 0.009477096609771252 -0.00026045169215649366 0.015799999237060547 -0.000513141043484211 -0.006590457633137703 0.020800000056624413 -0.000513141043484211 -0.006590457633137703 0.015799999237060547 0.000512915663421154 -0.006590457633137703 0.020800000056624413 -0.0012991512194275856 -0.0072499532252550125 0.015799999237060547 0.000512915663421154 -0.006590457633137703 0.015799999237060547 -1.1269574429206841E-07 0.006500048562884331 0.020800000056624413 0.0009640669450163841 0.006850948557257652 0.015799999237060547 -1.1269574429206841E-07 0.006500048562884331 0.015799999237060547 -0.006534752435982227 0.00032054458279162645 0.020800000056624413 -0.006671563722193241 -0.0006963553605601192 0.015799999237060547 -0.006671563722193241 -0.0006963553605601192 0.020800000056624413 -0.009486722759902477 0.00020004634279757738 0.015799999237060547 -0.006534752435982227 0.00032054458279162645 0.015799999237060547 -0.00926747266203165 -0.0008023547707125545 0.015799999237060547 -0.0074300142005085945 -0.0013873520074412227 0.015799999237060547 0.008512916974723339 0.001409543794579804 0.015799999237060547 0.007486856542527676 0.001409543794579804 0.015799999237060547 0.007999888621270657 -0.0014999526320025325 0.015799999237060547 0.00896406825631857 -0.001149052637629211 0.015799999237060547 0.007035708986222744 -0.001149052637629211 0.020800000056624413 -0.001477324403822422 -0.008260453119874 0.015799999237060547 0.0012989258393645287 -0.0072499532252550125 0.015799999237060547 -0.0009642923250794411 -0.009149054065346718 0.015799999237060547 0.001477099023759365 -0.008260453119874 0.015799999237060547 -1.1269574429206841E-07 -0.00949995405972004 0.015799999237060547 0.0009640669450163841 -0.009149054065346718 0.015799999237060547 -0.001477324403822422 0.00773954950273037 0.015799999237060547 0.0012989258393645287 0.008750049397349358 0.015799999237060547 -0.0012991512194275856 0.008750049397349358 0.015799999237060547 -0.0009642923250794411 0.006850948557257652 0.015799999237060547 0.001477099023759365 0.00773954950273037 0.015799999237060547 -0.0009642923250794411 0.006850948557257652 0.020800000056624413 0.0009640669450163841 0.006850948557257652 0.020800000056624413 -0.0012991512194275856 -0.0072499532252550125 0.020800000056624413 -0.00845522154122591 -0.0014292540727183223 0.015799999237060547 -0.009010364301502705 0.0011088458122685552 0.015799999237060547 0.000512915663421154 0.009409544989466667 0.015799999237060547 -0.000513141043484211 0.009409544989466667 0.015799999237060547 -0.00708360318094492 0.0011874494375661016 0.015799999237060547 -0.00806130189448595 0.001498846453614533 0.015799999237060547 0.007486856542527676 0.001409543794579804 0.020800000056624413 0.008512916974723339 0.001409543794579804 0.020800000056624413 0.009298927150666714 0.0007500482024624944 0.020800000056624413 0.009477096609771252 -0.00026045169215649366 0.020800000056624413 0.007999888621270657 -0.0014999526320025325 0.020800000056624413 0.00896406825631857 -0.001149052637629211 0.020800000056624413 0.0012989258393645287 -0.0072499532252550125 0.020800000056624413 -0.001477324403822422 -0.008260453119874 0.020800000056624413 -0.0009642923250794411 -0.009149054065346718 0.020800000056624413 0.001477099023759365 -0.008260453119874 0.020800000056624413 -1.1269574429206841E-07 -0.00949995405972004 0.020800000056624413 0.0009640669450163841 -0.009149054065346718 0.020800000056624413 -0.0012991512194275856 0.008750049397349358 0.020800000056624413 -0.001477324403822422 0.00773954950273037 0.020800000056624413 -0.00708360318094492 0.0011874494375661016 0.020800000056624413 0.001477099023759365 0.00773954950273037 0.020800000056624413 -0.0074300142005085945 -0.0013873520074412227 0.020800000056624413 -0.00845522154122591 -0.0014292540727183223 0.020800000056624413 -0.009010364301502705 0.0011088458122685552 0.020800000056624413 -0.009486722759902477 0.00020004634279757738 0.020800000056624413 -0.00926747266203165 -0.0008023547707125545 0.020800000056624413 -0.000513141043484211 0.009409544989466667 0.020800000056624413 0.0012989258393645287 0.008750049397349358 0.020800000056624413 0.000512915663421154 0.009409544989466667 0.020800000056624413 -0.00806130189448595 0.001498846453614533 0.020800000056624413 </float_array>
          <technique_common>
            <accessor source="#mesh_1-position-array" count="3164" stride="3">
              <param name="X" type="float" />
              <param name="Y" type="float" />
              <param name="Z" type="float" />
            </accessor>
          </technique_common>
        </source>
        <source id="mesh_1-normal" name="normal">
          <float_array id="mesh_1-normal-array" count="5343">0.06941477954387665 -0.9975878596305847 -6.938893903907228E-18 0.362906277179718 -0.9318256378173828 2.7755575615628914E-17 0.2359270304441452 -0.9717707633972168 1.3877787807814457E-17 0.15638048946857452 -0.9873431324958801 -0.02643265388906002 0.15759395062923431 -0.9871386289596558 -0.026859700679779053 0.14607910811901093 -0.9890053868293762 -0.023005004972219467 0.748622715473175 -0.6617060303688049 -0.041341736912727356 0.7071067690849304 -0.7071067690849304 0 0.8345587253570557 -0.5509189963340759 5.551115123125783E-17 0.6684748530387878 -0.743650496006012 -0.011194838210940361 0.621501624584198 -0.7834128737449646 0 0.4539899528026581 -0.8910068273544312 2.7755575615628914E-17 0.5064912438392639 -0.8612914681434631 -0.04054132103919983 0.41839414834976196 -0.908144474029541 -0.014829752966761589 0.9670198559761047 -0.2546778917312622 -0.003426526440307498 0.9587859511375427 -0.2841292917728424 0 0.891006350517273 -0.4539908468723297 -5.551115123125783E-17 0.9111859202384949 -0.4107443392276764 -0.03208240494132042 0.8598924875259399 -0.5103920698165894 -0.009212533943355083 0.9543696045875549 0.2986280024051666 5.551115123125783E-17 0.9595921039581299 0.28139349818229675 -0.0008439719094894826 0.9876314997673035 0.15642523765563965 -0.010729589499533176 0.9884135127067566 0.15158426761627197 -0.0078071001917123795 0.9998214840888977 0.01889142394065857 -0.0003263565304223448 0.9999831914901733 0.005798910278826952 -5.551115123125783E-17 0.987688422203064 -0.15643389523029327 -5.551115123125783E-17 0.9926238059997559 -0.11847065389156342 -0.02574165165424347 0.9700484871864319 -0.242859348654747 -0.005028413608670235 0.9054431915283203 0.4244674742221832 -5.551115123125783E-17 0.8908698558807373 0.45392128825187683 -0.01750335283577442 0.8433724045753479 0.5373147130012512 -0.003984208684414625 0.6060931086540222 0.795393705368042 0 0.6260755658149719 0.7797583937644958 -0.002489061327651143 0.6431446671485901 0.7657290101051331 -0.00490195257589221 0.7069419026374817 0.7069419026374817 -0.021593116223812103 0.738114595413208 0.6746753454208374 -5.551115123125783E-17 0.8252922296524048 0.5647059082984924 -5.551115123125783E-17 0.4909430146217346 0.871191680431366 2.7755575615628914E-17 0.45389261841773987 0.890815794467926 -0.020706286653876305 0.383056640625 0.923700749874115 -0.0066721090115606785 0.050862424075603485 0.9987056851387024 3.469446951953614E-18 0.10816706717014313 0.994053304195404 -0.012568174861371517 0.12056579440832138 0.9925820231437683 -0.015647972002625465 0.15638437867164612 0.9873676300048828 -0.0254764836281538 0.2186979502439499 0.9757925868034363 0 0.3440253436565399 0.9389603734016418 0 0.8345988392829895 -0.550858199596405 5.551115123125783E-17 0.36003178358078003 -0.9329400062561035 0 0.07323634624481201 -0.9973146319389343 0 0.15638138353824615 -0.9873453974723816 -0.02634243108332157 0.15245680510997772 -0.9879200458526611 -0.02776452712714672 0.23470360040664673 -0.9720669984817505 0 0.7486922144889832 -0.6616228222846985 -0.04141439124941826 0.66929030418396 -0.7429124116897583 -0.011476011946797371 0.6535672545433044 -0.7568305730819702 -0.0075703635811805725 0.6201984882354736 -0.7844449281692505 0 0.4539881646633148 -0.8910077214241028 0 0.5055599212646484 -0.861872673034668 -0.03980715200304985 0.4146113395690918 -0.9098942279815674 -0.013780839741230011 0.9671353697776794 -0.2542383372783661 -0.0034775983076542616 0.9588242769241333 -0.2839999794960022 0 0.8910068273544312 -0.4539899528026581 -5.551115123125783E-17 0.9112861156463623 -0.41050857305526733 -0.032253630459308624 0.8600019216537476 -0.510206937789917 -0.009253006428480148 0.9882957339286804 0.15234030783176422 -0.007998174987733364 0.987634003162384 0.15642674267292023 -0.01047398243099451 0.9593452215194702 0.28223422169685364 -0.0007931202999316156 0.9998077154159546 0.019606927409768105 -0.0003558536700438708 0.9999799132347107 0.006335670128464699 5.551115123125783E-17 0.9876882433891296 -0.15643498301506042 0 0.9926572442054749 -0.11814158409833908 -0.025964537635445595 0.9702147841453552 -0.24219194054603577 -0.005131594371050596 0.8251869082450867 0.5648597478866577 5.551115123125783E-17 0.8431309461593628 0.537693977355957 -0.003926203120499849 0.890872597694397 0.4539215862751007 -0.017355652526021004 0.9052848219871521 0.4248051047325134 -5.551115123125783E-17 0.9542937874794006 0.2988700866699219 -5.551115123125783E-17 0.7379729747772217 0.6748302578926086 5.551115123125783E-17 0.7069428563117981 0.7069428563117981 -0.021532045677304268 0.6422571539878845 0.7664748430252075 -0.004696204327046871 0.377862811088562 0.9258438944816589 -0.005729760508984327 0.386692613363266 0.9221791625022888 -0.007373587694019079 0.4538898766040802 0.890810489654541 -0.02099207043647766 0.49174565076828003 0.8707389235496521 0 0.6074001789093018 0.7943960428237915 0 0.05349079892039299 0.9985683560371399 0 0.11439516395330429 0.9933359026908875 -0.014053471386432648 0.15638399124145508 0.9873758554458618 -0.025159383192658424 0.21648460626602173 0.9762860536575317 1.3877787807814457E-17 0.34052735567092896 0.9402346014976501 0 0.7894152998924255 -0.6138592958450317 -0.00043264596024528146 0.970862865447998 -0.23963563144207 -0.0002765647368505597 0.028246261179447174 0.9996010065078735 1.734723475976807E-18 0.4575231969356537 0.8891938924789429 -0.0025944437365978956 0.20176003873348236 0.9743325114250183 0.09984537959098816 0.3541502356529236 0.9351776838302612 0.004501458257436752 0.289013534784317 0.9570069909095764 0.024674883112311363 0.26932722330093384 0.9625359773635864 0.03142186999320984 0.24365511536598206 0.9689905047416687 0.04110456630587578 0.2007179707288742 0.9778422117233276 0.059471793472766876 0.22227837145328522 0.9738590717315674 0.0468059703707695 0.13928993046283722 0.9900628924369812 0.01933353580534458 0.0853860080242157 0.9963251352310181 0.006741917692124844 0.5806346535682678 0.8080339431762695 0.09972217679023743 0.7034665942192078 0.710644006729126 0.010945984162390232 0.6519895792007446 0.7573912143707275 0.03561055660247803 0.6358363628387451 0.7705833315849304 0.04374268651008606 0.6144077777862549 0.7870535850524902 0.055224064737558365 0.5810410976409912 0.8104444146156311 0.07463963329792023 0.622935950756073 0.7811398506164551 0.04208701476454735 0.5291287899017334 0.8484636545181274 0.01149823423475027 0.45750856399536133 0.8892014622688293 -0.0025944437365978956 0.8281075358390808 0.5605408549308777 0.005646995268762112 0.7796528935432434 0.626203179359436 -0.003312756773084402 0.7796270251274109 0.6262353658676147 -0.0033127570059150457 0.9004591703414917 0.43363797664642334 0.03363616019487381 0.9259045720100403 0.3677999675273895 0.08616234362125397 0.9019351005554199 0.4285185635089874 0.053711120039224625 0.8591163754463196 0.5020251274108887 0.09944750368595123 0.861495852470398 0.507425844669342 0.018543267622590065 0.8837847709655762 0.46656426787376404 0.035245951265096664 0.8940742611885071 0.4456482529640198 0.04504247382283211 0.9844317436218262 0.17575880885124207 0.0017343061044812202 0.9669916033744812 0.2547990381717682 -0.0021725359838455915 0.966957688331604 0.2549276649951935 -0.0021725359838455915 0.9708234667778015 -0.23979505896568298 -0.00027656485326588154 0.9870026111602783 -0.1607021987438202 0.0007916237809695303 0.9991514682769775 0 0.04118619114160538 0.9967015981674194 -0.04157775640487671 0.06969363242387772 0.9988790154457092 0.02315106987953186 0.04128913953900337 0.9890182614326477 0.10916534811258316 0.09962805360555649 0.9934810400009155 0.11347826570272446 0.010868318378925323 0.9975473284721375 0.06523998826742172 0.025358520448207855 0.998554527759552 0.04176315292716026 0.033834122121334076 0.7894985675811768 -0.6137522459030151 -0.00043264590203762054 0.8360192775726318 -0.5486719608306885 0.005551691632717848 0.8999758958816528 -0.4334052503108978 0.04693888872861862 0.8941218256950378 -0.4444636404514313 0.05475650727748871 0.9217506647109985 -0.386586457490921 0.030439522117376328 0.9479241371154785 -0.30253151059150696 0.09957156330347061 0.9538675546646118 -0.3001854717731476 0.0050418926402926445 0.9374797344207764 -0.34762147068977356 0.017061585560441017 0.928968608379364 -0.36937415599823 0.02408478781580925 0.428650438785553 -0.9034702777862549 -0.000547926698345691 0.4713403880596161 -0.8819505572319031 0.001212966162711382 0.5397622585296631 -0.8417317271232605 0.012017548084259033 0.6226817965507507 -0.7808171510696411 0.05091124400496483 0.6359413862228394 -0.7706232666969299 0.041452474892139435 0.684113085269928 -0.729069173336029 0.021152932196855545 0.7429178357124329 -0.6619576215744019 0.09942418336868286 0.7494080662727356 -0.662107527256012 0.0010621107649058104 0.7143110036849976 -0.6997526288032532 0.010298231616616249 0.6976260542869568 -0.7162846326828003 0.015943532809615135 0.024032406508922577 -0.9997111558914185 -9.520734352008731E-07 0.07147731631994247 -0.9974314570426941 0.0046380190178751945 0.14919550716876984 -0.9886035323143005 0.020095186308026314 0.22220411896705627 -0.9735477566719055 0.05319910869002342 0.2671918570995331 -0.9631826281547546 0.029795531183481216 0.32763418555259705 -0.9447087645530701 0.013462341390550137 0.4094230532646179 -0.906924843788147 0.0992981418967247 0.41124898195266724 -0.9115228652954102 -0.0005478298990055919 0.3671654760837555 -0.9301413297653198 0.005156261380761862 0.34519657492637634 -0.9384835362434387 0.009378133341670036 0.9742648601531982 0.2254061996936798 -7.613554043928161E-05 0.014605597592890263 0.999893307685852 -5.761637567047728E-07 0.39995360374450684 0.9111108183860779 0.09956999868154526 0.44567927718162537 0.8951926827430725 -2.0810253772651777E-05 0.08588723093271255 0.9962806105613708 0.00695361103862524 0.06728580594062805 0.9977248311042786 0.004211439751088619 0.04353303462266922 0.9990507364273071 0.001583595178090036 0.3980496823787689 0.9173638820648193 5.1899070967920125E-05 0.3409057855606079 0.9400534629821777 0.00909590907394886 0.22235262393951416 0.9741999506950378 0.03864918276667595 0.27252304553985596 0.959566593170166 0.07044988125562668 0.14948678016662598 0.9885867834091187 0.018704906105995178 0.7359539270401001 0.6696699857711792 0.09956878423690796 0.7717110514640808 0.6359732747077942 4.158427327638492E-05 0.48406097292900085 0.8750292658805847 0.0029526480939239264 0.46758148074150085 0.8839490413665771 0.0012649846030399203 0.4463290572166443 0.8948689103126526 -2.0810273781535216E-05 0.7368425130844116 0.6760573387145996 0.0030917145777493715 0.6943848729133606 0.719438374042511 0.01542931329458952 0.6229034066200256 0.7810950875282288 0.04337933287024498 0.6366491317749023 0.7693027257919312 0.053396135568618774 0.5399154424667358 0.8416450023651123 0.01118010189384222 0.944718062877655 0.3124232888221741 0.09949612617492676 0.9742417931556702 0.225505992770195 -7.613544585183263E-05 0.9697974324226379 0.2439115196466446 0.00037315808003768325 0.9635813236236572 0.26740920543670654 0.0018159670289605856 0.9481613636016846 0.3176940977573395 0.007779057137668133 0.927264928817749 0.3736821115016937 0.023267550393939018 0.8999981880187988 0.4334160089492798 0.046409010887145996 0.8940423727035522 0.4462487995624542 0.039372529834508896 0.8360543847084045 0.5486223101615906 0.005156261380761862 0.7982967495918274 0.6022640466690063 0.0006007009069435298 0.7867938280105591 0.6172158718109131 -2.5780174837564118E-05 0.786994457244873 0.6169600486755371 -2.578009298304096E-05 0.9901123642921448 -0.09886468201875687 0.09951531141996384 0.9669745564460754 -0.25486481189727783 -0.0020212200470268726 0.9669764041900635 -0.2548578679561615 -0.0020212200470268726 0.9817503690719604 -0.19017162919044495 0.0009553228737786412 0.9852129220962524 -0.17131614685058594 0.002500021830201149 0.9891150593757629 -0.14704710245132446 0.005347747355699539 0.9953094124794006 -0.09571046382188797 0.014096013270318508 0.9987801313400269 -0.03710632771253586 0.032577916979789734 0.9988597631454468 0 0.04774026945233345 0.998581051826477 0.04551216587424278 0.02765110693871975 0.9870012402534485 0.16071109473705292 0.0007330701337195933 0.7796651124954224 -0.6261891722679138 -0.0030769584700465202 0.7796840071678162 -0.6261656284332275 -0.003076958702877164 0.8197335600852966 -0.5727328658103943 0.0037344919983297586 0.8306546211242676 -0.5567513108253479 0.006393507122993469 0.8442437648773193 -0.53585284948349 0.010687487199902534 0.9313327670097351 -0.3637267053127289 0.017947634682059288 0.8999573588371277 -0.4333963096141815 0.04737497866153717 0.8962987661361694 -0.4413302540779114 0.04331473261117935 0.8700379133224487 -0.49249234795570374 0.0220293328166008 0.8643031716346741 -0.49303680658340454 0.09947222471237183 0.45761343836784363 -0.8891479969024658 -0.002407191786915064 0.4576067328453064 -0.8891514539718628 -0.002407191786915064 0.5163247585296631 -0.8563528060913086 0.008281846530735493 0.5330127477645874 -0.8460208773612976 0.01208716444671154 0.5541993379592896 -0.8321923017501831 0.017864277586340904 0.7034739851951599 -0.7106487154960632 0.010137233883142471 0.6228481531143188 -0.7810297608375549 0.045307137072086334 0.6376184821128845 -0.7683546543121338 0.055442214012145996 0.5940253734588623 -0.8038270473480225 0.03155777230858803 0.5890493988990784 -0.8019599914550781 0.09940317273139954 0.028283579275012016 -0.9995999336242676 -1.734723475976807E-18 0.211920827627182 -0.9721970558166504 0.09961119294166565 0.08544466644525528 -0.99632328748703 0.006256388500332832 0.1240474283695221 -0.9921684861183167 0.014625152572989464 0.1438988596200943 -0.9893975257873535 0.019638733938336372 0.1692323088645935 -0.9852080941200256 0.026934079825878143 0.21517090499401093 -0.9756447076797485 0.042648330330848694 0.22228458523750305 -0.9738879203796387 0.0461728610098362 0.27418991923332214 -0.9612942934036255 0.027076290920376778 0.35410115122795105 -0.9351978302001953 0.004172112792730331 -1 0 0 1 0 0 -0.19510449469089508 -0.9807824492454529 0 -0.19511231780052185 -0.9807808995246887 1.3877787807814457E-17 -0.19511300325393677 -0.9807807803153992 -7.302329777303385E-06 -0.5555412769317627 -0.8314889669418335 0 -0.5555416941642761 -0.8314886689186096 -5.392937509896001E-06 0.19510449469089508 -0.9807824492454529 0 -0.5555363893508911 -0.8314922451972961 5.551115123125783E-17 0.19511231780052185 -0.9807808995246887 -1.3877787807814457E-17 0.19511300325393677 -0.9807807803153992 7.302329777303385E-06 -0.8314873576164246 -0.5555437207221985 -5.551115123125783E-17 -0.8314869403839111 -0.5555443167686462 8.086453817668371E-06 0.5555363893508911 -0.8314922451972961 -5.551115123125783E-17 -0.8314922451972961 -0.5555363893508911 0 0.5555428862571716 -0.8314878940582275 0 0.5555434823036194 -0.8314874768257141 7.192563316493761E-06 -0.9807808995246887 -0.19511231780052185 -5.551115123125783E-17 -0.9807807803153992 -0.19511300325393677 7.302329777303385E-06 0.8314922451972961 -0.5555363893508911 0 -0.9807824492454529 -0.19510449469089508 5.551115123125783E-17 0.8314873576164246 -0.5555437207221985 5.551115123125783E-17 0.8314869403839111 -0.5555443167686462 -8.086453817668371E-06 -0.9807808995246887 0.19511231780052185 -5.551115123125783E-17 -0.9807807803153992 0.19511300325393677 -7.302329777303385E-06 0.9807824492454529 -0.19510449469089508 -5.551115123125783E-17 -0.9807824492454529 0.19510449469089508 5.551115123125783E-17 0.9807802438735962 -0.19511571526527405 -5.551115123125783E-17 0.9807800054550171 -0.19511669874191284 -1.0479470802238211E-05 -0.8314873576164246 0.5555437207221985 -5.551115123125783E-17 -0.8314869403839111 0.5555443167686462 -8.086453817668371E-06 0.9807824492454529 0.19510449469089508 -5.551115123125783E-17 -0.8314922451972961 0.5555363893508911 0 0.9807802438735962 0.19511571526527405 -5.551115123125783E-17 0.9807800054550171 0.19511669874191284 1.0479470802238211E-05 -0.5555437207221985 0.8314873576164246 0 -0.5555443167686462 0.8314869403839111 8.086453817668371E-06 0.8314922451972961 0.5555363893508911 0 -0.5555363893508911 0.8314922451972961 5.551115123125783E-17 0.8314873576164246 0.5555437207221985 5.551115123125783E-17 0.8314869403839111 0.5555443167686462 8.086453817668371E-06 -0.19510449469089508 0.9807824492454529 0 0.5555567741394043 0.8314785957336426 0 -0.19511300325393677 0.9807807803153992 -7.302329777303385E-06 -0.19511231780052185 0.9807808995246887 1.3877787807814457E-17 0.5555443167686462 0.8314869403839111 5.551115123125783E-17 0.5555453300476074 0.8314862251281738 1.1600516700127628E-05 0.19510449469089508 0.9807824492454529 0 0.19511300325393677 0.9807807803153992 7.302329777303385E-06 0.19511231780052185 0.9807808995246887 -1.3877787807814457E-17 -0.7071029543876648 0 0.707110583782196 0.8047226667404175 -0.5935980081558228 0.007929972372949123 0 0 1 -0.7071148157119751 0 0.7070987224578857 0.6424303650856018 -0.765674889087677 -0.03201883286237717 0.9784504175186157 -0.20608821511268616 -0.012745698913931847 0.9396944642066956 -0.34201502799987793 0 0.8088393211364746 0.5880174040794373 -0.003814979223534465 0.9774977564811707 0.21071410179138184 0.009882725775241852 0.3903237283229828 -0.9202542304992676 0.02791963703930378 0.9846028089523315 -0.1735997051000595 -0.020504089072346687 0.4999745190143585 -0.8660401105880737 -2.7755575615628914E-17 0.8657360672950745 0.49982383847236633 -0.026023002341389656 0 -0.9995219707489014 -0.030915768817067146 -0.25334781408309937 -0.9670168161392212 0.026331676170229912 -0.17367349565029144 -0.984803318977356 0 -0.7660384178161621 -0.6427947878837585 0 -0.7391912937164307 -0.6734670400619507 -0.006194844376295805 -0.5736487507820129 -0.8191013932228088 0 0.39047059416770935 0.9206005334854126 0.005230293143540621 -0.17367349565029144 0.984803318977356 0 0.3419675827026367 0.9396357536315918 -0.011950301006436348 0.9396957755088806 0.34201154112815857 0 -0.2534198760986328 0.9672918915748596 0.011171137914061546 -0.7070779800415039 0.7071355581283569 -5.551115123125783E-17 -0.7660315632820129 0.6427890062332153 -0.004230924881994724 -0.34193742275238037 0.9395601749420166 -0.017477786168456078 -0.9847980737686157 0.17365142703056335 0.004228841047734022 -0.7915685176849365 0.6108630299568176 0.01629890501499176 -0.9999910593032837 0 -0.004229329526424408 -0.999789297580719 0 0.020527346059679985 -0.8658170700073242 0.49987056851387024 -0.022141452878713608 0.8088351488113403 0.5880230665206909 -0.0038148625753819942 -0.7915656566619873 0.6108667254447937 0.016298631206154823 -0.6424919366836548 -0.7657482624053955 -0.028874283656477928 -0.8658170104026794 0.49987056851387024 -0.02214278280735016 -0.7914476990699768 -0.6107697486877441 0.023891573771834373 -0.9844782948493958 -0.17357775568962097 -0.025946058332920074 -0.7914448380470276 -0.610773503780365 0.023892050608992577 -0.6424919962882996 -0.7657483220100403 -0.02887224778532982 -0.253347784280777 -0.9670167565345764 0.02633424662053585 1.734723475976807E-18 -0.9995220899581909 -0.030913110822439194 0.3903172016143799 -0.9202569723129272 0.027921058237552643 -0.6427406668663025 0.766083836555481 0 -0.422773152589798 0.9062355160713196 -2.7755575615628914E-17 -0.6991194486618042 0.6991621255874634 0.14968052506446838 -0.25884878635406494 0.9658650755882263 0.010097294114530087 -0.8635523319244385 0.4985339641571045 -0.07577123492956161 -0.95505690574646 0.25589531660079956 0.14961247146129608 -0.984807550907135 0.17364947497844696 0 0 -1 0 0 0 -1 0.9634178876876831 -0.2680037319660187 0 0.9634178876876831 0.2680037319660187 0 0.6865965723991394 0.7270386219024658 0 0.4999745190143585 0.8660401105880737 -2.7755575615628914E-17 0 1 0 0 0.9480432868003845 0.3181413412094116 0 0.9480432868003845 -0.3181413412094116 0 0.7270386219024658 0.6865965723991394 0 0.7270386219024658 -0.6865965723991394 -5.551115123125783E-17 0.2680058777332306 0.9634172916412354 0 0.2680058777332306 0.9634172916412354 5.551115123125783E-17 0.2680058777332306 -0.9634172916412354 0 -0.2680058777332306 0.9634172916412354 0 0.2680058777332306 -0.9634172916412354 -5.551115123125783E-17 -0.2680058777332306 0.9634172916412354 0 -0.2680058777332306 -0.9634172916412354 0 -0.7270432114601135 0.6865916848182678 0.6865916848182678 -0.7270432114601135 0 -0.6865916848182678 -0.7270432114601135 0 0 -0.948038637638092 0.3181551992893219 -0.866025984287262 -0.4999990165233612 0 -0.8660182356834412 -0.49999454617500305 0.004230859223753214 -0.7071067690849304 0 -0.7071067690849304 0.8087510466575623 0.5881403684616089 0.0035583204589784145 0.8657698631286621 0.4998433291912079 0.024479229003190994 0.39047127962112427 0.9206021428108215 -0.004881617613136768 0.8048949241638184 -0.5933706760406494 -0.007446371018886566 0.9775283932685852 0.2105981856584549 -0.009309172630310059 0.9784267544746399 -0.20624618232250214 0.01198216900229454 0.3419707417488098 0.9396443963050842 0.011153722181916237 0.9846258163452148 -0.17360375821590424 0.019332880154252052 -0.7660384178161621 0.6427947878837585 0 -0.7457058429718018 0.6662586331367493 0.004718930460512638 -0.9847980737686157 0.17365142703056335 -0.004228841047734022 -0.7070779800415039 0.7071355581283569 0 -0.9999910593032837 0 0.004229329526424408 -0.9848068952560425 0.17365297675132751 0 0.8047264218330383 -0.5935928225517273 0.0079310592263937 0.9784504175186157 -0.20608831942081451 -0.012745209969580173 0.9774978160858154 0.21071399748325348 0.009882242418825626 0.9846028089523315 -0.1735997051000595 -0.02050369791686535 0.49998268485069275 -0.8660354018211365 2.7755575615628914E-17 0.8657360672950745 0.49982380867004395 -0.02602417767047882 0.9396944642066956 0.34201502799987793 0 -0.7070707678794861 0.7071427702903748 0 -0.7660315632820129 0.6427890062332153 -0.004231373779475689 -0.9847980737686157 0.17365142703056335 0.004228719975799322 -0.2587214410305023 -0.9658991098403931 0.010104835964739323 -0.422773152589798 -0.9062355160713196 -2.7755575615628914E-17 -0.25884881615638733 -0.9658651351928711 0.010089635848999023 -0.6427280306816101 -0.766094446182251 0 -0.6991167068481445 -0.6991594433784485 0.14970599114894867 -0.863558292388916 -0.49852505326271057 -0.07576200366020203 -0.95505690574646 -0.25589531660079956 0.14961247146129608 -0.984807550907135 -0.17364947497844696 0 -0.2587215006351471 0.9658993482589722 0.010082094930112362 0.7071067690849304 0.7071067690849304 0 -0.08719398826360703 0.9961913228034973 -6.938893903907228E-18 -0.7071078419685364 0 0.7071057558059692 0.7071060538291931 0 0.7071074843406677 -0.6865965723991394 0.7270386219024658 0 -0.9634178876876831 0.2680037319660187 0 -0.9634178876876831 -0.2680037319660187 0 0 -0.948038637638092 -0.3181551992893219 0 -0.7270432114601135 -0.6865916848182678 5.551115123125783E-17 -0.2680058777332306 -0.9634172916412354 -2.7755575615628914E-17 -0.9480384588241577 0.31815576553344727 0.9634178876876831 -0.2680037319660187 -5.551115123125783E-17 0 -0.7270448803901672 0.6865899562835693 5.551115123125783E-17 -0.7270448803901672 0.6865899562835693 0 -0.26800158619880676 0.9634184837341309 -2.7755575615628914E-17 -0.9480383396148682 -0.31815606355667114 0 0.26800158619880676 0.9634184837341309 0.9634178876876831 0.2680037319660187 -5.551115123125783E-17 -5.551115123125783E-17 -0.7270448803901672 -0.6865899562835693 0 -0.7270448803901672 -0.6865899562835693 0 -0.26800212264060974 -0.9634183049201965 0 0.26800212264060974 -0.9634183049201965 0 0.9480431079864502 0.318141907453537 0 0.7270402312278748 0.6865948438644409 -0.9634178876876831 0.2680037319660187 5.551115123125783E-17 0 0.9480429887771606 -0.31814220547676086 0 0.7270402312278748 -0.6865948438644409 -0.9634178876876831 -0.2680037319660187 5.551115123125783E-17 0.7071077227592468 0 0.707105815410614 0.7071083188056946 0 -0.707105278968811 -0.25887542963027954 -0.9659107327461243 0 -0.34203585982322693 0.9395912289619446 0.013407707214355469 -0.865950882434845 0.4999493658542633 0.013406563550233841 -0.6427327990531921 0.7659733891487122 -0.013392133638262749 0.7659866809844971 -0.6428564190864563 5.551115123125783E-17 0.9847185015678406 -0.17363739013671875 -0.01339697651565075 0.9847185015678406 0.17363739013671875 0.01339697651565075 0.34207624197006226 -0.9396722316741943 2.7755575615628914E-17 -0.707103967666626 0 0.7071096301078796 0.17367161810398102 0.9848036170005798 0 0.5736487507820129 0.8191013932228088 0 0.7660369277000427 0.6427826285362244 0.004228437785059214 0.7391958832740784 0.6734619736671448 -0.006195032969117165 0.866025984287262 0.4999990165233612 0 0.8660182356834412 0.49999454617500305 -0.0042302547954022884 0.8660182356834412 0.49999454617500305 0.0042302547954022884 0.9999910593032837 0 -0.00423002801835537 0.9848050475120544 -0.17366354167461395 5.551115123125783E-17 0.9847962260246277 -0.1736619919538498 0.004228672012686729 0.7660369277000427 -0.6427826285362244 -0.004230793099850416 0.7070851922035217 -0.7071283459663391 5.551115123125783E-17 0.3903433382511139 -0.9203004837036133 -0.026059648022055626 0.6424728035926819 -0.7657254934310913 0.02988623082637787 -1.734723475976807E-18 -0.9995835423469543 0.028856508433818817 -0.2533591389656067 -0.9670600295066833 -0.024577340111136436 -0.7660315632820129 -0.6427890658378601 0.0042283060029149055 -0.6425264477729797 -0.7657893896102905 0.026950791478157043 -0.8660182356834412 -0.49999454617500305 -0.004230859689414501 -0.791476845741272 -0.6107922196388245 -0.0222996324300766 -0.9998164176940918 0 -0.019159384071826935 -0.9845210313796997 -0.17358528077602386 0.024217383936047554 -0.8658444285392761 0.4998863637447357 0.02066601812839508 -0.7915821075439453 0.6108734607696533 -0.01521257869899273 -0.34194415807724 0.939578652381897 0.01631292887032032 -0.2534219026565552 0.9672996401786804 -0.010426484048366547 0.7070851922035217 -0.7071283459663391 0 0.17367161810398102 -0.9848036170005798 0 -0.4999792277812958 -0.8660373687744141 0 -0.9396910071372986 -0.34202465415000916 5.551115123125783E-17 -0.9396922588348389 0.3420211374759674 0 -0.4999792277812958 0.8660373687744141 0 0.7660437822341919 0.6427884101867676 -5.551115123125783E-17 0.808746874332428 0.5881460905075073 0.003558211727067828 0.8657698035240173 0.4998432993888855 0.024480333551764488 0.804898738861084 -0.5933654308319092 -0.00744739081710577 0.9775283932685852 0.21059809625148773 -0.009308717213571072 0.9784267544746399 -0.2062462717294693 0.01198170892894268 0.9846258163452148 -0.17360375821590424 0.019332509487867355 -0.7457035779953003 0.6662611365318298 0.004719449672847986 -0.9847980737686157 0.17365142703056335 -0.004228719975799322 -0.8660286664962769 -0.49999430775642395 -5.551115123125783E-17 -0.3329998850822449 0.13834531605243683 -0.9327226877212524 -0.2040388286113739 0.04678051546216011 -0.9778444170951843 -0.32464155554771423 -0.2603091299533844 -0.9093112945556641 -0.19566072523593903 -0.2871394455432892 -0.9376928210258484 -0.0685502216219902 0 -0.9976476430892944 0.7071064114570618 -0.7071071267127991 5.245285137789324E-05 -0.2550157606601715 -0.31477460265159607 -0.9142668843269348 -0.06622487306594849 -0.2582499384880066 -0.963805615901947 0.707107663154602 -0.7071058750152588 9.322129130850954E-07 -0.30716758966445923 -0.6729357242584229 -0.6729083061218262 -5.551115123125783E-17 -0.2588180899620056 -0.9659260511398315 -5.551115123125783E-17 -0.7071211934089661 -0.7070924043655396 -0.866020917892456 -0.4999898374080658 0.00423112278804183 0 0.948038637638092 0.3181551992893219 0 0.7270432114601135 0.6865916848182678 0.6865916848182678 0.7270432114601135 0 -0.9847185015678406 -0.17363739013671875 0.013396975584328175 -0.9847185015678406 0.17363739013671875 -0.013396975584328175 -0.865950882434845 -0.4999493658542633 -0.013406563550233841 -0.7659866809844971 -0.6428564190864563 -5.551115123125783E-17 0.25887542963027954 -0.9659107327461243 0 -0.34207624197006226 -0.9396722316741943 -2.7755575615628914E-17 0.7070779800415039 -0.7071355581283569 5.551115123125783E-17 0.9659277200698853 -0.2588118612766266 0 0.7659866809844971 -0.6428564190864563 0 0.865950882434845 -0.4999493658542633 0.013406564481556416 -0.8659650683403015 -0.499924898147583 -0.01340011227875948 -0.7660501003265381 -0.6427809000015259 0 -0.3420727252960205 -0.9396734833717346 0 -0.08719398826360703 -0.9961913228034973 -6.938893903907228E-18 0.34206923842430115 -0.9396747350692749 0 0.7660501003265381 -0.6427809000015259 0 0.8659650683403015 -0.499924898147583 0.013400113210082054 0.7070779800415039 -0.7071355581283569 0 -8.673617379884035E-19 0.9999102354049683 -0.01339659746736288 0.34203585982322693 0.9395912289619446 0.013407707214355469 0.6427327990531921 0.7659733891487122 -0.013392133638262749 0.865950882434845 0.4999493658542633 0.013406563550233841 0.9847185015678406 0.17363739013671875 -0.013396975584328175 0.9847185015678406 -0.17363739013671875 0.013396975584328175 0.865950882434845 -0.4999493658542633 -0.013406563550233841 -0.9659277200698853 -0.2588118612766266 0 -0.7070779800415039 -0.7071355581283569 -5.551115123125783E-17 -0.2588118612766266 0.9659277200698853 0 0.9659610986709595 0.25868740677833557 0 0.7070132493972778 0.7072003483772278 0 0.2588619887828827 0.9659143090248108 -2.7755575615628914E-17 0.2588619887828827 -0.9659143090248108 -2.7755575615628914E-17 0.7070132493972778 -0.7072003483772278 0 0.9659610986709595 -0.25868740677833557 0 -0.707107663154602 0 -0.7071058750152588 0.7071058750152588 0 -0.707107663154602 -0.7071059346199036 0.7071076035499573 0 0.6946782469749451 -0.09882897883653641 -0.7124991416931152 0.6980957984924316 0 -0.7160043716430664 0.4472329616546631 0 -0.8944175243377686 -0.3903433084487915 0.9203004240989685 0.026061920449137688 -0.6424806714057922 0.7657188773155212 -0.02988622523844242 1.734723475976807E-18 0.9995836615562439 -0.028854014351963997 -0.8048955798149109 0.5933697819709778 0.007444546092301607 0.2533591091632843 0.9670599699020386 0.02458035759627819 0.7071029543876648 0 0.707110583782196 -0.9784268736839294 0.20624567568302155 -0.011984364129602909 0.6425343155860901 0.76578289270401 -0.026948455721139908 0.7071148753166199 0 0.707098662853241 -0.9846245646476746 0.17361079156398773 -0.01933339424431324 0.7914739847183228 0.6107959747314453 0.022298552095890045 -0.9775283932685852 -0.21059823036193848 0.009309175424277782 0.9845197796821594 0.17359232902526855 -0.02421712875366211 -0.8087517023086548 -0.5881394147872925 -0.0035603453870862722 -0.865766704082489 -0.49984875321388245 -0.02447991631925106 0.9998164176940918 0 0.019161857664585114 -0.39046478271484375 -0.920604944229126 0.004880751948803663 0.865841269493103 -0.49989184737205505 -0.02066432684659958 -0.3419707417488098 -0.9396443963050842 -0.011152232997119427 0.7915791869163513 -0.6108771562576294 0.015213833190500736 0.2534219026565552 -0.9672996401786804 0.010429509915411472 0.3419465124607086 -0.9395778775215149 -0.01631045527756214 0.3419465124607086 -0.9395778179168701 -0.01631278730928898 0.2534219026565552 -0.9672996401786804 0.010427108034491539 0.7915821075439453 -0.6108734607696533 0.015212572179734707 -0.3419707417488098 -0.9396443963050842 -0.011154565960168839 -0.39047127962112427 -0.9206021428108215 0.004880645778030157 -0.8087475895881653 -0.5881451368331909 -0.003560236655175686 0.9845197796821594 0.17359232902526855 -0.024216698482632637 -0.8657666444778442 -0.49984875321388245 -0.024481020867824554 0.791476845741272 0.6107922196388245 0.022299623116850853 -0.9775283932685852 -0.2105981409549713 0.009308720007538795 0.642530083656311 0.7657864093780518 -0.026949718594551086 -0.9846245646476746 0.17361079156398773 -0.019333023577928543 0.2533591389656067 0.9670600295066833 0.02457795850932598 -0.9784268140792847 0.2062457650899887 -0.011983904056251049 -0.8048993945121765 0.5933645367622375 0.007445565890520811 1.734723475976807E-18 0.9995835423469543 -0.028856495395302773 -0.6424763798713684 0.7657224535942078 -0.029887087643146515 -0.3903433382511139 0.9203004837036133 0.02605963684618473 -0.9659233093261719 -0.25882840156555176 0 -0.7071059346199036 -0.7071076035499573 0 -0.7619751691818237 -0.612892210483551 -0.20918168127536774 -0.741723895072937 -0.6294260621070862 -0.2316645383834839 0.7071062922477722 -0.7071073055267334 2.656080869201105E-05 -0.5054919719696045 -0.850671648979187 -0.14434535801410675 -0.6108096241950989 -0.5599725842475891 -0.559769868850708 0.7071086764335632 -0.7071048617362976 5.551115123125783E-17 -0.2537151873111725 -0.9171442985534668 -0.3073677122592926 -0.30730995535850525 -0.6730113625526428 -0.6727676391601562 -0.6697590351104736 -0.4549730718135834 -0.5868750810623169 -0.17189815640449524 -0.9515399932861328 -0.25499552488327026 -0.5068851709365845 -0.16449405252933502 -0.8461732268333435 -0.17777499556541443 -0.9840711355209351 -1.3877787807814457E-17 0 -0.9659179449081421 -0.25884854793548584 0.34203585982322693 0.9395912289619446 -0.013407708145678043 -0.34203585982322693 0.9395912289619446 -0.013407708145678043 0.865950882434845 0.4999493658542633 -0.013406564481556416 -8.673617379884035E-19 0.9999102354049683 0.01339659746736288 0.6427327990531921 0.7659733891487122 0.013392133638262749 -0.6427327990531921 0.7659733891487122 0.013392133638262749 -0.7070779800415039 -0.7071355581283569 0 -0.7792139053344727 -0.6267580986022949 0 -0.5108418464660645 -0.8596746921539307 0 -0.7071045637130737 0 -0.7071090340614319 -0.8047271370887756 0.5935919284820557 -0.007929107174277306 -0.6424339413642883 0.7656718492507935 0.03201977536082268 -0.9784504175186157 0.2060879021883011 0.01274751778692007 0.7071067690849304 0 -0.7071067690849304 -0.3903237283229828 0.9202542304992676 -0.027919646352529526 -0.9846015572547913 0.1736067533493042 0.020504243671894073 1.734723475976807E-18 0.9995219707489014 0.03091577999293804 -0.9774978160858154 -0.2107139527797699 -0.009882238693535328 0.25334781408309937 0.9670168161392212 -0.02633235789835453 -0.8657329082489014 -0.4998292624950409 0.026024863123893738 -0.8088359236717224 -0.5880220532417297 0.0038170376792550087 0.6424955129623413 0.7657452821731567 0.028873158618807793 -0.39047059416770935 -0.9206005334854126 -0.005229255650192499 0.7914476990699768 0.6107697486877441 -0.02389158308506012 -0.3419675827026367 -0.9396357536315918 0.011951214633882046 0.9844771027565002 0.17358480393886566 0.025945346802473068 0.2534198760986328 -0.9672918915748596 -0.011171815916895866 0.9997892379760742 0 -0.020530011504888535 0.341939777135849 -0.9395593404769897 0.017477648332715034 0.8658139109611511 -0.4998760521411896 0.02213965728878975 0.7660437822341919 -0.6427884101867676 0 0.7915685176849365 -0.6108630299568176 -0.016298910602927208 0.9999910593032837 0 0.00423002801835537 0.7457118630409241 -0.6662518382072449 0.0047187888994812965 0.9847962260246277 -0.1736619919538498 -0.004228671547025442 -0.8660286664962769 0.49999430775642395 0 -0.34206661581993103 0.9396756887435913 0 -0.9848050475120544 -0.17366354167461395 5.551115123125783E-17 0.34206661581993103 0.9396756887435913 0 -0.25887900590896606 -0.9659097790718079 0 0.8660286664962769 0.49999430775642395 0 0.17777499556541443 -0.9840711355209351 1.3877787807814457E-17 0.5108234286308289 -0.8596856594085693 0 -0.6427894234657288 -0.766042947769165 0 -0.8660286664962769 0.49999430775642395 -5.551115123125783E-17 0.642784059047699 -0.7660474181175232 -5.551115123125783E-17 0.390336811542511 -0.920303225517273 -0.02606097422540188 -3.469446951953614E-18 -0.9995836615562439 0.02885402739048004 -0.2533591091632843 -0.9670599699020386 -0.024579739198088646 -0.6425265073776245 -0.7657894492149353 0.026948891580104828 -0.866020917892456 -0.4999898374080658 -0.00423112278804183 -0.791473925113678 -0.6107959747314453 -0.022300077602267265 -0.8658443689346313 0.4998863637447357 0.020667260512709618 -0.7915791869163513 0.6108771562576294 -0.01521232258528471 -0.3329998850822449 -0.13834531605243683 -0.9327226877212524 -0.2040388286113739 -0.04678051546216011 -0.9778444170951843 0.7071064114570618 0.7071071267127991 5.245285137789324E-05 0.707107663154602 0.7071058750152588 9.322129130850954E-07 0.7071062922477722 0.7071073055267334 2.656080869201105E-05 0.7071086764335632 0.7071048617362976 5.551115123125783E-17 2.7755575615628914E-17 0.9659107327461243 -0.25887542963027954 -5.551115123125783E-17 0.7071211934089661 -0.7070924043655396 -5.551115123125783E-17 0.25882530212402344 -0.9659241437911987 0.21633249521255493 -0.2526892125606537 -0.9430527091026306 0.2532760202884674 -0.2059628665447235 -0.945214569568634 0.2810971438884735 -0.6786388754844666 -0.6785526275634766 0.6680707931518555 -0.17186157405376434 -0.723978579044342 0.7101324796676636 -0.4978829324245453 -0.4978196620941162 0.281139999628067 -0.6786006689071655 -0.6785730719566345 0.7067409157752991 -0.03216567635536194 -0.7067409157752991 0.7101737260818481 -0.4978916049003601 -0.49775218963623047 0.2162865698337555 -0.9430545568466187 -0.2527215778827667 0.9605296850204468 -0.10554764419794083 -0.2573759853839874 0.9493334889411926 -0.22225387394428253 -0.22219163179397583 0.6681928038597107 -0.7238832116127014 -0.17178910970687866 0.25330641865730286 -0.945222795009613 -0.2058875560760498 0.9659250974655151 0 -0.2588216960430145 0.9605105519294739 -0.25736701488494873 -0.10574353486299515 0.7067144513130188 -0.7067432403564453 -0.03269099071621895 0.25885215401649475 -0.9659169316291809 0 0.9659260511398315 -0.2588180899620056 0 0.7070924043655396 -0.7071211934089661 -5.551115123125783E-17 0.2163265496492386 -0.25269660353660583 -0.9430521130561829 -5.551115123125783E-17 -0.25882530212402344 -0.9659241437911987 0.2810780704021454 -0.6786428093910217 -0.6785565614700317 0.25882530212402344 0 -0.9659241437911987 0.2811209559440613 -0.6786046624183655 -0.6785770058631897 0.21626439690589905 -0.9430522918701172 -0.25274908542633057 2.7755575615628914E-17 -0.9659107327461243 -0.25887542963027954 0.6681854724884033 -0.7238961458206177 -0.17176295816898346 0.2533347010612488 -0.9452232122421265 -0.20585106313228607 0.9605115056037903 -0.25737494230270386 -0.10571553558111191 0.7067161798477173 -0.7067449688911438 -0.03261573612689972 0.25887900590896606 -0.9659097790718079 0 0.9659241437911987 -0.25882530212402344 -5.551115123125783E-17 -2.7755575615628914E-17 0.9480383396148682 -0.31815606355667114 0 0.7270448803901672 -0.6865899562835693 -5.551115123125783E-17 0.7270448803901672 -0.6865899562835693 0 0.948038637638092 -0.3181551992893219 -2.7755575615628914E-17 0.9480384588241577 0.31815576553344727 5.551115123125783E-17 0.7270448803901672 0.6865899562835693 0 0.7270448803901672 0.6865899562835693 -0.6865916848182678 0.7270432114601135 0 0 0.7270432114601135 -0.6865916848182678 0.9848092198371887 0.1736399382352829 0 -0.9659287333488464 0.2588082551956177 -5.551115123125783E-17 0.8660232424736023 -0.5000037550926208 -5.551115123125783E-17 0.642777681350708 0.766052782535553 5.551115123125783E-17 0.3420185148715973 -0.9396932125091553 2.7755575615628914E-17 0.9848092198371887 0.1736399382352829 -5.551115123125783E-17 -0.642777681350708 0.766052782535553 -5.551115123125783E-17 0.8660232424736023 -0.5000037550926208 0 0.3420185148715973 -0.9396932125091553 0 -0.2588082551956177 0.9659287333488464 2.7755575615628914E-17 -0.7071067690849304 0.7071067690849304 0 -0.3420185148715973 -0.9396932125091553 0 0.2588082551956177 0.9659287333488464 -2.7755575615628914E-17 -0.8660232424736023 -0.5000037550926208 0 -0.17777499556541443 0.9840711355209351 -1.3877787807814457E-17 -0.5108418464660645 0.8596746921539307 0 -0.865950882434845 0.4999493658542633 -0.013406564481556416 -0.9847185015678406 0.17363739013671875 0.01339697651565075 -0.9847185015678406 -0.17363739013671875 -0.01339697651565075 -0.865950882434845 -0.4999493658542633 0.013406564481556416 -0.7659866809844971 -0.6428564190864563 0 0.9847128987312317 -0.17366907000541687 0.01339942030608654 0.8659650683403015 -0.499924898147583 -0.01340011227875948 0.9847128987312317 0.17366907000541687 -0.01339942030608654 -0.9659169316291809 -0.25885215401649475 -5.551115123125783E-17 0.8659650683403015 0.499924898147583 0.01340011227875948 0.3420288860797882 0.9395937919616699 0.013406009413301945 0.6427434682846069 0.7659643292427063 -0.013397453352808952 0 0.9999102354049683 -0.01339659746736288 0.2589058578014374 -0.96590256690979 2.7755575615628914E-17 0.9659097790718079 -0.25887900590896606 -5.551115123125783E-17 -0.34203237295150757 0.9395925402641296 0.013405726291239262 -0.8659650683403015 0.499924898147583 0.01340011227875948 -0.6427434682846069 0.7659643292427063 -0.013397453352808952 -0.9847128987312317 0.17366907000541687 -0.01339942030608654 -0.9847128987312317 -0.17366907000541687 0.01339942030608654 -0.9847128987312317 -0.17366907000541687 -0.013399421237409115 -0.8659650683403015 -0.499924898147583 0.013400113210082054 -0.9847128987312317 0.17366907000541687 0.013399421237409115 -0.8659650683403015 0.499924898147583 -0.013400113210082054 -0.34203237295150757 0.9395925402641296 -0.013405726291239262 -0.6427434682846069 0.7659643292427063 0.013397454284131527 0.3420288860797882 0.9395937919616699 -0.013406009413301945 0.8659650683403015 0.499924898147583 -0.013400113210082054 8.673617379884035E-19 0.9999102354049683 0.01339659746736288 0.6427434682846069 0.7659643292427063 0.013397454284131527 0.9847128987312317 0.17366907000541687 0.013399421237409115 0.9847128987312317 -0.17366907000541687 -0.013399421237409115 0.2589058578014374 -0.96590256690979 0 -0.2589058578014374 -0.96590256690979 0 -0.7071067690849304 -0.7071067690849304 0 -0.8660232424736023 -0.5000037550926208 5.551115123125783E-17 0.9659287333488464 0.2588082551956177 5.551115123125783E-17 -0.9848092198371887 0.1736399382352829 0 0.9659143090248108 0.2588619887828827 5.551115123125783E-17 -0.3420185148715973 -0.9396932125091553 -2.7755575615628914E-17 -0.34201502799987793 -0.9396944642066956 0 -0.9848036170005798 0.17367161810398102 5.551115123125783E-17 -0.6427884101867676 0.7660437822341919 0 -0.8660373687744141 -0.4999792277812958 0 0.7071355581283569 0.7070779800415039 5.551115123125783E-17 0.2588449716567993 -0.9659188985824585 0 -0.9659097790718079 -0.25887900590896606 5.551115123125783E-17 0.34203237295150757 0.9395925402641296 0.013405726291239262 0.3420727252960205 -0.9396734833717346 0 -0.34206923842430115 -0.9396747350692749 0 -0.8657329082489014 -0.4998292624950409 0.026023689657449722 -0.8088400363922119 -0.5880163311958313 0.0038171543274074793 -0.9774977564811707 -0.21071405708789825 -0.009882722049951553 -0.39046409726142883 -0.920603334903717 -0.0052293697372078896 -0.9846015572547913 0.173606738448143 0.020504634827375412 -0.49998739361763 -0.8660326600074768 0 0.573620080947876 0.8191214799880981 0 0.573620080947876 0.8191214799880981 5.551115123125783E-17 0.7391928434371948 0.6734653115272522 -0.0061957212164998055 0.866020917892456 0.4999898374080658 0.0042301686480641365 0.8660286664962769 0.49999430775642395 5.551115123125783E-17 -0.9396910071372986 0.34202465415000916 5.551115123125783E-17 0.4227895438671112 0.9062278866767883 0 0.2587239742279053 0.9659513235092163 0 -0.7071219086647034 -0.7070916295051575 -0.0002434639463899657 -0.7071086764335632 -0.7071048617362976 -5.551115123125783E-17 -0.7070955038070679 -0.7071178555488586 0.0005124199669808149 0.7743147611618042 -0.6228175163269043 -0.11195994913578033 0.7549406290054321 -0.5677399039268494 -0.32823169231414795 -0.707103967666626 -0.7071095705032349 -2.4889002361305756E-06 0.7792139053344727 -0.6267580986022949 0 0.6749259829521179 -0.6801607608795166 -0.28610530495643616 0.6771547198295593 -0.6837213039398193 -0.2720049023628235 0.7582417130470276 -0.39810502529144287 -0.5163156986236572 0.5095815658569336 -0.8575955629348755 -0.06968826055526733 0.4229530692100525 -0.7022125720977783 -0.5727199912071228 0.5400893092155457 -0.4802035689353943 -0.6911642551422119 0.6056931614875793 -0.22335627675056458 -0.763706624507904 0.17317208647727966 -0.9585918188095093 -0.22608210146427155 0.42255711555480957 -0.7024098038673401 -0.5727704167366028 0.5324617028236389 -0.27963078022003174 -0.7989313006401062 0.1472945362329483 -0.9519809484481812 -0.26839643716812134 0.16421422362327576 -0.6599718332290649 -0.7331240177154541 0.22823284566402435 -0.9404240250587463 -0.25201666355133057 -0.11092070490121841 -0.702757716178894 -0.7027291059494019 0.14928321540355682 -0.25593119859695435 -0.9550988078117371 0.6861960887908936 0.18385136127471924 -0.7037994265556335 0.6861969828605652 -0.18384474515914917 -0.7038002610206604 0.5123034715652466 -0.512355625629425 -0.6892291307449341 0.6453047394752502 0.21166597306728363 -0.7340158820152283 0.5378824472427368 -0.27572938799858093 -0.7966528534889221 0.21189098060131073 -0.6450775265693665 -0.7341506481170654 0.5124598145484924 0.5124858617782593 -0.6890161037445068 0.44305044412612915 0.13644231855869293 -0.8860529065132141 0.4362882077693939 -0.2198757529258728 -0.8725292086601257 0.13663461804389954 -0.4430002272129059 -0.8860483765602112 0.1839064657688141 -0.6862364411354065 -0.7037456631660461 0.27570629119873047 0.5380489826202393 -0.7965484261512756 0.2486746609210968 0.24868683516979218 -0.93611741065979 0.248762309551239 -0.248762309551239 -0.9360740780830383 0.1839064657688141 0.6862364411354065 -0.7037456631660461 0.21975894272327423 0.43624332547187805 -0.8725810647010803 0.1521659940481186 0.15217344462871552 -0.9765698909759521 0.15216617286205292 -0.15216617286205292 -0.9765710234642029 5.551115123125783E-17 0.15396639704704285 -0.9880760908126831 0.15395903587341309 0 -0.9880772233009338 0.14881861209869385 -0.25624537467956543 -0.9550870656967163 0.4358615279197693 -0.22406677901744843 -0.8716758489608765 0.9848068952560425 -0.17365297675132751 0 0.642784059047699 -0.7660474181175232 0 -6.938893903907228E-18 0.9942090511322021 -0.10746324807405472 -6.938893903907228E-18 -0.9942090511322021 -0.10746324807405472 -0.9807849526405334 0.1950918585062027 0 0.4227895438671112 -0.9062278866767883 0 0.2587239742279053 -0.9659513235092163 0 0.08719398826360703 -0.9961913228034973 0 -0.7070924043655396 -0.7071211934089661 5.551115123125783E-17 -0.2588619887828827 -0.9659143090248108 0 -0.7070924043655396 0.7071211934089661 5.551115123125783E-17 -0.2588619887828827 0.9659143090248108 0 -0.9659233093261719 0.25882840156555176 0 0.2532760202884674 0.2059628665447235 -0.945214569568634 0.2163265496492386 0.25269660353660583 -0.9430521130561829 0.6680707931518555 0.17186157405376434 -0.723978579044342 0.2810756266117096 0.6786140203475952 -0.6785864233970642 0.710130512714386 0.497922420501709 -0.49778300523757935 0.7067409157752991 0.03216567635536194 -0.7067409157752991 0.2811184823513031 0.6786344647407532 -0.6785482168197632 0.7101716995239258 0.49785494804382324 -0.49779170751571655 0.9493334889411926 0.22225387394428253 -0.22219163179397583 0.9605296850204468 0.10554764419794083 -0.2573759853839874 0.21626439690589905 0.9430522918701172 -0.25274908542633057 0.6681854724884033 0.7238961458206177 -0.17176295816898346 0.9605115056037903 0.25737494230270386 -0.10571553558111191 0.2533347010612488 0.9452232122421265 -0.20585106313228607 0.7067161798477173 0.7067449688911438 -0.03261573612689972 0.9659241437911987 0.25882530212402344 -5.551115123125783E-17 0.25887900590896606 0.9659097790718079 0 0.7070924043655396 0.7071211934089661 -5.551115123125783E-17 -0.3419675827026367 -0.9396357536315918 0.011948714964091778 0.2534198462963104 -0.9672918319702148 -0.011174389161169529 0.341939777135849 -0.9395593404769897 0.017475148662924767 0.7915656566619873 -0.6108667254447937 -0.0163002610206604 0.9844771027565002 0.17358478903770447 0.025945808738470078 0.7914448380470276 0.610773503780365 -0.023890433833003044 0.6424998044967651 0.7657417058944702 0.028871804475784302 0.253347784280777 0.9670167565345764 -0.02633493021130562 0.7660369277000427 0.6427826285362244 0.004228886682540178 0 0.9995220899581909 0.03091312199831009 0.866020917892456 0.4999898374080658 -0.0042301686480641365 -0.3903236985206604 0.9202541708946228 -0.027922093868255615 -0.6424382328987122 0.7656682729721069 0.03201885148882866 -0.80472332239151 0.5935971140861511 -0.00792802032083273 -0.9784504771232605 0.20608779788017273 0.012748006731271744 -0.4286241829395294 0.25830912590026855 -0.8657699823379517 -0.19866032898426056 0.2332124263048172 -0.9519170522689819 -0.5383040308952332 0.48440471291542053 -0.6896237134933472 -0.16420717537403107 0.2553119659423828 -0.9528125524520874 -0.4131321310997009 0.7160821557044983 -0.5626261830329895 -0.7484625577926636 0.34128424525260925 -0.5686200857162476 -0.1423935741186142 0.6706368923187256 -0.7279905080795288 -0.6578197479248047 0.7008364796638489 -0.2758648097515106 -0.4129689037799835 0.7161625623703003 -0.5626437067985535 -0.7321441173553467 0.6479764580726624 -0.20997971296310425 0.09715155512094498 0.7037761807441711 -0.703747570514679 -0.7595571875572205 0.6109472513198853 -0.22319571673870087 -0.5097030401229858 0.8577582836151123 -0.06673456728458405 -0.1433216631412506 0.9538662433624268 -0.2638145685195923 -0.19671815633773804 0.9470369219779968 -0.25381702184677124 -0.7792139053344727 0.6267580986022949 0 -0.17368084192276 0.9614080786705017 -0.21337641775608063 -0.9848092198371887 0.1736399382352829 5.551115123125783E-17 -0.7660415768623352 0.6427909731864929 0 -0.984718918800354 0.17363490164279938 -0.013400808908045292 -0.984718918800354 -0.17363490164279938 0.013400808908045292 -0.2589058578014374 -0.96590256690979 -2.7755575615628914E-17 0.9659169316291809 -0.25885215401649475 5.551115123125783E-17 0.34203237295150757 0.9395925402641296 -0.013405726291239262 -0.3420288860797882 0.9395937919616699 -0.013406009413301945 -0.3420288860797882 0.9395937919616699 0.013406009413301945 0.9659143090248108 0.2588619887828827 -5.551115123125783E-17 0.7071355581283569 0.7070779800415039 0 -0.34201154112815857 -0.9396957755088806 2.7755575615628914E-17 0.34201502799987793 -0.9396944642066956 0 0.8660373687744141 -0.4999792277812958 0 -0.7071427702903748 0.7070707678794861 0 0.7071283459663391 0.7070851922035217 -5.551115123125783E-17 0.7071427702903748 0.7070707678794861 0 0.19508855044841766 0.980785608291626 1.3877787807814457E-17 0.5555785894393921 0.8314640522003174 0 0.8314646482467651 0.5555776357650757 1.1102230246251565E-16 0.9807845950126648 0.19509369134902954 -5.551115123125783E-17 -0.9659107327461243 0.25887542963027954 0 0.9848036170005798 0.17367161810398102 -5.551115123125783E-17 0.6427884101867676 0.7660437822341919 0 0.9659107327461243 0.25887542963027954 0 0.34201154112815857 -0.9396957755088806 -2.7755575615628914E-17 -0.9659143090248108 0.2588619887828827 -5.551115123125783E-17 -0.7071086764335632 0.7071048617362976 -5.551115123125783E-17 0.7792139053344727 0.6267580986022949 0 0.5108234286308289 0.8596856594085693 0 0.3420281410217285 0.9396896958351135 0 0.08719398826360703 0.9961913228034973 0 0.984720766544342 -0.17362435162067413 -0.013399993069469929 0.6427199840545654 -0.7659839987754822 -0.013399740681052208 0.8659454584121704 -0.4999588429927826 0.013401597738265991 0.34198781847953796 -0.9396088123321533 0.013400708325207233 -0.8659455180168152 0.4999588429927826 -0.013400164432823658 -0.3420281410217285 0.9396896958351135 0 -0.25328972935676575 -0.20595292747020721 -0.9452130794525146 -0.21632881462574005 -0.252702534198761 -0.943049967288971 -0.6680711507797241 -0.17183634638786316 -0.7239842414855957 -0.281086802482605 -0.678611695766449 -0.678584098815918 0 -0.25883153080940247 -0.965922474861145 -0.7101397514343262 -0.49792081117630005 -0.4977714419364929 -0.7067417502403259 -0.032128047198057175 -0.7067417502403259 -0.2811296582221985 -0.6786321401596069 -0.6785458922386169 -0.7101863622665405 -0.49784451723098755 -0.49778124690055847 -0.949324905872345 -0.22227449715137482 -0.22220781445503235 -0.9605242609977722 -0.10553081333637238 -0.257403165102005 -0.2162802815437317 -0.9430559277534485 -0.25272196531295776 -0.6682016253471375 -0.7238813638687134 -0.17176254093647003 -0.9605037569999695 -0.25739380717277527 -0.10574028640985489 -0.9659179449081421 0 -0.25884854793548584 -0.25330695509910583 -0.9452247619628906 -0.20587794482707977 -0.7067144513130188 -0.7067432403564453 -0.03269099071621895 -0.9659188985824585 -0.2588449716567993 5.551115123125783E-17 -0.25885215401649475 -0.9659169316291809 0 -0.707103967666626 0.7071095705032349 -2.4889002361305756E-06 -0.7070955038070679 0.7071178555488586 0.0005124199669808149 0.5436246395111084 0.6488308906555176 -0.5324384570121765 -0.7071219086647034 0.7070916295051575 -0.0002434639463899657 0.650421142578125 0.2398502230644226 -0.7207108736038208 0.6375686526298523 0.18188068270683289 -0.7486158013343811 0.4403340816497803 0.17496706545352936 -0.8806204795837402 0.6653451919555664 0.1430734246969223 -0.732697606086731 0.2547169625759125 0.31339430809020996 -0.9148241877555847 0.6972448229789734 0.04936164617538452 -0.7151315212249756 0.30713438987731934 0.6729432940483093 -0.6729158759117126 0.14883041381835938 0.2559559643268585 -0.9551628232002258 -0.2163228690624237 -0.25270992517471313 -0.9430493712425232 -0.28106772899627686 -0.6786156296730042 -0.6785880327224731 -0.0027012526988983154 -0.2588377892971039 -0.9659170508384705 -0.28111061453819275 -0.6786360740661621 -0.6785498261451721 -0.0019702522549778223 -0.7071198225021362 -0.7070910334587097 0 -0.15395903587341309 -0.9880772233009338 0.0008287971140816808 -0.44719406962394714 -0.8944365382194519 -0.21625810861587524 -0.9430536031723022 -0.2527494430541992 -0.0015562060289084911 -0.6981433629989624 -0.7159563302993774 0.00046175671741366386 -0.8595829010009766 -0.5109961032867432 -0.6681942939758301 -0.7238942980766296 -0.17173638939857483 -0.9605047106742859 -0.2574017345905304 -0.10571228712797165 -0.25333520770072937 -0.9452251195907593 -0.20584145188331604 -0.0026950729079544544 -0.9659072160720825 -0.25887447595596313 -0.0012006752658635378 -0.9488356709480286 -0.3157680630683899 -0.7067161798477173 -0.7067449688911438 -0.03261573612689972 -0.2163228690624237 0.25270992517471313 -0.9430493712425232 -0.25328972935676575 0.20595292747020721 -0.9452130794525146 -0.0027009365148842335 0.2588377892971039 -0.9659170508384705 -0.28107017278671265 0.6786444783210754 -0.6785582304000854 -0.6680711507797241 0.17183634638786316 -0.7239842414855957 -0.2588387131690979 0 -0.9659205675125122 0.0008289639372378588 0.44717472791671753 -0.8944462537765503 -0.7101420164108276 0.4978761374950409 -0.4978128969669342 -0.28111305832862854 0.6786062717437744 -0.6785786151885986 -0.7067417502403259 0.032128047198057175 -0.7067417502403259 -0.0015562060289084911 0.6981433629989624 -0.7159563302993774 -0.710188627243042 0.49788594245910645 -0.4977365732192993 -0.21625810861587524 0.9430536031723022 -0.2527494430541992 -0.0019702522549778223 0.7071198225021362 -0.7070910334587097 -0.9605242609977722 0.10553081333637238 -0.257403165102005 -0.949324905872345 0.22227449715137482 -0.22220781445503235 -0.6681942939758301 0.7238942980766296 -0.17173638939857483 -0.25333520770072937 0.9452251195907593 -0.20584145188331604 -0.0026950729079544544 0.9659072160720825 -0.25887447595596313 0.00046175671741366386 0.8595829010009766 -0.5109961032867432 -0.9605047106742859 0.2574017345905304 -0.10571228712797165 -0.7067161798477173 0.7067449688911438 -0.03261573612689972 -0.25887900590896606 0.9659097790718079 0 -0.0012006752658635378 0.9488356709480286 -0.3157680630683899 -0.9659169316291809 0.25885215401649475 -5.551115123125783E-17 0.17189690470695496 0.9515330791473389 -0.2550220489501953 0.2536856234073639 0.9171499609947205 -0.3073751926422119 0.17777499556541443 0.9840711355209351 1.3877787807814457E-17 0.30728477239608765 0.6730231642723083 -0.6727673411369324 0.5054742693901062 0.8506832718849182 -0.1443389654159546 0.601443886756897 0.5650256276130676 -0.5648108124732971 0.7159047722816467 0.6620139479637146 -0.22185108065605164 0.7172985672950745 0.6135420203208923 -0.3302256762981415 0.7743147611618042 0.6228175163269043 -0.11195994913578033 0 0.2588387131690979 -0.9659205675125122 -0.19508782029151917 0.9807857871055603 0 -0.5555750131607056 0.8314663767814636 5.551115123125783E-17 -0.9848060011863708 -0.17365825176239014 0 0.2588772177696228 -0.9659102559089661 0 -0.6427867412567139 -0.7660451531410217 0 0.9848060011863708 -0.17365825176239014 0 0.6427867412567139 -0.7660451531410217 0 -0.7070816159248352 -0.7071319818496704 0 -0.2588772177696228 -0.9659102559089661 0 -0.965925931930542 -0.2588185966014862 0 -0.9659287333488464 -0.2588082551956177 -5.551115123125783E-17 -0.25884854793548584 -0.9659179449081421 0 -0.19508782029151917 -0.9807857871055603 0 -0.5555856227874756 -0.8314593434333801 0 -0.831464946269989 -0.5555772185325623 5.551115123125783E-17 -0.9807851314544678 -0.1950911283493042 0 0.965925931930542 -0.2588185966014862 0 0.3420683741569519 0.9396750926971436 0 -0.8314708471298218 0.5555683970451355 -5.551115123125783E-17 -0.2588216960430145 0.9659250974655151 -2.7755575615628914E-17 0.984720766544342 0.17362435162067413 0.013399993069469929 0.8659454584121704 0.4999588429927826 -0.013401597738265991 0.76603102684021 0.6428036093711853 0 0.3420298993587494 0.9396890997886658 0 -0.76603102684021 0.6428036093711853 -5.551115123125783E-17 -0.76603102684021 0.6428036093711853 0 -0.8659454584121704 0.4999588429927826 0.013401598669588566 8.673617379884035E-19 -0.9999102354049683 -0.013399907387793064 0.8659454584121704 0.4999588429927826 -0.013400880619883537 0.766036331653595 0.6427972912788391 0 -0.766036331653595 0.6427972912788391 0 -0.9659143090248108 0.2588619887828827 5.551115123125783E-17 0 -0.9999102354049683 -0.013399907387793064 -0.34198781847953796 -0.9396088123321533 0.013400708325207233 -0.6427252888679504 -0.765979528427124 -0.013400273397564888 -0.8659455180168152 -0.4999588429927826 0.013400164432823658 -0.984718918800354 -0.17363490164279938 -0.013400808908045292 -0.984718918800354 0.17363490164279938 0.013400808908045292 -0.8659455180168152 0.4999588429927826 0.013400165364146233 -0.34198781847953796 -0.9396088123321533 -0.013400709256529808 0.34198781847953796 -0.9396088123321533 -0.013400709256529808 -0.8659455180168152 -0.4999588429927826 -0.013400165364146233 0 -0.9999102354049683 0.013399908319115639 -0.6427252888679504 -0.765979528427124 0.013400274328887463 0.9807847738265991 -0.19509296119213104 -5.551115123125783E-17 0.8314587473869324 -0.5555864572525024 0 0.5555891394615173 -0.8314569592475891 0 0.19508855044841766 -0.980785608291626 1.3877787807814457E-17 0.8659454584121704 -0.4999588429927826 -0.013401598669588566 0.984720766544342 -0.17362435162067413 0.013399994000792503 0.984720766544342 0.17362435162067413 -0.013399994000792503 0.8659454584121704 0.4999588429927826 0.013401598669588566 0.76603102684021 0.6428036093711853 5.551115123125783E-17 0.6427226662635803 -0.7659817337989807 0.013399476185441017 0.8659454584121704 0.4999588429927826 0.013400881551206112 0.9847198724746704 -0.17362962663173676 0.013400401920080185 0.9847198724746704 0.17362962663173676 -0.013400401920080185 0.766036331653595 0.6427972912788391 5.551115123125783E-17 -0.965922474861145 0.25883153080940247 0 -0.2588216960430145 0.9659250974655151 0 -0.9659205675125122 0.2588387131690979 -5.551115123125783E-17 -0.9848068952560425 -0.17365297675132751 0 0.7070816159248352 -0.7071319818496704 0 0.34198957681655884 -0.9396082162857056 0.013400849886238575 0.6427226662635803 -0.7659817337989807 -0.013399475254118443 -0.984720766544342 0.17362435162067413 0.013399993069469929 -0.8659454584121704 0.4999588429927826 -0.013401597738265991 -0.984720766544342 -0.17362435162067413 -0.013399993069469929 0.965922474861145 0.25883153080940247 0 -0.8659454584121704 -0.4999588429927826 0.013401597738265991 -0.34198781847953796 -0.9396088123321533 0.013400991447269917 -0.6427226662635803 -0.7659817337989807 -0.013399475254118443 -0.34198781847953796 -0.9396088123321533 -0.013400992378592491 -0.8659454584121704 -0.4999588429927826 -0.013401598669588566 -0.6427226662635803 -0.7659817337989807 0.013399476185441017 -0.984720766544342 -0.17362435162067413 0.013399994000792503 0.34198957681655884 -0.9396082162857056 -0.01340085081756115 -0.984720766544342 0.17362435162067413 -0.013399994000792503 0.2588216960430145 0.9659250974655151 2.7755575615628914E-17 -0.9847198724746704 0.17362962663173676 0.01340040098875761 -0.8659454584121704 0.4999588429927826 -0.013400880619883537 -0.9847198724746704 -0.17362962663173676 -0.01340040098875761 0.9659260511398315 0.2588180899620056 0 -0.8659454584121704 -0.4999588429927826 0.013400880619883537 -0.6427226662635803 -0.7659817337989807 -0.013400007039308548 0.8659454584121704 -0.4999588429927826 -0.013400881551206112 0.6427226662635803 -0.7659817337989807 0.013400007970631123 0.8659454584121704 -0.4999588429927826 0.013400880619883537 0.6427226662635803 -0.7659817337989807 -0.013400007039308548 -0.9659260511398315 0.2588180899620056 0 0.9847198724746704 -0.17362962663173676 -0.01340040098875761 -0.7070995569229126 0.7071139812469482 -5.551115123125783E-17 0.9847198724746704 0.17362962663173676 0.01340040098875761 0.6427199840545654 -0.7659839987754822 0.013399741612374783 -0.8659454584121704 -0.4999588429927826 -0.013400881551206112 -0.9847198724746704 -0.17362962663173676 0.013400401920080185 -0.9847198724746704 0.17362962663173676 -0.013400401920080185 -0.766036331653595 0.6427972912788391 -5.551115123125783E-17 -0.6427226662635803 -0.7659817337989807 0.013400007970631123 -0.8659454584121704 0.4999588429927826 0.013400881551206112 0.2588216960430145 0.9659250974655151 0 0.7070995569229126 0.7071139812469482 5.551115123125783E-17 -0.7896645069122314 0.6135388016700745 -0.00040145093225874007 -0.9709333777427673 0.23934964835643768 -0.00026892320602200925 -0.02828393504023552 -0.9995999336242676 0 -0.45752936601638794 -0.8891912698745728 -0.0024009626358747482 -0.20182490348815918 -0.974348247051239 0.0995599627494812 -0.3541834056377411 -0.9351667165756226 0.004167311824858189 -0.28921428322792053 -0.9569920897483826 0.022829685360193253 -0.26969820261001587 -0.9625070095062256 0.02903720550239086 -0.24421463906764984 -0.9689778089523315 0.03796308860182762 -0.20066288113594055 -0.9780994653701782 0.05527995526790619 -0.22231197357177734 -0.9740062952041626 0.04346412792801857 -0.13921891152858734 -0.9900994896888733 0.017919529229402542 -0.08544357120990753 -0.9963233470916748 0.006256151478737593 -0.5806583762168884 -0.8080100417137146 0.09977796673774719 -0.7035697102546692 -0.7105541229248047 0.01012271549552679 -0.6523717045783997 -0.7571855187416077 0.032882239669561386 -0.6364055871963501 -0.7702983617782593 0.04035283625125885 -0.6151643395423889 -0.7867511510848999 0.050945527851581573 -0.5811039805412292 -0.810863196849823 0.06941929459571838 -0.6230123043060303 -0.7812356352806091 0.03907075896859169 -0.5290712118148804 -0.8485105633735657 0.01065100822597742 -0.4575352668762207 -0.8891882300376892 -0.0024009626358747482 -0.8280235528945923 -0.5606690645217896 0.0052138990722596645 -0.7795843482017517 -0.6262897849082947 -0.003060977440327406 -0.7795897722244263 -0.6262829899787903 -0.003060977440327406 -0.9005320072174072 -0.43367305397987366 0.031141215935349464 -0.9266135096549988 -0.3673449158668518 0.08028135448694229 -0.9024111032485962 -0.42794907093048096 0.05013755336403847 -0.8590995073318481 -0.5019772052764893 0.09983431547880173 -0.8614949584007263 -0.5074748396873474 0.017196621745824814 -0.884080171585083 -0.46617624163627625 0.032892681658267975 -0.8945316672325134 -0.4450170397758484 0.04210580512881279 -0.9843910932540894 -0.17598754167556763 0.0015859956620261073 -0.9669270515441895 -0.2550453245639801 -0.0019900721963495016 -0.9669303894042969 -0.25503259897232056 -0.0019900721963495016 -0.9709311127662659 0.23935899138450623 -0.00026892320602200925 -0.9870315194129944 0.1605246365070343 0.0007769752410240471 -0.9992727041244507 0 0.03813242167234421 -0.9969960451126099 0.04221758246421814 0.06493505835533142 -0.9990037679672241 -0.022453712299466133 0.03856496512889862 -0.9889920353889465 -0.10917279869318008 0.09988011419773102 -0.993482768535614 -0.11353642493486404 0.010070557706058025 -0.9976212978363037 -0.06473300606012344 0.023694684728980064 -0.9986510276794434 -0.04121427610516548 0.03158317878842354 -0.7896589636802673 0.6135458946228027 -0.00040145093225874007 -0.8361414670944214 0.5484891533851624 0.0052031539380550385 -0.9001182317733765 0.4334737956523895 0.043447095900774 -0.8940281271934509 0.4450943171977997 0.05103685334324837 -0.921600878238678 0.3870980441570282 0.0284065380692482 -0.9478929042816162 0.30251145362854004 0.09992939978837967 -0.9538828730583191 0.30014270544052124 0.004664472304284573 -0.9373875856399536 0.3479240834712982 0.01591544598340988 -0.9288061261177063 0.36988213658332825 0.022501785308122635 -0.42871958017349243 0.9034374952316284 -0.0005147350602783263 -0.4715934097766876 0.8818153738975525 0.001144570647738874 -0.5400040149688721 0.8415876626968384 0.011216728948056698 -0.6227980256080627 0.7809628844261169 0.047112610191106796 -0.635615885257721 0.7710384726524353 0.038628045469522476 -0.6837922930717468 0.7294094562530518 0.019747307524085045 -0.7429065108299255 0.6619001030921936 0.09989051520824432 -0.7494500875473022 0.6620601415634155 0.0009698114590719342 -0.7141567468643188 0.6999199390411377 0.009601409547030926 -0.6974260807037354 0.7165026068687439 0.01486179418861866 -0.024108709767460823 0.9997093677520752 9.510438871984661E-07 -0.07169293612241745 0.9974173307418823 0.004330537747591734 -0.14951737225055695 0.9885819554328918 0.018716778606176376 -0.22224970161914825 0.9737474322319031 0.049204032868146896 -0.26679229736328125 0.963354229927063 0.02775723673403263 -0.32735928893089294 0.9448165893554688 0.012550386600196362 -0.4094788134098053 0.9068483114242554 0.09976573288440704 -0.4112882912158966 0.9115051627159119 -0.0005146421608515084 -0.36706289649009705 0.9301837086677551 0.004802157171070576 -0.34494876861572266 0.9385807514190674 0.008750129491090775 0 0.18438386917114258 -0.9828543066978455 -0.07498998194932938 0.16843704879283905 -0.9828557968139648 0.07498998194932938 0.16843704879283905 -0.9828557968139648 -0.13703832030296326 0.12338823825120926 -0.9828508496284485 0.13703832030296326 0.12338823825120926 -0.9828508496284485 -0.17537516355514526 0.05698392912745476 -0.9828511476516724 0.17537516355514526 0.05698392912745476 -0.9828511476516724 -0.183386892080307 -0.019274305552244186 -0.9828518629074097 0.183386892080307 -0.019274305552244186 -0.9828518629074097 -0.15968869626522064 -0.09219959378242493 -0.9828523397445679 0.15968869626522064 -0.09219959378242493 -0.9828523397445679 -0.10839792340993881 -0.14918816089630127 -0.9828492999076843 0.10839792340993881 -0.14918816089630127 -0.9828492999076843 0.03833252191543579 -0.18035413324832916 -0.9828545451164246 -0.03833252191543579 -0.18035413324832916 -0.9828545451164246 -0.09105679392814636 0.428425133228302 -0.898977518081665 0.09105679392814636 0.428425133228302 -0.898977518081665 -0.25752025842666626 0.3544304370880127 -0.8989229202270508 0.25752025842666626 0.3544304370880127 -0.8989229202270508 -0.379422128200531 0.2190571427345276 -0.898917555809021 0.379422128200531 0.2190571427345276 -0.898917555809021 -0.4357069730758667 0.04579630121588707 -0.8989227414131165 0.4357069730758667 0.04579630121588707 -0.8989227414131165 -0.41668665409088135 -0.13538913428783417 -0.8989115953445435 0.41668665409088135 -0.13538913428783417 -0.8989115953445435 -0.32554635405540466 -0.293131023645401 -0.89894038438797 0.32554635405540466 -0.293131023645401 -0.89894038438797 -0.17823387682437897 -0.40028268098831177 -0.898891806602478 0.17823387682437897 -0.40028268098831177 -0.898891806602478 -5.551115123125783E-17 -0.4379931390285492 -0.8989782929420471 -0.7590556740760803 0.4382457435131073 -0.4814302921295166 -0.6190743446350098 0.3574163019657135 -0.6992857456207275 -0.6190614104270935 0.35741299390792847 -0.6992988586425781 -0.619026243686676 0.35738247632980347 -0.699345588684082 -0.6190749406814575 0.3574269711971283 -0.69927978515625 -0.6190758943557739 0.35742929577827454 -0.6992776989936829 -0.6190764307975769 0.35743144154548645 -0.6992761492729187 -0.846857488155365 0.08900468796491623 -0.5243191719055176 -0.7109341621398926 0.07471460849046707 -0.6992784738540649 -0.7108539342880249 0.07469631731510162 -0.6993619799613953 -0.7109746932983398 0.07473315298557281 -0.6992352604866028 -0.7109319567680359 0.0747189149260521 -0.6992802619934082 -0.7109106779098511 0.07469885796308517 -0.6993039846420288 -0.7109460830688477 0.0747339054942131 -0.6992642879486084 -0.7910380363464355 -0.2570335268974304 -0.5551509261131287 -0.7909964919090271 -0.2570190727710724 -0.5552167892456055 -0.6798214912414551 -0.2208976149559021 -0.6993189454078674 -0.6798833608627319 -0.22090525925159454 -0.6992563605308533 -0.6798368096351624 -0.22090069949626923 -0.6993030905723572 -0.6798298954963684 -0.22090312838554382 -0.6993089914321899 -0.6798282861709595 -0.22090423107147217 -0.6993102431297302 -0.6075055003166199 -0.5469936728477478 -0.5759644508361816 -0.6074897646903992 -0.5469779372215271 -0.575995922088623 -0.5312647223472595 -0.47834542393684387 -0.6992449164390564 -0.5312658548355103 -0.4783461093902588 -0.6992436051368713 -0.531260073184967 -0.47834280133247375 -0.6992502808570862 -0.5312569737434387 -0.47834256291389465 -0.6992527842521667 -0.5312462449073792 -0.47834450006484985 -0.6992595791816711 -0.3290780186653137 -0.7391035556793213 -0.5877359509468079 -0.3290838897228241 -0.73912113904953 -0.5877106189727783 -0.2907315492630005 -0.6529807448387146 -0.6993506550788879 -0.29070472717285156 -0.652942419052124 -0.6993975639343262 -0.29073232412338257 -0.6529797911643982 -0.6993511915206909 -0.29076331853866577 -0.6529967188835144 -0.699322521686554 -0.29072824120521545 -0.6529881954193115 -0.699345052242279 0 -0.8061820864677429 -0.5916675329208374 0 -0.8059789538383484 -0.59194415807724 1.3744486750510987E-05 -0.7148146033287048 -0.6993139982223511 -1.117247393267462E-05 -0.7149432897567749 -0.6991824507713318 5.551115123125783E-17 -0.7148925065994263 -0.6992343664169312 1.8127439034287818E-05 -0.7148688435554504 -0.69925856590271 -2.7903952286578715E-05 -0.7149043679237366 -0.6992222666740417 0.3290650248527527 -0.739077627658844 -0.5877758860588074 0.32906317710876465 -0.7390720844268799 -0.5877838730812073 0.2907780706882477 -0.6530802249908447 -0.6992384195327759 0.29078349471092224 -0.6531036496162415 -0.6992142200469971 0.2907807230949402 -0.6530900597572327 -0.6992281079292297 0.29078641533851624 -0.6530662775039673 -0.6992479562759399 0.2907863259315491 -0.6530663967132568 -0.6992478370666504 -5.708336630050326E-06 -0.7149304151535034 -0.6991955637931824 0 -0.7148864269256592 -0.6992406249046326 -1.5436564353876747E-05 -0.7148787379264832 -0.6992484331130981 0.6075296401977539 -0.5470163226127625 -0.5759174227714539 0.6074731349945068 -0.5469598174095154 -0.5760306715965271 0.5312169790267944 -0.4783078134059906 -0.6993069052696228 0.5311899185180664 -0.4782719612121582 -0.6993520259857178 0.5311971306800842 -0.47828203439712524 -0.6993396282196045 0.5311970710754395 -0.47828176617622375 -0.6993398666381836 0.5311959385871887 -0.4782961308956146 -0.6993308663368225 0.2907653748989105 -0.6530309915542603 -0.6992896199226379 0.2907455265522003 -0.6529645323753357 -0.6993599534034729 0.2907707393169403 -0.6529656052589417 -0.699348509311676 -0.2907875180244446 -0.6530652046203613 -0.6992484927177429 -0.2907980680465698 -0.6530824899673462 -0.6992279887199402 -0.29079118371009827 -0.6530908346176147 -0.6992230415344238 0.7910131216049194 -0.2570272982120514 -0.5551893711090088 0.7909525036811829 -0.2570061683654785 -0.5552855134010315 0.6798753142356873 -0.22091083228588104 -0.6992624402046204 0.6798918843269348 -0.22091998159885406 -0.699243426322937 0.6798880100250244 -0.2209177166223526 -0.6992479562759399 0.6798856258392334 -0.22091427445411682 -0.6992512941360474 0.6798866391181946 -0.22091715037822723 -0.6992493867874146 0.5312555432319641 -0.47835642099380493 -0.6992443799972534 0.5312591195106506 -0.47836053371429443 -0.6992388367652893 0.5312477350234985 -0.478365033864975 -0.6992443799972534 -0.5311892032623291 -0.4782973825931549 -0.6993351578712463 -0.5311881899833679 -0.4782966673374176 -0.6993364095687866 -0.5311851501464844 -0.47830766439437866 -0.6993312239646912 0.846829891204834 0.08900182694196701 -0.524364173412323 0.7109577059745789 0.0747237503528595 -0.699253499507904 0.7109043598175049 0.07472837716341019 -0.6993072628974915 0.7110236287117004 0.07471605390310287 -0.6991873383522034 0.7109659910202026 0.0747225284576416 -0.699245274066925 0.7109598517417908 0.07472626864910126 -0.6992510557174683 0.7109575867652893 0.07472866028547287 -0.6992531418800354 0.6798519492149353 -0.22089865803718567 -0.6992889642715454 0.6798366904258728 -0.22089141607284546 -0.6993061304092407 0.6798256635665894 -0.2209027111530304 -0.6993132829666138 -0.6798888444900513 -0.22090764343738556 -0.6992502808570862 -0.6798836588859558 -0.22090665996074677 -0.699255645275116 -0.6798819303512573 -0.22089488804340363 -0.6992610692977905 0.7590596675872803 0.4382483661174774 -0.48142167925834656 0.6194420456886292 0.35780447721481323 -0.6987614035606384 0.6190624833106995 0.3574050962924957 -0.6993019580841064 0.6195623874664307 0.35760048031806946 -0.698759138584137 0.6190503239631653 0.3574104905128479 -0.6993099451065063 0.6190406680107117 0.35740742087364197 -0.6993201375007629 0.619064450263977 0.35740429162979126 -0.6993006467819214 0.7109402418136597 0.07472482323646545 -0.6992711424827576 0.7109348177909851 0.0747249573469162 -0.6992766857147217 0.7109363079071045 0.07472895085811615 -0.6992747783660889 -0.710993766784668 0.07473519444465637 -0.6992155909538269 -0.7109633684158325 0.07472795993089676 -0.6992473006248474 -0.7109622955322266 0.07472962141036987 -0.6992482542991638 0.5323126912117004 0.7326983213424683 -0.42402395606040955 0.4201577305793762 0.5783213376998901 -0.699293851852417 0.42011329531669617 0.5782798528671265 -0.699354887008667 0.42014938592910767 0.5783118605613708 -0.6993066668510437 0.42014893889427185 0.5783117413520813 -0.6993070840835571 0.42015498876571655 0.5783119201660156 -0.6993032693862915 0.6190716028213501 0.35741734504699707 -0.6992876529693604 0.6190716028213501 0.35741737484931946 -0.6992875933647156 0.6190707683563232 0.35743123292922974 -0.6992812752723694 -0.619088351726532 0.3574351966381073 -0.6992636919021606 -0.6190444231033325 0.35740166902542114 -0.6993197202682495 -0.6190516948699951 0.35739684104919434 -0.6993157267570496 0.19485709071159363 0.9166450500488281 -0.348987877368927 0.1486901193857193 0.6994402408599854 -0.699052631855011 0.14865663647651672 0.6993612051010132 -0.699138879776001 0.14867739379405975 0.6994069218635559 -0.6990886926651001 0.1486903727054596 0.6994180083274841 -0.6990748047828674 0.1486789733171463 0.6994125247001648 -0.6990827322006226 0.42027556896209717 0.5784370303153992 -0.6991273760795593 0.420285165309906 0.5784471035003662 -0.6991132497787476 0.4201273024082184 0.5787566900253296 -0.6989519000053406 0.42029085755348206 0.5784434676170349 -0.6991128325462341 -0.4201819896697998 0.5783104300498962 -0.6992883086204529 -0.42017045617103577 0.578289270401001 -0.6993127465248108 -0.4201737940311432 0.5782886743545532 -0.6993111968040466 -0.1948498785495758 0.9166399836540222 -0.34900519251823425 -0.14864470064640045 0.6992329359054565 -0.6992696523666382 -0.1486448347568512 0.6992396712303162 -0.6992628574371338 -0.1486445814371109 0.6992745995521545 -0.699228048324585 -0.14865383505821228 0.699255108833313 -0.6992455720901489 -0.1486339569091797 0.6992784738540649 -0.6992263793945312 0.14859873056411743 0.6992086172103882 -0.6993037462234497 0.14862385392189026 0.6992800235748291 -0.699226975440979 0.14862453937530518 0.6992794871330261 -0.6992273926734924 -0.5323039293289185 0.7326849699020386 -0.42405810952186584 -0.42025861144065857 0.5784653425216675 -0.6991140842437744 -0.42022353410720825 0.5783938765525818 -0.6991943120956421 -0.42029187083244324 0.5785402059555054 -0.699032187461853 -0.420255571603775 0.5784569382667542 -0.6991229057312012 -0.42025548219680786 0.5784595012664795 -0.699120819568634 -0.4202471077442169 0.5784882307052612 -0.6991021037101746 -0.14865204691886902 0.6994035840034485 -0.6990974545478821 -0.14865323901176453 0.699418306350708 -0.6990824341773987 -0.14866088330745697 0.6994202733039856 -0.6990788578987122 -0.9743123650550842 -0.2252008318901062 -8.416795753873885E-05 -0.3999953269958496 -0.9111061692237854 0.09944512695074081 -0.44803500175476074 -0.8940160274505615 -2.1768011720268987E-05 -0.08572850376367569 -0.9962905645370483 0.007468980737030506 -0.398092657327652 -0.9173452258110046 5.529719783226028E-05 -0.34103336930274963 -0.9400003552436829 0.00977678969502449 -0.22232605516910553 -0.9740819931030273 0.04165854677557945 -0.2733413279056549 -0.9588642716407776 0.07657542079687119 -0.14924165606498718 -0.9885961413383484 0.020115071907639503 -0.014625593088567257 -0.999893069267273 5.794108801637776E-07 -0.04349411278963089 -0.9990522265434265 0.0017030786257237196 -0.06725834310054779 -0.9977253079414368 0.004535352811217308 -0.7359609007835388 -0.6696485280990601 0.09966157376766205 -0.7717925906181335 -0.635874330997467 4.220617483952083E-05 -0.4841403067111969 -0.8749845623970032 0.0031934112776070833 -0.46761345863342285 -0.8839319944381714 0.0013662881683558226 -0.44636058807373047 -0.8948531746864319 -2.177040914830286E-05 -0.736859142780304 -0.6760380864143372 0.003323880024254322 -0.6944564580917358 -0.7193432450294495 0.016598684713244438 -0.6228074431419373 -0.7809747457504272 0.046790216118097305 -0.6368575096130371 -0.7688068747520447 0.05786668881773949 -0.5398412942886353 -0.8416805267333984 0.012052694335579872 -0.944685697555542 -0.3123857378959656 0.09992051124572754 -0.9743210673332214 -0.2251630574464798 -8.416789933107793E-05 -0.9698556661605835 -0.24367986619472504 0.00039270639535970986 -0.9636089205741882 -0.2673088312149048 0.001947083044797182 -0.9481664896011353 -0.31766387820243835 0.008366124704480171 -0.927243173122406 -0.37362024188041687 0.025059204548597336 -0.8998393416404724 -0.43333950638771057 0.05005999282002449 -0.8940153121948242 -0.4460073411464691 0.04259161278605461 -0.8361014723777771 -0.5485462546348572 0.005599086172878742 -0.7984144687652588 -0.6021078824996948 0.0006605303497053683 -0.7869082093238831 -0.6170700788497925 -2.258134372823406E-05 -0.7867640852928162 -0.617253839969635 -2.2581500161322765E-05 -0.9900792837142944 0.09884163737297058 0.09986662864685059 -0.9669222235679626 0.255062460899353 -0.002142524579539895 -0.9669201374053955 0.2550702393054962 -0.002142524579539895 -0.981691300868988 0.19047601521015167 0.0010103919776156545 -0.9851706027984619 0.1715570092201233 0.0026700240559875965 -0.9891013503074646 0.1471238136291504 0.0057500083930790424 -0.9952929019927979 0.09571755677461624 0.015171845443546772 -0.998692512512207 0.0371905155479908 0.03507356718182564 -0.9986738562583923 0 0.05148376151919365 -0.9985182285308838 -0.045487403869628906 0.029869673773646355 -0.9870274662971497 -0.1605493724346161 0.0008354098536074162 -0.7795540690422058 0.626326322555542 -0.003295514965429902 -0.7795572876930237 0.6263222098350525 -0.003295514965429902 -0.8195490837097168 0.5729950666427612 0.003986931871622801 -0.8305899500846863 0.5568420886993408 0.0068737235851585865 -0.8442409634590149 0.5358400940895081 0.011514537036418915 -0.9313321709632874 0.36365529894828796 0.019371164962649345 -0.8997934460639954 0.4333173930644989 0.05106663331389427 -0.8960932493209839 0.4414127469062805 0.046600691974163055 -0.8699954152107239 0.49248939752578735 0.023711424320936203 -0.8642939329147339 0.492989182472229 0.099788136780262 -0.4574294984340668 0.8892421126365662 -0.002587715396657586 -0.457452654838562 0.8892301917076111 -0.0025877156294882298 -0.5161734223365784 0.8564378619194031 0.008897651918232441 -0.5329772233963013 0.8460294008255005 0.013020067475736141 -0.5543236136436462 0.83207768201828 0.0192877184599638 -0.7035695910453796 0.7105423212051392 0.010929015465080738 -0.622745156288147 0.7809006571769714 0.04881209135055542 -0.6372512578964233 0.7683483958244324 0.05959482491016388 -0.5939623117446899 0.8037753701210022 0.033968936651945114 -0.589065670967102 0.8018837571144104 0.09992008656263351 -0.028245551511645317 0.9996010065078735 1.734723475976807E-18 -0.21196091175079346 0.9721592664718628 0.09989459067583084 -0.08538603782653809 0.9963251352310181 0.006742173805832863 -0.12411818653345108 0.992141842842102 0.01578572206199169 -0.14391803741455078 0.9893630743026733 0.021172523498535156 -0.16961956024169922 0.9850785136222839 0.029145898297429085 -0.2150641232728958 0.9755212664604187 0.045887257903814316 -0.22224698960781097 0.9737215638160706 0.049725502729415894 -0.2741190195083618 0.9612524509429932 0.029198434203863144 -0.35421866178512573 0.9351518154144287 0.004496666602790356 5.551115123125783E-17 -0.18437395989894867 -0.9828561544418335 0.07498686760663986 -0.1684226244688034 -0.9828584790229797 -0.07498691976070404 -0.16842342913150787 -0.9828583598136902 0.13701902329921722 -0.12337321043014526 -0.9828554391860962 -0.13702106475830078 -0.1233750581741333 -0.982854962348938 0.17538917064666748 -0.05699455365538597 -0.982848048210144 -0.1753876954317093 -0.05699339509010315 -0.9828483462333679 0.183388814330101 0.019276192411780357 -0.9828514456748962 -0.18338514864444733 0.019275806844234467 -0.9828521609306335 0.15969400107860565 0.09220602363348007 -0.9828509092330933 -0.1596928983926773 0.09220471233129501 -0.9828512072563171 0.10838872939348221 0.14917516708374023 -0.9828522801399231 -0.1083877682685852 0.1491745263338089 -0.9828525185585022 -0.038331590592861176 0.180348739027977 -0.9828555583953857 0.038331590592861176 0.180348739027977 -0.9828555583953857 0.09105493128299713 -0.42841866612434387 -0.8989807963371277 -0.09105493128299713 -0.42841866612434387 -0.8989807963371277 0.2574583888053894 -0.3543429970741272 -0.8989750742912292 -0.2574650049209595 -0.35435211658477783 -0.8989695906639099 0.37940576672554016 -0.21903778612613678 -0.8989291787147522 -0.37941232323646545 -0.2190430909395218 -0.8989251255989075 0.4358428120613098 -0.04582201689481735 -0.8988555669784546 -0.43582382798194885 -0.04582002013921738 -0.8988649249076843 0.41675204038619995 0.13541951775550842 -0.8988766670227051 -0.4167346656322479 0.13541388511657715 -0.8988856077194214 0.3255362808704376 0.29311278462409973 -0.8989499807357788 -0.3255362808704376 0.29311278462409973 -0.8989499807357788 0.1782255917787552 0.40027549862861633 -0.8988966345787048 -0.17822343111038208 0.4002721905708313 -0.8988985419273376 0 0.4379734694957733 -0.898987889289856 0.7591172456741333 -0.43827107548713684 -0.4813101589679718 0.6190643906593323 -0.3574187159538269 -0.699293315410614 0.6190310120582581 -0.35738736391067505 -0.6993389129638672 0.6190947890281677 -0.3574427366256714 -0.6992540955543518 0.6190571188926697 -0.357408344745636 -0.6993050575256348 0.6190382242202759 -0.3573627769947052 -0.699345052242279 0.6190840005874634 -0.3575661778450012 -0.6992005109786987 0.8469064235687256 -0.08901409059762955 -0.5242385268211365 0.7108428478240967 -0.07468767464160919 -0.6993741393089294 0.7108727097511292 -0.07472088187932968 -0.6993402242660522 0.710804283618927 -0.0747000202536583 -0.6994120478630066 0.7108440399169922 -0.07471325993537903 -0.6993702054023743 0.7110486626625061 -0.07490737736225128 -0.6991413831710815 0.710867166519165 -0.07472720742225647 -0.6993452310562134 0.7905827164649963 0.25688859820365906 -0.5558661818504333 0.7911365032196045 0.25708162784576416 -0.5549883246421814 0.6796698570251465 0.2208864688873291 -0.699469804763794 0.6799588799476624 0.22092218697071075 -0.6991775631904602 0.6798673272132874 0.22091321647167206 -0.6992694735527039 0.6798402070999146 0.2209227979183197 -0.6992928385734558 0.6798403859138489 0.22092264890670776 -0.6992926597595215 0.6074141263961792 0.5468920469284058 -0.5761572122573853 0.6075219511985779 0.5469999313354492 -0.5759411454200745 0.5312067270278931 0.47829121351242065 -0.6993260383605957 0.5313522815704346 0.4783788025379181 -0.6991555690765381 0.5312617421150208 0.4783274233341217 -0.6992594599723816 0.5312049388885498 0.4783228933811188 -0.6993057727813721 0.5312486886978149 0.4783148765563965 -0.6992779970169067 0.3290882408618927 0.7391443252563477 -0.5876789689064026 0.329074889421463 0.7391046285629272 -0.5877363681793213 0.2907360792160034 0.652990460395813 -0.6993396878242493 0.2907254099845886 0.6529752016067505 -0.6993584036827087 0.2907199561595917 0.6529677510261536 -0.6993675827980042 0.2906927764415741 0.6529529690742493 -0.6993926763534546 0.29072585701942444 0.652961015701294 -0.6993714570999146 0 0.806167483329773 -0.5916873812675476 -5.551115123125783E-17 0.8060868382453918 -0.5917972922325134 5.410935955296736E-06 0.7149221897125244 -0.6992040276527405 -2.778471070996602E-06 0.7148799300193787 -0.6992472410202026 0 0.7148925065994263 -0.6992343664169312 -9.125495239459269E-07 0.7148913145065308 -0.6992355585098267 -9.71381723502418E-06 0.7148845195770264 -0.6992425322532654 -0.32909709215164185 0.7391924858093262 -0.5876134634017944 -0.32906144857406616 0.7390863299369812 -0.5877669453620911 -0.2907492518424988 0.65301513671875 -0.6993111371994019 -0.29076093435287476 0.6530656814575195 -0.6992591023445129 -0.29075944423675537 0.6530584096908569 -0.6992664933204651 -0.29077252745628357 0.6530033946037292 -0.6993124485015869 -0.2907521426677704 0.6530413031578064 -0.6992855668067932 -6.4279811340384185E-06 0.7148517370223999 -0.6992760896682739 0 0.714901328086853 -0.6992253661155701 2.3718190277577378E-05 0.7148895263671875 -0.6992374658584595 -0.6075159907341003 0.5469812154769897 -0.575965166091919 -0.607509970664978 0.5469752550125122 -0.5759772062301636 -0.5311901569366455 0.4782646596431732 -0.6993567943572998 -0.5312075018882751 0.4782876670360565 -0.6993278861045837 -0.5311837792396545 0.478254497051239 -0.6993685960769653 -0.5311902165412903 0.4782889187335968 -0.6993401646614075 -0.5311931371688843 0.4782506227493286 -0.6993641257286072 -0.29073917865753174 0.6529761552810669 -0.6993517279624939 -0.2907348871231079 0.652961790561676 -0.6993669271469116 -0.29073625802993774 0.6529618501663208 -0.6993663311004639 0.2907736301422119 0.6530470848083496 -0.6992712020874023 0.29077497124671936 0.6530492901802063 -0.6992685794830322 0.29079297184944153 0.6530274748802185 -0.6992815136909485 -0.7910605072975159 0.25704723596572876 -0.5551126599311829 -0.791122555732727 0.25706884264945984 -0.5550141334533691 -0.6799114346504211 0.2209417223930359 -0.6992175579071045 -0.6798201203346252 0.22089117765426636 -0.6993222832679749 -0.6798615455627441 0.22091549634933472 -0.6992743611335754 -0.6798530220985413 0.22090311348438263 -0.6992865800857544 -0.6798614263534546 0.22092662751674652 -0.6992709636688232 -0.5312407612800598 0.4783283472061157 -0.6992747783660889 -0.5312434434890747 0.4783315360546112 -0.6992705464363098 -0.5312527418136597 0.4783278703689575 -0.6992660164833069 0.5312084555625916 0.478292316198349 -0.6993240118026733 0.5311719179153442 0.4782670736312866 -0.6993690133094788 0.531173050403595 0.4782628118991852 -0.6993710398674011 -0.8468273282051086 -0.08900197595357895 -0.5243683457374573 -0.711033821105957 -0.07472135871648788 -0.6991763710975647 -0.7109891176223755 -0.07472524791955948 -0.6992214322090149 -0.7109461426734924 -0.07472967356443405 -0.6992647051811218 -0.7109869122505188 -0.07472508400678635 -0.6992236971855164 -0.7109715342521667 -0.07473446428775787 -0.6992383599281311 -0.7109861373901367 -0.07471918314695358 -0.699225127696991 -0.6798727512359619 0.22092153131961823 -0.6992615461349487 -0.67984938621521 0.22091044485569 -0.6992877721786499 -0.6798639297485352 0.22089561820030212 -0.6992782950401306 0.6799314618110657 0.22092540562152863 -0.6992032527923584 0.6798463463783264 0.2209094613790512 -0.6992910504341125 0.6798471808433533 0.22091525793075562 -0.6992883682250977 -0.7591230273246765 -0.43827781081199646 -0.4812949299812317 -0.6193426251411438 -0.35774126648902893 -0.6988818645477295 -0.6189833283424377 -0.35736730694770813 -0.6993913650512695 -0.6192388534545898 -0.357464998960495 -0.6991151571273804 -0.6189676523208618 -0.35736432671546936 -0.6994067430496216 -0.6189863681793213 -0.3573702573776245 -0.6993871331214905 -0.6189713478088379 -0.3573722243309021 -0.6993994116783142 -0.7108055949211121 -0.07473545521497726 -0.6994069218635559 -0.7108476161956787 -0.07473444193601608 -0.6993643045425415 -0.710843026638031 -0.07472212612628937 -0.6993703246116638 0.7108827233314514 -0.07472366839647293 -0.6993297934532166 0.7109915614128113 -0.07474958151578903 -0.6992163062095642 0.7109692096710205 -0.07478480786085129 -0.6992352604866028 -0.5322863459587097 -0.7326904535293579 -0.4240705966949463 -0.42010587453842163 -0.5782778263092041 -0.6993610262870789 -0.4202007055282593 -0.5783663988113403 -0.6992307901382446 -0.4201219379901886 -0.5782964825630188 -0.6993359327316284 -0.42016714811325073 -0.578309953212738 -0.6992976069450378 -0.42013686895370483 -0.5783090591430664 -0.6993165612220764 -0.6190751791000366 -0.357403963804245 -0.6992912888526917 -0.6190640330314636 -0.3573993146419525 -0.6993035674095154 -0.6190629005432129 -0.3574179410934448 -0.6992950439453125 0.6190153360366821 -0.3573744297027588 -0.6993593573570251 0.6189846992492676 -0.35735100507736206 -0.6993984580039978 0.618989109992981 -0.3573480546474457 -0.6993960738182068 -0.1948622167110443 -0.9166474342346191 -0.34897884726524353 -0.14870858192443848 -0.6994896531105042 -0.698999285697937 -0.14864473044872284 -0.699338972568512 -0.6991636157035828 -0.14868561923503876 -0.6994290351867676 -0.6990648508071899 -0.14864949882030487 -0.6993981003761292 -0.6991034150123596 -0.14870096743106842 -0.6994227766990662 -0.6990677714347839 -0.4202989935874939 -0.5784673690795898 -0.6990881562232971 -0.42031440138816833 -0.5784836411476135 -0.6990654468536377 -0.4207409620285034 -0.5776473879814148 -0.6995002031326294 -0.4203004539012909 -0.5784918665885925 -0.6990669965744019 0.4201571047306061 -0.5782656669616699 -0.699340283870697 0.4201604425907135 -0.578271746635437 -0.6993332505226135 0.4201783537864685 -0.5782687067985535 -0.6993249654769897 0.1948535293340683 -0.916641354560852 -0.348999559879303 0.14864523708820343 -0.6991730332374573 -0.6993294358253479 0.1486474573612213 -0.6992955207824707 -0.699206531047821 0.14864759147167206 -0.6992767453193665 -0.6992252469062805 0.14866702258586884 -0.6992359161376953 -0.6992619037628174 0.1486305147409439 -0.6992788314819336 -0.6992267966270447 -0.1486104279756546 -0.6992409229278564 -0.6992689371109009 -0.1486213356256485 -0.6992719173431396 -0.6992356181144714 -0.14860984683036804 -0.6992810368537903 -0.6992289423942566 0.532295286655426 -0.7326892614364624 -0.42406153678894043 0.4202660024166107 -0.5785213708877563 -0.6990633010864258 0.420274019241333 -0.5785004496574402 -0.6990757584571838 0.4203273057937622 -0.5786145329475403 -0.6989493370056152 0.4202768802642822 -0.5784990787506104 -0.6990752220153809 0.4202769994735718 -0.5784942507743835 -0.699079155921936 0.42027318477630615 -0.578507125377655 -0.6990707516670227 0.14865615963935852 -0.6994267702102661 -0.699073314666748 0.14865732192993164 -0.6994412541389465 -0.6990586519241333 0.14865663647651672 -0.6994410753250122 -0.6990589499473572 0.8700805902481079 0.49270206689834595 0.014298631809651852 0.8713730573654175 0.49033984541893005 0.01660776510834694 0.8125181794166565 0.5829356908798218 0.00034980461350642145 0.8010565638542175 0.5985887050628662 -5.551115123125783E-17 0.9668832421302795 0.25475430488586426 0.01539479847997427 0.9329562783241272 0.3599896728992462 0 0.91984623670578 0.39227908849716187 0 0.9920846819877625 -0.1255706399679184 -5.551115123125783E-17 0.9999959468841553 0 0.0028485937509685755 0.9854266047477722 -0.12115498632192612 0.1193980947136879 0.9874711632728577 -0.11226417124271393 0.11089363694190979 0.9999596476554871 0.008384203538298607 0.00322444224730134 0.992526650428772 0.1220279186964035 8.117211837088689E-05 0.992082417011261 0.12558838725090027 0 0.9714726805686951 0.2371513992547989 0 0.971474826335907 -0.23714269697666168 0 0.9668833613395691 -0.25475364923477173 0.015400680713355541 0.9329601526260376 -0.35997965931892395 5.551115123125783E-17 0.8010876774787903 -0.5985469818115234 5.551115123125783E-17 0.8125113844871521 -0.5829337239265442 0.0036734016612172127 0.870168924331665 -0.4927535355091095 5.551115123125783E-17 0.6009905934333801 -0.2562977373600006 0.7570480704307556 0.858498215675354 -0.4830959737300873 0.17204377055168152 -0.06941931694746017 0.9975875616073608 0 -0.3629157245159149 0.9318219423294067 0 -0.23593229055404663 0.9717695116996765 1.3877787807814457E-17 -0.15637816488742828 0.9873434901237488 -0.026432545855641365 -0.15754885971546173 0.987146258354187 -0.026844585314393044 -0.14615535736083984 0.9889935255050659 -0.02303006313741207 -0.748627781867981 0.6617000102996826 -0.04134700819849968 -0.8345653414726257 0.5509089231491089 5.551115123125783E-17 -0.6684802770614624 0.7436455488204956 -0.011196938343346119 -0.621505081653595 0.7834101319313049 0 -0.45399171113967896 0.8910058736801147 -2.7755575615628914E-17 -0.5064976215362549 0.8612875938415527 -0.0405450314283371 -0.41840800642967224 0.9081380367279053 -0.014832854270935059 -0.9670208692550659 0.2546740174293518 -0.0034270058386027813 -0.9587879180908203 0.2841227352619171 -5.551115123125783E-17 -0.8910068273544312 0.4539899528026581 5.551115123125783E-17 -0.9111900925636292 0.4107346534729004 -0.032088782638311386 -0.8598760366439819 0.5104199051856995 -0.009205708280205727 -0.9543678760528564 -0.2986333966255188 0 -0.9595900774002075 -0.2814004123210907 -0.0008439297089353204 -0.9876313805580139 -0.15642596781253815 -0.010731848888099194 -0.9884132146835327 -0.15158598124980927 -0.007810015697032213 -0.9998208284378052 -0.01892719604074955 -0.0003274174523539841 -0.9999831914901733 -0.005796830635517836 -5.551115123125783E-17 -0.9876881837844849 0.15643532574176788 0 -0.9926246404647827 0.1184622198343277 -0.02574826031923294 -0.9700537919998169 0.24283815920352936 -0.005031632725149393 -0.9054458737373352 -0.4244617521762848 0 -0.8908702731132507 -0.4539203941822052 -0.017505278810858727 -0.8433833718299866 -0.5372974872589111 -0.003986214753240347 -0.6060931086540222 -0.795393705368042 0 -0.6260098814964294 -0.7798111438751221 -0.0024802975822240114 -0.6431501507759094 -0.7657244205474854 -0.004902866668999195 -0.7069419026374817 -0.7069419026374817 -0.021595221012830734 -0.73811936378479 -0.6746701002120972 0 -0.8252969980239868 -0.5646988749504089 5.551115123125783E-17 -0.4909422993659973 -0.8711920976638794 0 -0.45389261841773987 -0.890815794467926 -0.020705660805106163 -0.3830625116825104 -0.9236983060836792 -0.006672212854027748 -0.050862595438957214 -0.9987056851387024 -3.469446951953614E-18 -0.1081361249089241 -0.994056761264801 -0.012561295181512833 -0.12063582241535187 -0.9925732016563416 -0.01566627249121666 -0.1563841998577118 -0.9873676896095276 -0.02547617442905903 -0.2186996042728424 -0.9757922291755676 0 -0.34402915835380554 -0.9389589428901672 2.7755575615628914E-17 -0.9848048686981201 0.1736643761396408 5.551115123125783E-17 -0.8660419583320618 -0.4999713599681854 5.551115123125783E-17 -0.6427677869796753 0.7660610675811768 5.551115123125783E-17 0.9910578727722168 -0.13343258202075958 5.551115123125783E-17 0.3419850170612335 -0.9397054314613342 0 0.6734979152679443 -0.739189088344574 5.551115123125783E-17 -0.34198734164237976 -0.9397045373916626 -2.7755575615628914E-17 -0.642767071723938 0.7660616636276245 0 0.642767071723938 0.7660616636276245 0 -0.3419850170612335 -0.9397054314613342 0 0.9848036766052246 0.1736714243888855 -5.551115123125783E-17 0.8660387992858887 -0.4999768137931824 -5.551115123125783E-17 0.6427713632583618 0.766058087348938 -5.551115123125783E-17 -0.8660387992858887 -0.4999768137931824 5.551115123125783E-17 0.04083799570798874 -0.9991657733917236 0 -0.6109638214111328 -0.7916585206985474 0 -0.3801145851612091 0.9249393939971924 0 -0.8856843709945679 0.46428778767585754 0 -0.9769161343574524 -0.2136232554912567 -5.551115123125783E-17 0.844880998134613 0.534954309463501 -5.551115123125783E-17 0.3034757673740387 0.9528391361236572 0 -0.6427634954452515 0.7660646438598633 0 -0.8700706958770752 -0.49271926283836365 0.014307176694273949 -0.8713607788085938 -0.4903615713119507 0.016611788421869278 -0.8124999403953552 -0.5829611420631409 0.00035015883622691035 -0.8010540008544922 -0.5985921025276184 0 -0.9668806791305542 -0.2547638714313507 0.015400350093841553 -0.9329587817192078 -0.3599831759929657 5.551115123125783E-17 -0.9198393225669861 -0.3922952711582184 5.551115123125783E-17 -0.9920896291732788 0.12553171813488007 -5.551115123125783E-17 -0.9936225414276123 0.11275695264339447 0.0002915808872785419 -0.9998745322227478 -0.009898325428366661 0.012369370087981224 -0.9999959468841553 0 0.0028436267748475075 -0.9920912384986877 -0.12551872432231903 5.551115123125783E-17 -0.9714720845222473 -0.23715393245220184 0 -0.9714722633361816 0.23715320229530334 0 -0.9668806195259094 0.2547638714313507 0.015400853008031845 -0.9329597353935242 0.3599807322025299 5.551115123125783E-17 -0.8010373711585999 0.5986143350601196 0 -0.8125009536743164 0.5829482078552246 0.00368549139238894 -0.8701597452163696 0.49276968836784363 5.551115123125783E-17 -0.8701597452163696 0.49276968836784363 -5.551115123125783E-17 -0.6013660430908203 0.25647836923599243 0.7566887140274048 -0.858511209487915 0.4831291437149048 0.171885684132576 -0.8346007466316223 0.5508553385734558 0 -0.3600393235683441 0.9329371452331543 -2.7755575615628914E-17 -0.07324285805225372 0.9973141551017761 0 -0.1563810259103775 0.9873454570770264 -0.02634303644299507 -0.15244895219802856 0.9879211783409119 -0.0277677234262228 -0.23471099138259888 0.9720652103424072 0 -0.7487004399299622 0.6616129875183105 -0.04142298921942711 -0.6693068742752075 0.7428973317146301 -0.011482348665595055 -0.6535672545433044 0.7568305730819702 -0.00757192587479949 -0.6201971769332886 0.7844459414482117 0 -0.45398950576782227 0.8910070061683655 0 -0.5055687427520752 0.8618672490119934 -0.03981293737888336 -0.4146624207496643 0.9098707437515259 -0.013794433325529099 -0.9671502709388733 0.2541813552379608 -0.0034863948822021484 -0.9588211178779602 0.2840105891227722 -5.551115123125783E-17 -0.891006588935852 0.4539903998374939 0 -0.9112895727157593 0.4105004370212555 -0.03225988894701004 -0.8600234389305115 0.5101705193519592 -0.009262100793421268 -0.9882950186729431 -0.15234456956386566 -0.008004121482372284 -0.9876341223716736 -0.1564258486032486 -0.010476709343492985 -0.9593727588653564 -0.28214043378829956 -0.0007997660432010889 -0.9998074173927307 -0.019622614607214928 -0.0003591154527384788 -0.9999805688858032 -0.0062356432899832726 5.551115123125783E-17 -0.9876883029937744 0.1564347892999649 0 -0.9926585555076599 0.11812900006771088 -0.025972843170166016 -0.9702306389808655 0.24212826788425446 -0.005141783505678177 -0.8251906037330627 -0.5648543834686279 -5.551115123125783E-17 -0.8430992364883423 -0.5377437472343445 -0.003919284790754318 -0.8908722996711731 -0.45392197370529175 -0.017361242324113846 -0.9052902460098267 -0.42479363083839417 0 -0.954280436038971 -0.29891273379325867 0 -0.7379810214042664 -0.6748214960098267 0 -0.7069427967071533 -0.7069427967071533 -0.021535731852054596 -0.6422557830810547 -0.7664759755134583 -0.00469550397247076 -0.37785109877586365 -0.925848662853241 -0.005728653632104397 -0.3867480456829071 -0.9221558570861816 -0.007384946569800377 -0.4538894593715668 -0.8908106684684753 -0.020992323756217957 -0.4917459487915039 -0.8707387447357178 0 -0.6073998808860779 -0.7943962216377258 0 -0.05349379777908325 -0.9985681772232056 3.469446951953614E-18 -0.1143961176276207 -0.9933357834815979 -0.014053914695978165 -0.15638579428195953 -0.9873754978179932 -0.02516123279929161 -0.21649454534053802 -0.976283848285675 1.3877787807814457E-17 -0.3405179977416992 -0.9402379989624023 0 0.9848092198371887 -0.17363972961902618 -5.551115123125783E-17 0.8660262227058411 0.4999985992908478 0 -0.34199202060699463 0.9397028684616089 0 -0.9910708665847778 0.13333630561828613 -5.551115123125783E-17 0.6427617073059082 -0.7660661339759827 0 0.34199202060699463 0.9397028684616089 0 -0.6734707951545715 0.7392138242721558 0 -0.6427617073059082 -0.7660661339759827 0 -0.9848092198371887 -0.17363972961902618 5.551115123125783E-17 -0.8660277724266052 0.4999958872795105 0 0.984808623790741 -0.17364324629306793 -5.551115123125783E-17 -0.984808623790741 -0.17364324629306793 5.551115123125783E-17 -0.8660262227058411 0.4999985992908478 0 -0.8449023365974426 -0.5349206328392029 5.551115123125783E-17 -0.04083770141005516 0.9991657733917236 -3.469446951953614E-18 0.6109901666641235 0.791638195514679 0 0.3800916075706482 -0.9249488711357117 0 0.8857030272483826 -0.46425217390060425 0 0.976905107498169 0.21367348730564117 0 -0.3034789264202118 -0.952838122844696 0 </float_array>
          <technique_common>
            <accessor source="#mesh_1-normal-array" count="1781" stride="3">
              <param name="X" type="float" />
              <param name="Y" type="float" />
              <param name="Z" type="float" />
            </accessor>
          </technique_common>
        </source>
        <vertices id="mesh_1-vertices">
          <input semantic="POSITION" source="#mesh_1-position" />
        </vertices>
        <triangles material="default" count="6508">
          <input semantic="VERTEX" source="#mesh_1-vertices" offset="0" />
          <input semantic="NORMAL" source="#mesh_1-normal" offset="1" />
          <p>0 0 1 0 2 0 3 1 4 1 5 1 5 2 4 2 6 2 5 3 6 3 2 3 2 4 6 4 7 4 2 5 7 5 0 5 8 6 9 6 10 6 10 7 9 7 11 7 10 8 11 8 12 8 8 9 13 9 9 9 9 10 13 10 14 10 9 11 14 11 5 11 5 12 14 12 15 12 5 13 15 13 3 13 16 14 17 14 18 14 18 15 17 15 19 15 18 16 19 16 11 16 11 17 19 17 20 17 11 18 20 18 12 18 21 19 22 19 23 19 23 20 22 20 24 20 23 21 24 21 25 21 25 22 24 22 26 22 26 23 27 23 25 23 25 24 27 24 28 24 25 25 28 25 18 25 18 26 28 26 29 26 18 27 29 27 16 27 21 28 23 28 30 28 30 29 23 29 31 29 30 30 31 30 32 30 33 31 34 31 35 31 35 32 36 32 33 32 33 33 36 33 37 33 33 34 37 34 31 34 31 35 37 35 38 35 31 36 38 36 32 36 34 37 33 37 39 37 39 38 33 38 40 38 39 39 40 39 41 39 42 40 43 40 44 40 44 41 45 41 42 41 42 42 45 42 46 42 42 43 46 43 40 43 40 44 46 44 47 44 40 45 47 45 41 45 48 46 49 46 50 46 51 47 52 47 53 47 54 48 55 48 56 48 56 49 55 49 53 49 56 50 53 50 57 50 57 51 53 51 52 51 50 7 49 7 58 7 58 52 49 52 59 52 58 53 59 53 60 53 60 54 61 54 58 54 58 55 61 55 62 55 58 56 62 56 53 56 53 57 62 57 63 57 53 58 63 58 51 58 64 59 65 59 66 59 66 60 65 60 67 60 66 61 67 61 50 61 50 62 67 62 68 62 50 63 68 63 48 63 69 64 70 64 71 64 71 65 70 65 72 65 71 66 72 66 73 66 69 67 74 67 70 67 70 68 74 68 75 68 70 69 75 69 66 69 66 70 75 70 76 70 66 71 76 71 64 71 77 72 78 72 79 72 79 73 78 73 80 73 79 74 80 74 72 74 72 75 80 75 81 75 72 76 81 76 73 76 77 77 79 77 82 77 82 78 79 78 83 78 82 79 83 79 84 79 85 80 86 80 87 80 87 81 86 81 88 81 87 82 88 82 83 82 83 83 88 83 89 83 83 84 89 84 84 84 90 85 91 85 92 85 92 86 91 86 93 86 92 87 93 87 87 87 87 88 93 88 94 88 87 89 94 89 85 89 95 90 96 90 97 90 98 91 99 91 100 91 101 92 102 92 103 92 104 93 105 93 106 93 107 94 108 94 109 94 106 95 110 95 104 95 104 96 110 96 111 96 104 97 111 97 112 97 112 98 107 98 104 98 104 99 107 99 109 99 104 100 109 100 103 100 103 101 109 101 113 101 103 102 113 102 101 102 114 103 115 103 116 103 117 104 118 104 119 104 119 105 118 105 120 105 119 106 120 106 121 106 121 107 114 107 119 107 119 108 114 108 116 108 119 109 116 109 104 109 104 110 116 110 122 110 104 111 122 111 105 111 123 112 124 112 119 112 119 113 124 113 125 113 119 114 125 114 117 114 126 115 127 115 119 115 119 116 127 116 128 116 119 117 128 117 129 117 130 118 123 118 131 118 131 119 123 119 119 119 131 120 119 120 132 120 132 121 119 121 129 121 133 122 134 122 126 122 126 123 134 123 135 123 126 124 135 124 127 124 99 125 136 125 100 125 100 126 136 126 137 126 100 127 137 127 126 127 126 128 137 128 138 128 126 129 138 129 139 129 140 130 133 130 141 130 141 131 133 131 126 131 141 132 126 132 142 132 142 133 126 133 139 133 96 134 143 134 97 134 97 135 143 135 144 135 97 136 144 136 100 136 100 137 144 137 145 137 100 138 145 138 146 138 147 139 98 139 148 139 148 140 98 140 100 140 148 141 100 141 149 141 149 142 100 142 146 142 150 143 151 143 152 143 152 144 153 144 150 144 150 145 153 145 154 145 150 146 154 146 97 146 97 147 154 147 155 147 97 148 155 148 156 148 157 149 95 149 158 149 158 150 95 150 97 150 158 151 97 151 159 151 159 152 97 152 156 152 160 153 161 153 162 153 162 154 163 154 160 154 160 155 163 155 164 155 160 156 164 156 150 156 150 157 164 157 165 157 150 158 165 158 166 158 167 159 151 159 168 159 168 160 151 160 150 160 168 161 150 161 169 161 169 162 150 162 166 162 170 163 171 163 172 163 173 164 174 164 175 164 176 165 177 165 178 165 179 166 180 166 176 166 181 167 182 167 175 167 175 168 182 168 183 168 175 169 183 169 173 169 176 170 178 170 179 170 179 171 178 171 184 171 179 172 184 172 175 172 175 173 184 173 185 173 175 174 185 174 181 174 186 175 187 175 188 175 189 176 186 176 190 176 191 177 192 177 179 177 179 178 192 178 193 178 179 179 193 179 180 179 186 180 188 180 190 180 190 181 188 181 194 181 190 182 194 182 179 182 179 183 194 183 195 183 179 184 195 184 191 184 196 185 197 185 198 185 171 186 199 186 172 186 172 187 199 187 200 187 172 188 200 188 196 188 196 189 198 189 172 189 172 190 198 190 201 190 172 191 201 191 190 191 190 192 201 192 202 192 190 193 202 193 203 193 203 194 204 194 190 194 190 195 204 195 205 195 190 196 205 196 189 196 206 197 207 197 208 197 209 198 210 198 211 198 211 199 210 199 212 199 212 200 213 200 211 200 211 201 213 201 214 201 211 202 214 202 206 202 206 203 208 203 211 203 211 204 208 204 215 204 211 205 215 205 172 205 172 206 215 206 216 206 172 207 216 207 170 207 217 208 218 208 219 208 219 209 218 209 220 209 220 210 221 210 219 210 219 211 221 211 222 211 219 212 222 212 223 212 209 213 211 213 224 213 224 214 211 214 219 214 224 215 219 215 225 215 225 216 219 216 223 216 225 217 223 217 226 217 227 218 228 218 229 218 229 219 228 219 230 219 230 220 231 220 229 220 229 221 231 221 232 221 229 222 232 222 233 222 217 223 219 223 234 223 234 224 219 224 229 224 234 225 229 225 235 225 235 226 229 226 233 226 235 227 233 227 236 227 237 228 238 228 239 228 240 229 241 229 242 229 239 230 243 230 237 230 237 231 243 231 244 231 237 232 244 232 245 232 245 233 240 233 237 233 237 234 240 234 242 234 237 235 242 235 229 235 229 236 242 236 246 236 229 237 246 237 227 237 247 238 248 238 249 238 250 238 251 238 252 238 252 238 251 238 253 238 252 238 254 238 250 238 249 238 248 238 255 238 255 238 248 238 256 238 257 239 258 239 259 239 260 239 261 239 262 239 262 239 261 239 263 239 264 239 261 239 260 239 259 239 265 239 257 239 257 239 265 239 266 239 267 240 268 240 269 240 270 241 268 241 271 241 271 242 268 242 267 242 268 243 272 243 269 243 269 244 272 244 273 244 274 245 270 245 271 245 273 246 272 246 275 246 276 247 270 247 277 247 277 248 270 248 274 248 272 249 278 249 275 249 275 250 278 250 279 250 280 251 276 251 277 251 279 252 278 252 281 252 282 253 276 253 283 253 283 254 276 254 280 254 278 255 284 255 281 255 281 256 284 256 285 256 286 257 282 257 283 257 285 258 284 258 287 258 288 259 282 259 289 259 289 260 282 260 286 260 284 261 290 261 287 261 287 262 290 262 291 262 292 263 288 263 289 263 291 264 290 264 293 264 294 265 288 265 295 265 295 266 288 266 292 266 290 267 296 267 293 267 293 268 296 268 297 268 298 269 294 269 295 269 297 270 296 270 299 270 300 271 294 271 301 271 301 272 294 272 298 272 296 273 302 273 299 273 299 274 302 274 303 274 304 275 300 275 301 275 303 276 302 276 305 276 306 277 300 277 307 277 307 278 300 278 304 278 305 279 302 279 308 279 309 280 306 280 307 280 308 281 302 281 310 281 310 282 302 282 311 282 312 283 313 283 309 283 309 284 313 284 306 284 310 285 311 285 314 285 314 286 311 286 312 286 312 287 311 287 313 287 315 288 316 288 317 288 317 288 316 288 318 288 319 289 316 289 315 289 320 290 315 290 317 290 317 288 318 288 321 288 316 291 322 291 318 291 319 292 315 292 323 292 319 293 322 293 316 293 317 294 324 294 320 294 325 295 321 295 318 295 326 296 318 296 322 296 323 297 315 297 327 297 326 298 322 298 319 298 320 299 324 299 328 299 325 300 318 300 326 300 323 301 327 301 329 301 320 299 328 299 330 299 329 302 327 302 331 302 330 303 328 303 332 303 330 303 332 303 333 303 333 304 332 304 334 304 334 305 332 305 335 305 332 306 336 306 335 306 337 290 338 290 321 290 321 290 338 290 339 290 338 290 337 290 340 290 337 307 321 307 325 307 321 290 339 290 317 290 340 308 341 308 338 308 340 290 337 290 342 290 343 309 337 309 325 309 339 310 344 310 317 310 340 308 345 308 341 308 340 290 342 290 346 290 343 311 342 311 337 311 317 294 344 294 324 294 340 312 347 312 345 312 346 313 347 313 340 313 346 290 342 290 348 290 349 314 342 314 343 314 346 315 350 315 347 315 346 290 348 290 351 290 349 316 348 316 342 316 334 317 350 317 346 317 346 290 351 290 334 290 352 318 351 318 348 318 352 319 348 319 349 319 334 290 351 290 331 290 334 290 331 290 333 290 333 290 331 290 327 290 333 290 327 290 330 290 330 290 327 290 315 290 330 290 315 290 320 290 353 290 323 290 354 290 354 290 323 290 329 290 323 290 353 290 319 290 354 309 355 309 353 309 354 290 329 290 356 290 319 290 353 290 357 290 354 311 358 311 355 311 353 307 355 307 359 307 356 314 358 314 354 314 356 290 329 290 360 290 353 320 359 320 361 320 358 321 356 321 362 321 329 322 331 322 360 322 362 323 356 323 363 323 360 324 331 324 351 324 362 318 363 318 364 318 360 325 351 325 352 325 364 325 363 325 365 325 364 326 365 326 366 326 366 327 365 327 367 327 366 328 367 328 368 328 368 329 367 329 369 329 368 330 369 330 370 330 370 292 369 292 371 292 372 331 373 331 374 331 374 332 373 332 375 332 373 333 372 333 376 333 377 290 372 290 374 290 374 332 375 332 378 332 373 334 379 334 375 334 376 290 379 290 373 290 376 335 372 335 380 335 374 239 378 239 377 239 381 290 372 290 377 290 382 290 379 290 376 290 376 336 380 336 382 336 380 290 372 290 381 290 379 290 382 290 383 290 383 290 382 290 384 290 382 337 380 337 385 337 365 290 380 290 381 290 382 290 386 290 384 290 384 290 386 290 387 290 385 238 388 238 382 238 363 290 385 290 380 290 365 290 381 290 367 290 363 290 380 290 365 290 382 238 388 238 386 238 388 290 385 290 363 290 367 290 381 290 369 290 369 290 381 290 389 290 369 290 389 290 371 290 371 290 389 290 357 290 357 290 389 290 390 290 357 290 390 290 319 290 319 290 390 290 326 290 326 290 390 290 325 290 325 290 390 290 391 290 325 290 391 290 343 290 343 290 391 290 349 290 349 290 391 290 352 290 392 338 393 338 394 338 394 338 393 338 395 338 393 290 392 290 396 290 394 339 395 339 397 339 395 238 393 238 332 238 397 339 395 339 328 339 395 339 332 339 328 339 397 339 328 339 324 339 397 339 324 339 398 339 398 339 324 339 344 339 398 339 344 339 399 339 400 340 398 340 399 340 399 339 344 339 401 339 400 341 399 341 401 341 401 339 344 339 402 339 400 341 401 341 403 341 401 339 402 339 404 339 339 310 402 310 344 310 403 342 401 342 404 342 404 339 402 339 341 339 338 343 402 343 339 343 404 339 341 339 405 339 338 343 341 343 402 343 405 339 406 339 404 339 405 339 341 339 345 339 406 338 405 338 407 338 405 339 345 339 408 339 345 238 409 238 408 238 410 338 411 338 412 338 412 338 411 338 413 338 413 290 411 290 414 290 414 239 415 239 413 239 414 290 411 290 416 290 413 239 415 239 417 239 414 290 416 290 418 290 413 239 417 239 419 239 420 344 417 344 415 344 414 290 418 290 421 290 419 239 422 239 413 239 419 239 417 239 423 239 424 344 417 344 420 344 421 290 418 290 425 290 419 345 423 345 426 345 423 239 417 239 427 239 428 346 417 346 424 346 421 290 425 290 429 290 430 310 425 310 418 310 426 347 423 347 431 347 423 342 427 342 431 342 428 346 427 346 417 346 429 290 425 290 432 290 426 347 431 347 433 347 431 342 427 342 434 342 435 348 427 348 428 348 432 290 425 290 436 290 433 349 431 349 437 349 431 341 434 341 438 341 435 348 434 348 427 348 432 290 436 290 396 290 433 350 437 350 439 350 431 341 438 341 437 341 435 351 438 351 434 351 396 290 436 290 440 290 439 352 437 352 441 352 437 340 438 340 442 340 443 353 438 353 435 353 396 290 440 290 393 290 439 354 441 354 444 354 437 340 442 340 441 340 443 355 442 355 438 355 393 290 440 290 336 290 444 356 441 356 445 356 441 357 442 357 445 357 332 238 393 238 336 238 440 303 446 303 336 303 444 356 445 356 447 356 336 306 446 306 448 306 447 358 449 358 444 358 447 359 445 359 450 359 336 306 448 306 335 306 335 360 448 360 350 360 335 361 350 361 334 361 451 362 452 362 430 362 430 362 452 362 453 362 452 363 451 363 454 363 455 339 451 339 430 339 430 362 453 362 456 362 452 362 457 362 453 362 458 364 452 364 454 364 454 365 451 365 459 365 430 310 418 310 455 310 460 366 456 366 453 366 458 367 457 367 452 367 460 368 453 368 457 368 461 339 458 339 454 339 454 369 459 369 462 369 455 343 418 343 416 343 460 370 457 370 458 370 461 339 454 339 463 339 460 339 458 339 461 339 454 339 462 339 463 339 455 343 416 343 464 343 463 339 462 339 465 339 464 308 416 308 409 308 464 308 409 308 466 308 466 371 409 371 467 371 467 372 409 372 468 372 467 373 468 373 469 373 409 374 345 374 468 374 470 375 467 375 469 375 469 376 468 376 347 376 468 312 345 312 347 312 469 376 347 376 350 376 448 360 469 360 350 360 370 288 471 288 472 288 472 288 471 288 361 288 370 377 371 377 471 377 473 290 370 290 472 290 472 288 361 288 359 288 471 291 474 291 361 291 471 378 371 378 474 378 472 294 475 294 473 294 474 379 357 379 361 379 474 380 371 380 357 380 473 381 475 381 476 381 361 382 357 382 353 382 473 381 476 381 477 381 477 303 476 303 478 303 477 303 478 303 479 303 479 304 478 304 480 304 480 305 478 305 481 305 478 306 482 306 481 306 355 290 483 290 359 290 359 290 483 290 484 290 483 290 355 290 485 290 359 290 484 290 472 290 483 343 486 343 484 343 485 308 487 308 483 308 485 290 355 290 358 290 484 383 488 383 472 383 483 343 487 343 486 343 484 383 486 383 488 383 485 308 489 308 487 308 485 290 358 290 490 290 472 294 488 294 475 294 485 384 491 384 489 384 490 385 491 385 485 385 490 290 358 290 362 290 490 386 492 386 491 386 490 290 362 290 364 290 480 317 492 317 490 317 490 290 364 290 480 290 480 290 364 290 366 290 480 290 366 290 479 290 479 290 366 290 368 290 479 290 368 290 477 290 477 290 368 290 370 290 477 290 370 290 473 290 493 290 494 290 495 290 495 290 494 290 496 290 493 290 497 290 494 290 495 290 496 290 498 290 494 290 497 290 499 290 495 290 498 290 500 290 498 290 496 290 501 290 499 290 497 290 502 290 500 290 498 290 503 290 498 290 501 290 504 290 499 290 502 290 505 290 498 7 506 7 503 7 504 290 507 290 498 290 504 387 501 387 508 387 498 239 509 239 506 239 503 7 506 7 391 7 507 388 504 388 509 388 507 239 509 239 498 239 509 388 504 388 508 388 508 389 501 389 510 389 509 290 511 290 506 290 506 290 511 290 391 290 509 390 508 390 511 390 512 290 508 290 510 290 391 290 511 290 513 290 511 391 508 391 512 391 512 290 510 290 386 290 391 290 513 290 352 290 511 392 512 392 513 392 513 393 512 393 386 393 514 290 386 290 515 290 515 290 386 290 510 290 352 290 513 290 388 290 513 394 386 394 388 394 352 290 388 290 360 290 360 290 388 290 363 290 360 290 363 290 356 290 378 290 375 290 516 290 516 290 375 290 517 290 377 239 378 239 516 239 516 290 517 290 518 290 375 395 379 395 517 395 516 396 381 396 377 396 517 397 379 397 518 397 519 344 518 344 379 344 520 290 519 290 521 290 521 290 519 290 379 290 521 290 379 290 522 290 523 290 519 290 520 290 524 290 519 290 523 290 515 290 510 290 525 290 525 290 510 290 526 290 387 290 386 290 514 290 522 290 379 290 527 290 527 290 379 290 383 290 528 398 390 398 529 398 529 398 390 398 389 398 528 338 530 338 390 338 529 399 531 399 528 399 532 344 529 344 389 344 390 338 530 338 533 338 528 399 531 399 534 399 532 344 389 344 535 344 390 338 533 338 391 338 531 290 536 290 534 290 535 344 537 344 532 344 535 344 389 344 381 344 391 338 533 338 503 338 534 290 536 290 538 290 535 344 381 344 539 344 534 290 538 290 540 290 534 290 540 290 541 290 541 290 540 290 542 290 543 342 414 342 544 342 544 342 414 342 421 342 414 239 543 239 415 239 545 347 543 347 544 347 544 341 421 341 546 341 415 345 543 345 545 345 545 347 544 347 547 347 547 349 544 349 546 349 546 341 421 341 429 341 420 345 415 345 545 345 547 400 548 400 545 400 547 350 546 350 549 350 546 340 429 340 432 340 547 400 550 400 548 400 549 401 550 401 547 401 549 352 546 352 551 352 546 340 432 340 551 340 549 401 552 401 550 401 549 354 551 354 553 354 551 357 432 357 396 357 549 402 554 402 552 402 553 402 554 402 549 402 553 356 551 356 555 356 551 357 396 357 555 357 553 358 556 358 554 358 553 356 555 356 557 356 555 239 396 239 558 239 557 358 556 358 553 358 557 359 555 359 559 359 559 359 555 359 558 359 558 239 396 239 392 239 559 338 558 338 560 338 558 239 392 239 561 239 560 338 558 338 561 338 561 239 392 239 562 239 560 403 561 403 563 403 561 239 562 239 563 239 562 239 392 239 564 239 560 403 563 403 449 403 563 239 562 239 445 239 565 338 562 338 564 338 564 239 392 239 394 239 449 404 563 404 442 404 445 357 442 357 563 357 450 359 445 359 562 359 450 338 562 338 565 338 564 239 394 239 566 239 449 404 442 404 567 404 566 239 394 239 568 239 444 358 449 358 567 358 567 405 442 405 443 405 568 239 394 239 397 239 444 402 567 402 443 402 568 239 397 239 569 239 444 402 443 402 439 402 569 357 397 357 570 357 439 401 443 401 435 401 570 357 397 357 398 357 439 401 435 401 433 401 570 340 398 340 400 340 433 400 435 400 426 400 426 400 435 400 428 400 571 239 572 239 566 239 566 239 572 239 564 239 572 357 571 357 573 357 574 406 571 406 566 406 565 403 564 403 572 403 575 404 572 404 573 404 573 357 571 357 576 357 574 338 566 338 577 338 578 406 571 406 574 406 565 403 572 403 575 403 575 404 573 404 579 404 573 407 576 407 580 407 581 408 576 408 571 408 577 338 566 338 568 338 581 409 571 409 578 409 579 405 573 405 582 405 573 340 580 340 583 340 584 410 580 410 576 410 584 410 576 410 581 410 577 411 568 411 569 411 582 355 573 355 583 355 583 341 580 341 585 341 586 412 580 412 584 412 577 411 569 411 587 411 582 353 583 353 588 353 583 413 585 413 589 413 586 412 585 412 580 412 587 414 569 414 570 414 588 351 583 351 589 351 589 342 585 342 590 342 587 415 570 415 591 415 588 348 589 348 590 348 591 416 570 416 592 416 588 348 590 348 593 348 592 416 570 416 400 416 593 400 594 400 588 400 592 417 400 417 595 417 595 417 400 417 403 417 590 239 596 239 422 239 422 239 596 239 597 239 590 342 585 342 596 342 593 346 590 346 422 346 422 239 597 239 406 239 597 418 596 418 594 418 594 419 596 419 585 419 593 346 422 346 598 346 406 239 597 239 599 239 600 418 597 418 594 418 594 419 585 419 586 419 598 344 422 344 601 344 406 239 599 239 404 239 600 344 599 344 597 344 588 400 594 400 586 400 601 344 422 344 419 344 404 239 599 239 602 239 603 344 599 344 600 344 588 420 586 420 584 420 601 345 419 345 426 345 403 342 404 342 602 342 604 421 602 421 599 421 604 421 599 421 603 421 588 401 584 401 582 401 426 238 428 238 601 238 595 422 403 422 602 422 595 422 602 422 604 422 582 402 584 402 581 402 601 238 428 238 424 238 604 400 605 400 595 400 582 423 581 423 579 423 595 400 605 400 606 400 579 358 581 358 575 358 595 401 606 401 592 401 575 358 581 358 578 358 592 401 606 401 607 401 592 402 607 402 608 402 592 402 608 402 591 402 591 358 608 358 609 358 591 358 609 358 587 358 610 238 611 238 612 238 612 238 611 238 613 238 614 339 611 339 610 339 612 338 615 338 610 338 612 238 613 238 411 238 616 338 613 338 611 338 463 338 614 338 610 338 616 339 611 339 614 339 612 424 412 424 615 424 610 338 615 338 461 338 411 238 410 238 612 238 610 338 461 338 463 338 410 424 412 424 612 424 412 239 413 239 615 239 615 239 413 239 530 239 530 239 413 239 406 239 530 239 406 239 407 239 413 239 422 239 406 239 617 238 405 238 618 238 618 238 405 238 619 238 407 338 405 338 617 338 530 425 617 425 618 425 618 238 619 238 620 238 407 425 617 425 530 425 530 338 618 338 533 338 620 238 533 238 618 238 619 338 621 338 620 338 620 338 621 338 622 338 623 339 621 339 408 339 408 339 621 339 619 339 623 339 624 339 621 339 408 339 619 339 405 339 621 339 624 339 625 339 621 238 625 238 622 238 625 339 624 339 626 339 625 339 626 339 627 339 624 339 628 339 626 339 627 339 629 339 625 339 630 426 627 426 626 426 626 339 628 339 631 339 626 338 632 338 630 338 626 339 631 339 632 339 632 339 631 339 633 339 632 339 633 339 634 339 505 427 633 427 631 427 502 428 634 428 633 428 502 429 633 429 505 429 613 290 635 290 411 290 411 290 635 290 409 290 613 290 636 290 635 290 411 290 409 290 416 290 408 238 409 238 635 238 636 338 613 338 616 338 635 290 636 290 637 290 408 338 635 338 623 338 623 338 635 338 637 338 637 290 636 290 638 290 623 430 637 430 639 430 640 431 637 431 638 431 638 290 636 290 641 290 639 430 637 430 642 430 640 432 638 432 643 432 638 290 641 290 644 290 639 433 642 433 645 433 643 339 616 339 640 339 644 290 641 290 646 290 640 339 616 339 647 339 646 290 641 290 648 290 647 339 616 339 614 339 649 434 650 434 651 434 651 434 650 434 652 434 653 239 649 239 651 239 651 338 652 338 653 338 652 238 650 238 654 238 653 338 652 338 654 338 654 238 650 238 655 238 654 290 548 290 653 290 654 238 655 238 601 238 650 238 656 238 655 238 654 238 420 238 548 238 653 290 548 290 657 290 601 238 424 238 654 238 601 238 655 238 598 238 655 238 656 238 658 238 654 238 424 238 420 238 548 238 420 238 545 238 653 290 657 290 659 290 657 290 548 290 660 290 598 238 655 238 600 238 659 290 661 290 653 290 657 435 662 435 659 435 660 290 548 290 550 290 598 238 600 238 593 238 600 238 655 238 603 238 659 239 663 239 661 239 653 290 661 290 664 290 659 436 662 436 665 436 660 290 550 290 666 290 593 238 600 238 594 238 603 238 655 238 605 238 663 436 659 436 667 436 664 290 661 290 668 290 659 436 665 436 667 436 662 437 669 437 665 437 666 290 550 290 552 290 603 238 605 238 604 238 670 438 663 438 667 438 664 338 668 338 671 338 668 290 661 290 672 290 667 439 665 439 673 439 665 440 669 440 674 440 666 290 552 290 554 290 667 441 673 441 670 441 671 338 668 338 675 338 668 290 672 290 676 290 665 439 674 439 673 439 666 290 554 290 677 290 670 442 673 442 678 442 674 443 679 443 673 443 677 290 554 290 556 290 678 444 673 444 679 444 677 290 556 290 680 290 678 445 679 445 681 445 680 290 556 290 682 290 681 446 679 446 683 446 680 290 682 290 684 290 685 339 686 339 456 339 456 339 686 339 687 339 686 339 685 339 446 339 688 447 685 447 456 447 456 339 687 339 430 339 686 299 436 299 687 299 446 303 440 303 686 303 446 339 685 339 689 339 688 448 456 448 460 448 690 449 685 449 688 449 687 294 425 294 430 294 686 299 440 299 436 299 687 294 436 294 425 294 446 339 689 339 470 339 690 450 689 450 685 450 688 339 691 339 690 339 446 451 470 451 448 451 470 339 689 339 692 339 693 452 689 452 690 452 448 453 470 453 469 453 470 339 692 339 694 339 693 454 692 454 689 454 470 339 694 339 467 339 695 455 694 455 692 455 695 456 692 456 693 456 467 339 694 339 696 339 465 457 694 457 695 457 467 339 696 339 466 339 465 458 696 458 694 458 466 339 696 339 459 339 462 459 696 459 465 459 466 339 459 339 464 339 462 460 459 460 696 460 464 339 459 339 451 339 464 339 451 339 455 339 556 238 559 238 697 238 697 238 559 238 560 238 556 238 557 238 559 238 556 290 697 290 682 290 697 238 560 238 450 238 697 338 698 338 682 338 697 238 450 238 699 238 450 238 560 238 447 238 699 338 698 338 697 338 682 239 698 239 684 239 699 238 450 238 565 238 447 238 560 238 449 238 699 339 609 339 698 339 684 239 698 239 683 239 699 238 565 238 574 238 699 238 577 238 609 238 698 339 609 339 700 339 684 461 683 461 701 461 698 339 700 339 683 339 574 238 577 238 699 238 574 238 565 238 578 238 609 238 577 238 587 238 700 339 609 339 702 339 701 461 683 461 679 461 681 462 683 462 700 462 578 238 565 238 575 238 703 463 700 463 702 463 702 339 609 339 608 339 681 462 700 462 703 462 703 463 702 463 704 463 702 339 608 339 705 339 704 464 702 464 705 464 705 339 608 339 607 339 704 464 705 464 706 464 705 339 607 339 606 339 706 465 705 465 707 465 705 339 606 339 707 339 706 465 707 465 708 465 707 339 606 339 605 339 708 466 707 466 709 466 707 339 605 339 709 339 708 466 709 466 710 466 709 339 605 339 711 339 710 435 709 435 663 435 709 339 711 339 663 339 605 339 655 339 711 339 710 435 663 435 712 435 663 339 711 339 713 339 655 338 658 338 711 338 712 467 663 467 670 467 661 239 663 239 713 239 713 339 711 339 714 339 661 338 713 338 672 338 713 339 714 339 715 339 715 338 714 338 716 338 717 362 718 362 719 362 719 362 718 362 720 362 718 468 717 468 721 468 722 339 717 339 719 339 719 362 720 362 723 362 718 362 724 362 720 362 725 469 718 469 721 469 721 365 717 365 726 365 719 383 727 383 722 383 728 470 723 470 720 470 725 471 724 471 718 471 728 472 720 472 724 472 721 339 460 339 725 339 721 369 726 369 691 369 722 343 727 343 729 343 728 473 724 473 725 473 721 339 688 339 460 339 725 339 460 339 461 339 691 339 688 339 721 339 691 460 726 460 730 460 722 343 729 343 731 343 725 339 461 339 732 339 691 459 730 459 733 459 731 308 729 308 734 308 690 339 691 339 733 339 731 308 734 308 735 308 690 339 733 339 736 339 735 371 734 371 737 371 736 339 733 339 738 339 737 474 734 474 739 474 736 339 738 339 740 339 737 475 739 475 741 475 734 384 489 384 739 384 742 375 737 375 741 375 741 376 739 376 491 376 739 384 489 384 491 384 741 376 491 376 492 376 743 476 741 476 492 476 744 477 745 477 746 477 746 478 745 478 747 478 745 7 744 7 463 7 744 479 746 479 748 479 746 480 747 480 749 480 747 481 745 481 750 481 463 339 465 339 745 339 463 482 744 482 751 482 748 483 746 483 749 483 749 484 747 484 750 484 745 339 465 339 695 339 463 485 751 485 752 485 748 486 749 486 753 486 754 487 749 487 750 487 745 339 695 339 755 339 756 488 753 488 749 488 756 487 749 487 754 487 755 339 695 339 693 339 755 339 693 339 690 339 736 339 755 339 690 339 757 239 755 239 736 239 758 344 759 344 760 344 760 344 759 344 761 344 758 339 762 339 759 339 760 239 763 239 758 239 759 339 762 339 487 339 758 239 763 239 764 239 759 339 487 339 489 339 487 339 762 339 486 339 758 239 764 239 765 239 734 238 759 238 489 238 486 339 762 339 766 339 486 339 766 339 488 339 488 339 766 339 767 339 488 339 767 339 768 339 488 339 768 339 475 339 475 339 768 339 769 339 475 339 769 339 476 339 476 339 769 339 770 339 476 339 770 339 478 339 769 339 771 339 770 339 478 339 770 339 772 339 769 239 773 239 771 239 771 344 774 344 770 344 775 238 478 238 772 238 772 339 770 339 776 339 771 239 773 239 777 239 771 239 532 239 774 239 770 344 774 344 778 344 772 339 776 339 779 339 770 238 537 238 776 238 771 239 777 239 780 239 537 425 774 425 532 425 778 238 537 238 770 238 778 425 774 425 537 425 779 344 776 344 781 344 776 238 537 238 782 238 771 239 780 239 783 239 780 239 777 239 784 239 781 344 776 344 782 344 782 238 537 238 535 238 783 239 780 239 785 239 539 290 782 290 535 290 783 239 785 239 786 239 786 239 787 239 783 239 786 239 785 239 788 239 783 239 787 239 789 239 788 239 785 239 790 239 791 238 792 238 793 238 793 238 792 238 794 238 791 339 793 339 795 339 794 344 796 344 793 344 794 238 792 238 797 238 795 339 793 339 798 339 794 290 775 290 796 290 793 344 796 344 798 344 797 290 775 290 794 290 797 238 792 238 799 238 795 339 798 339 800 339 796 290 775 290 801 290 482 290 775 290 797 290 799 344 802 344 797 344 792 424 803 424 799 424 796 290 801 290 804 290 775 344 772 344 801 344 797 290 805 290 482 290 482 238 478 238 775 238 799 424 803 424 802 424 797 344 802 344 783 344 797 290 789 290 805 290 805 303 806 303 482 303 802 239 803 239 783 239 783 290 789 290 797 290 805 290 789 290 807 290 482 306 806 306 743 306 783 239 803 239 532 239 807 290 789 290 808 290 482 306 743 306 481 306 783 239 532 239 771 239 807 290 808 290 809 290 481 476 743 476 492 476 809 290 808 290 810 290 481 489 492 489 480 489 809 290 810 290 811 290 809 290 811 290 727 290 727 290 811 290 812 290 727 290 812 290 729 290 729 290 812 290 761 290 729 290 761 290 734 290 812 290 760 290 761 290 761 238 759 238 734 238 812 239 813 239 760 239 760 239 813 239 814 239 760 239 814 239 815 239 815 239 763 239 760 239 815 239 814 239 816 239 815 490 816 490 817 490 816 239 814 239 818 239 817 491 816 491 819 491 816 492 818 492 819 492 817 491 819 491 820 491 819 492 818 492 821 492 820 349 819 349 822 349 819 341 821 341 823 341 820 350 822 350 824 350 819 341 823 341 822 341 824 352 822 352 825 352 822 340 823 340 826 340 824 354 825 354 827 354 822 340 826 340 825 340 827 356 825 356 790 356 825 357 826 357 790 357 827 356 790 356 828 356 790 357 826 357 788 357 829 339 830 339 634 339 634 339 830 339 831 339 829 338 832 338 830 338 634 493 497 493 829 493 634 339 831 339 632 339 497 494 634 494 502 494 829 495 497 495 493 495 632 339 831 339 833 339 829 496 493 496 834 496 835 497 632 497 833 497 833 339 831 339 836 339 834 498 493 498 645 498 837 499 833 499 836 499 499 500 836 500 831 500 834 498 645 498 838 498 495 498 645 498 493 498 838 433 645 433 642 433 838 433 642 433 647 433 647 501 642 501 637 501 647 502 637 502 640 502 839 290 840 290 841 290 841 290 840 290 842 290 839 290 843 290 840 290 841 290 842 290 844 290 840 290 845 290 842 290 846 503 843 503 839 503 840 290 843 290 847 290 844 290 842 290 848 290 842 290 845 290 849 290 846 504 839 504 850 504 847 290 843 290 851 290 848 290 842 290 496 290 850 505 839 505 852 505 847 290 851 290 853 290 848 290 496 290 854 290 496 338 842 338 510 338 850 505 852 505 855 505 854 290 496 290 494 290 510 506 501 506 496 506 855 507 852 507 856 507 855 507 856 507 857 507 857 508 856 508 858 508 857 509 858 509 859 509 860 500 861 500 862 500 862 500 861 500 863 500 861 239 860 239 864 239 865 339 860 339 862 339 862 510 863 510 866 510 864 239 860 239 867 239 865 339 862 339 868 339 868 339 862 339 866 339 866 510 863 510 869 510 864 239 867 239 494 239 868 339 870 339 865 339 866 497 869 497 868 497 864 239 494 239 830 239 494 338 867 338 854 338 865 339 870 339 871 339 868 497 869 497 872 497 830 239 494 239 499 239 854 338 867 338 873 338 871 339 870 339 874 339 830 239 499 239 831 239 870 339 875 339 874 339 876 290 630 290 505 290 505 290 630 290 877 290 505 511 631 511 876 511 505 290 877 290 837 290 630 338 632 338 877 338 876 512 631 512 628 512 837 290 499 290 505 290 837 290 877 290 835 290 877 497 632 497 835 497 876 513 628 513 878 513 837 500 836 500 499 500 835 499 833 499 837 499 878 514 628 514 624 514 878 515 624 515 879 515 879 516 624 516 623 516 879 517 623 517 500 517 500 430 623 430 639 430 500 433 639 433 495 433 495 433 639 433 645 433 878 290 880 290 876 290 876 290 880 290 881 290 880 290 878 290 622 290 876 290 881 290 630 290 880 518 625 518 881 518 622 238 625 238 880 238 622 290 878 290 879 290 630 290 881 290 882 290 881 518 625 518 629 518 622 290 879 290 500 290 882 426 627 426 630 426 881 519 629 519 882 519 500 290 503 290 622 290 882 519 629 519 627 519 622 290 503 290 620 290 620 290 503 290 533 290 883 290 516 290 884 290 884 290 516 290 518 290 516 290 883 290 539 290 884 290 518 290 885 290 539 396 381 396 516 396 539 290 883 290 886 290 885 290 518 290 887 290 539 290 886 290 781 290 887 290 518 290 888 290 781 290 782 290 539 290 781 290 886 290 889 290 887 290 888 290 890 290 518 290 891 290 888 290 781 290 889 290 892 290 890 290 893 290 887 290 890 290 888 290 894 290 891 344 518 344 519 344 887 290 893 290 895 290 894 290 888 290 896 290 887 290 895 290 897 290 896 290 888 290 898 290 897 290 895 290 899 290 898 290 888 290 900 290 899 290 901 290 897 290 898 290 900 290 902 290 899 290 903 290 901 290 902 290 900 290 904 290 905 290 903 290 899 290 903 290 906 290 901 290 902 290 904 290 907 290 905 290 907 290 903 290 903 520 908 520 906 520 902 290 907 290 905 290 907 290 904 290 909 290 265 521 259 521 910 521 910 521 259 521 911 521 519 290 265 290 910 290 910 522 911 522 912 522 266 290 265 290 524 290 524 290 265 290 519 290 519 290 910 290 912 290 912 522 911 522 913 522 912 523 913 523 519 523 519 523 913 523 891 523 914 290 261 290 915 290 915 290 261 290 264 290 914 524 842 524 916 524 916 524 842 524 849 524 510 338 842 338 914 338 916 290 917 290 914 290 916 525 849 525 917 525 914 290 918 290 510 290 510 290 918 290 919 290 510 290 919 290 526 290 914 290 917 290 261 290 917 525 849 525 920 525 918 290 914 290 921 290 917 526 920 526 261 526 921 290 914 290 915 290 261 526 920 526 263 526 849 290 922 290 920 290 920 290 922 290 923 290 920 290 923 290 924 290 925 290 926 290 927 290 927 290 926 290 92 290 927 290 92 290 928 290 928 290 92 290 87 290 928 290 87 290 929 290 929 290 87 290 83 290 929 290 83 290 930 290 931 290 913 290 932 290 932 290 913 290 911 290 930 290 83 290 933 290 933 290 83 290 79 290 933 290 79 290 934 290 79 290 72 290 934 290 934 290 72 290 70 290 934 290 70 290 935 290 936 290 58 290 937 290 937 290 58 290 53 290 937 290 53 290 924 290 938 290 920 290 939 290 939 290 920 290 924 290 939 290 924 290 55 290 55 290 924 290 53 290 925 290 932 290 926 290 926 290 932 290 911 290 926 290 911 290 940 290 940 290 911 290 259 290 940 290 259 290 941 290 941 290 259 290 258 290 941 290 258 290 942 290 942 290 258 290 943 290 942 290 943 290 944 290 943 290 945 290 944 290 944 290 945 290 946 290 944 290 946 290 947 290 947 290 946 290 948 290 947 290 948 290 949 290 949 290 948 290 262 290 949 290 262 290 938 290 938 290 262 290 263 290 938 290 263 290 920 290 70 290 66 290 935 290 935 290 66 290 50 290 935 290 50 290 950 290 950 290 50 290 58 290 950 290 58 290 951 290 951 290 58 290 936 290 952 527 732 527 953 527 953 527 732 527 461 527 803 344 732 344 952 344 953 528 954 528 952 528 461 338 615 338 953 338 803 344 952 344 529 344 953 338 615 338 530 338 803 344 529 344 532 344 529 344 952 344 955 344 953 338 530 338 528 338 529 344 955 344 531 344 531 344 955 344 956 344 531 344 956 344 957 344 955 344 958 344 956 344 959 290 531 290 957 290 957 344 956 344 960 344 959 290 957 290 961 290 957 529 960 529 962 529 961 290 957 290 962 290 961 290 962 290 963 290 534 338 656 338 528 338 528 338 656 338 650 338 656 338 534 338 964 338 528 338 650 338 953 338 964 338 534 338 541 338 953 338 650 338 954 338 954 338 650 338 965 338 954 338 965 338 966 338 650 338 649 338 965 338 967 339 954 339 966 339 966 338 965 338 968 338 965 239 649 239 671 239 967 339 966 339 969 339 965 339 671 339 968 339 671 239 649 239 664 239 969 339 966 339 970 339 968 339 671 339 675 339 664 239 649 239 653 239 970 339 966 339 971 339 968 339 675 339 972 339 970 339 971 339 973 339 972 339 675 339 974 339 973 339 975 339 970 339 973 339 971 339 975 339 974 339 675 339 976 339 970 339 975 339 977 339 975 530 971 530 978 530 974 339 976 339 979 339 977 339 975 339 980 339 981 531 975 531 978 531 979 339 976 339 982 339 980 531 975 531 981 531 981 532 978 532 983 532 979 339 982 339 984 339 979 339 984 339 985 339 984 339 982 339 986 339 985 339 984 339 987 339 985 339 987 339 988 339 988 339 987 339 989 339 988 339 989 339 990 339 987 339 991 339 989 339 988 339 990 339 992 339 992 339 990 339 993 339 992 339 993 339 994 339 995 533 996 533 997 533 997 534 996 534 998 534 995 535 999 535 996 535 1000 290 995 290 997 290 997 536 998 536 1001 536 996 290 1002 290 998 290 1003 537 999 537 995 537 1000 290 997 290 1004 290 1005 290 995 290 1000 290 997 538 1001 538 1006 538 1001 539 998 539 1007 539 998 290 1002 290 536 290 1005 290 1003 290 995 290 1003 540 1008 540 999 540 1004 466 1009 466 1000 466 1004 290 997 290 1006 290 1000 435 1010 435 1005 435 1006 538 1001 538 1011 538 1001 541 1007 541 1011 541 1007 542 998 542 1012 542 998 290 536 290 531 290 1013 290 1003 290 1005 290 1014 543 1008 543 1003 543 1005 467 1010 467 1013 467 1006 538 1011 538 1015 538 1007 544 1012 544 1011 544 531 290 1012 290 998 290 1013 290 1014 290 1003 290 1014 545 963 545 1008 545 1015 290 1016 290 1006 290 1011 546 1017 546 1015 546 1011 547 1012 547 1017 547 1017 290 1012 290 531 290 1018 290 1014 290 1013 290 1019 548 963 548 1014 548 1015 290 1020 290 1016 290 1015 549 1017 549 1021 549 1017 290 531 290 959 290 1018 290 1019 290 1014 290 1019 550 961 550 963 550 1021 290 1020 290 1015 290 1021 551 1017 551 959 551 1018 290 1022 290 1019 290 1022 552 961 552 1019 552 1020 290 1021 290 1023 290 1021 553 959 553 1022 553 1023 290 1022 290 1018 290 1022 554 959 554 961 554 1023 290 1021 290 1022 290 1024 555 1025 555 1026 555 1026 556 1025 556 1027 556 1025 557 1024 557 1028 557 1026 290 999 290 1024 290 1026 558 1027 558 1002 558 681 290 1027 290 1025 290 678 290 1025 290 1028 290 1028 550 1024 550 1029 550 1026 290 996 290 999 290 1024 290 999 290 1008 290 1002 290 996 290 1026 290 1002 559 1027 559 1030 559 681 290 1025 290 678 290 703 290 1027 290 681 290 678 290 1028 290 1031 290 1028 548 1029 548 1031 548 1024 290 1008 290 1032 290 1002 560 1030 560 1033 560 1027 290 703 290 1030 290 678 290 1031 290 670 290 1031 561 1029 561 1034 561 1032 290 1008 290 1035 290 1033 562 536 562 1002 562 706 538 1033 538 1030 538 1030 290 703 290 704 290 670 290 1031 290 1036 290 1031 563 1034 563 1036 563 1037 290 1032 290 1038 290 1038 290 1032 290 1035 290 1039 564 536 564 1033 564 1030 290 704 290 706 290 706 538 1040 538 1033 538 670 290 1036 290 712 290 1036 565 1034 565 542 565 1041 290 1032 290 1042 290 1042 290 1032 290 1037 290 1038 290 1035 290 1043 290 1040 541 1039 541 1033 541 1039 566 538 566 536 566 1044 538 1040 538 706 538 712 290 1036 290 1045 290 1036 567 542 567 1045 567 1046 290 1047 290 1048 290 1048 290 1047 290 1032 290 1048 290 1032 290 1041 290 1043 290 1035 290 1049 290 1049 290 1035 290 1050 290 1040 568 538 568 1039 568 708 290 1044 290 706 290 1044 569 538 569 1040 569 712 290 1045 290 710 290 1045 570 542 570 540 570 1051 290 1047 290 1046 290 1052 290 1053 290 1035 290 1035 290 1053 290 1054 290 1035 290 1054 290 1050 290 710 290 1044 290 708 290 1044 571 540 571 538 571 710 290 1045 290 1044 290 1045 572 540 572 1044 572 1055 290 1047 290 1051 290 1053 290 1052 290 1056 290 253 290 251 290 1055 290 1055 290 251 290 1047 290 1056 290 1052 290 1057 290 1047 290 251 290 1058 290 1047 290 1058 290 1059 290 251 573 250 573 1058 573 1060 574 1061 574 541 574 541 574 1061 574 1062 574 541 290 542 290 1060 290 964 338 541 338 1062 338 1061 290 1063 290 1062 290 1060 290 542 290 1034 290 964 290 1062 290 1064 290 1062 290 1063 290 1065 290 1064 290 1062 290 716 290 1062 290 1065 290 716 290 716 290 1065 290 1066 290 716 290 1066 290 1067 290 1068 575 752 575 1069 575 1069 576 752 576 1070 576 752 577 1068 577 463 577 1069 578 1070 578 1071 578 1070 579 752 579 748 579 463 580 1068 580 614 580 1071 581 1070 581 753 581 748 582 753 582 1070 582 748 583 752 583 751 583 614 580 1068 580 1072 580 1071 584 753 584 1073 584 748 585 751 585 744 585 1073 586 1074 586 1071 586 1075 587 1073 587 753 587 1076 338 1074 338 1073 338 1071 586 1074 586 1077 586 1075 488 753 488 756 488 872 290 1078 290 644 290 644 290 1078 290 1079 290 1080 290 1078 290 872 290 872 338 644 338 868 338 644 290 1079 290 638 290 871 588 1079 588 1078 588 865 589 1078 589 1080 589 868 338 644 338 870 338 643 590 638 590 1079 590 871 591 1078 591 865 591 643 592 1079 592 871 592 865 593 1080 593 1081 593 870 426 644 426 875 426 871 339 1082 339 643 339 875 426 644 426 646 426 871 339 874 339 1082 339 643 339 1082 339 616 339 875 594 646 594 874 594 874 518 648 518 1082 518 1082 238 636 238 616 238 874 594 646 594 648 594 1082 518 648 518 641 518 641 238 636 238 1082 238 1072 595 1068 595 1083 595 1083 595 1068 595 1069 595 1072 339 1083 339 614 339 1083 596 1069 596 1071 596 614 339 1083 339 1077 339 1071 596 1077 596 1083 596 614 339 1077 339 647 339 647 339 1077 339 1074 339 647 339 1074 339 1084 339 1084 339 1074 339 867 339 1084 339 867 339 1085 339 1074 339 1086 339 867 339 1085 339 867 339 1087 339 867 339 1086 339 873 339 1087 339 867 339 860 339 873 339 1086 339 1088 339 1087 339 860 339 1081 339 873 339 1088 339 1089 339 1081 339 860 339 865 339 1089 339 1088 339 1090 339 1089 339 1090 339 1091 339 1091 339 1092 339 1089 339 1093 597 658 597 1094 597 1094 597 658 597 656 597 711 338 658 338 1093 338 1093 239 1094 239 711 239 964 338 1094 338 656 338 711 239 1094 239 714 239 1064 239 1094 239 964 239 714 239 1094 239 1064 239 716 338 714 338 1064 338 1095 598 1096 598 1097 598 1097 599 1096 599 967 599 1098 600 1096 600 1095 600 1099 601 1095 601 1097 601 1097 602 967 602 1100 602 1101 601 1098 601 1095 601 1098 603 1102 603 1096 603 1097 339 1103 339 1099 339 1099 601 1101 601 1095 601 1100 339 1104 339 1097 339 1100 604 967 604 969 604 1101 605 1102 605 1098 605 1097 339 1104 339 1103 339 1103 465 666 465 1099 465 1105 601 1101 601 1099 601 1104 339 1100 339 662 339 1100 606 969 606 1106 606 1101 607 1107 607 1102 607 1104 466 660 466 1103 466 1103 465 660 465 666 465 1099 464 666 464 677 464 1108 339 1105 339 1099 339 1105 608 1107 608 1101 608 662 435 657 435 1104 435 662 339 1100 339 1106 339 1106 609 969 609 970 609 1104 466 657 466 660 466 1099 464 677 464 1108 464 1109 339 1105 339 1108 339 1110 610 1107 610 1105 610 662 339 1106 339 669 339 1106 611 970 611 1111 611 1108 463 677 463 680 463 1108 463 680 463 1109 463 1109 339 1110 339 1105 339 1110 612 1112 612 1107 612 669 339 1106 339 1111 339 1111 613 970 613 977 613 1109 462 680 462 684 462 1113 339 1110 339 1109 339 1114 614 1112 614 1110 614 669 339 1111 339 1115 339 1111 615 977 615 1115 615 1109 462 684 462 1113 462 1113 339 1114 339 1110 339 1114 616 1116 616 1112 616 669 339 1115 339 1117 339 1115 617 977 617 1116 617 1113 618 684 618 1117 618 1117 339 1114 339 1113 339 1115 619 1116 619 1114 619 669 620 1117 620 674 620 1117 339 1115 339 1114 339 1117 621 684 621 701 621 1117 622 701 622 674 622 674 443 701 443 679 443 1118 290 1119 290 676 290 676 290 1119 290 1120 290 1118 290 1121 290 1119 290 974 623 1118 623 676 623 676 290 1120 290 668 290 1119 290 1122 290 1120 290 979 624 1121 624 1118 624 1119 290 1121 290 1123 290 974 625 676 625 972 625 979 623 1118 623 974 623 668 239 1120 239 675 239 984 497 1122 497 1119 497 1120 290 1122 290 1124 290 985 624 1121 624 979 624 1119 338 1123 338 984 338 1123 290 1121 290 1125 290 675 239 1120 239 976 239 986 497 1122 497 984 497 982 500 1120 500 1124 500 986 510 1124 510 1122 510 985 626 1125 626 1121 626 984 338 1123 338 987 338 1123 290 1125 290 1126 290 976 500 1120 500 982 500 982 510 1124 510 986 510 988 626 1125 626 985 626 987 627 1123 627 991 627 988 628 1126 628 1125 628 1127 629 1128 629 1129 629 1129 629 1128 629 1130 629 1131 338 1128 338 1127 338 1132 339 1127 339 1129 339 1129 630 1130 630 1133 630 1132 339 1129 339 968 339 972 339 1132 339 968 339 968 339 1129 339 1134 339 672 631 1132 631 972 631 968 339 1134 339 1135 339 972 625 676 625 672 625 1136 339 1137 339 715 339 715 339 1137 339 1138 339 1136 239 715 239 1067 239 715 339 1138 339 713 339 1137 625 1066 625 1138 625 1067 500 1139 500 1136 500 1067 239 715 239 716 239 672 338 713 338 1138 338 1066 632 1137 632 1140 632 1138 625 1066 625 1065 625 1138 631 1141 631 672 631 1140 632 1137 632 1142 632 1138 631 1065 631 1063 631 1138 631 1143 631 1141 631 672 631 1141 631 1132 631 1140 624 1142 624 1144 624 1063 631 1143 631 1138 631 1143 338 1145 338 1141 338 1132 338 1141 338 1146 338 1144 624 1142 624 1147 624 1146 338 1141 338 1145 338 1146 633 1145 633 1148 633 1149 339 1150 339 723 339 723 339 1150 339 1151 339 1150 339 1149 339 806 339 1152 634 1149 634 723 634 723 339 1151 339 719 339 1150 381 807 381 1151 381 806 303 805 303 1150 303 806 339 1149 339 1153 339 1152 448 723 448 728 448 1154 635 1149 635 1152 635 1151 294 809 294 719 294 1150 381 805 381 807 381 1151 294 807 294 809 294 806 339 1153 339 742 339 1154 636 1153 636 1149 636 719 383 809 383 727 383 806 451 742 451 743 451 742 339 1153 339 1155 339 1156 637 1153 637 1154 637 743 638 742 638 741 638 742 339 1155 339 1157 339 1156 639 1155 639 1153 639 742 339 1157 339 737 339 738 455 1157 455 1155 455 738 456 1155 456 1156 456 737 339 1157 339 730 339 733 640 1157 640 738 640 740 339 738 339 1156 339 737 339 730 339 735 339 733 641 730 641 1157 641 735 339 730 339 726 339 735 339 726 339 731 339 731 339 726 339 717 339 731 339 717 339 722 339 1158 642 1159 642 740 642 740 643 1159 643 1160 643 1160 344 1159 344 1158 344 740 396 1161 396 1158 396 740 481 1160 481 1162 481 740 339 1156 339 1161 339 1158 644 1161 644 1163 644 1162 339 1164 339 740 339 1161 339 1156 339 1154 339 1163 645 1161 645 1165 645 740 339 1164 339 1166 339 1161 339 1154 339 1152 339 1165 646 1161 646 1167 646 740 339 1166 339 736 339 1161 339 1152 339 732 339 1167 647 1161 647 795 647 791 344 1161 344 732 344 732 339 1152 339 728 339 1167 647 795 647 1168 647 795 344 1161 344 791 344 791 344 732 344 803 344 732 339 728 339 725 339 803 344 792 344 791 344 1169 648 1170 648 1171 648 1171 648 1170 648 1172 648 1170 344 1169 344 1173 344 1171 239 1174 239 1169 239 1171 649 1172 649 1175 649 1173 344 1169 344 1176 344 1174 239 1171 239 1177 239 1169 239 1174 239 1178 239 1177 239 1171 239 1175 239 1175 649 1172 649 1179 649 1176 339 1178 339 1173 339 1169 239 1178 239 1176 239 1177 239 1175 239 757 239 1175 650 1179 650 755 650 1173 339 1178 339 1180 339 757 239 1175 239 755 239 755 650 1179 650 1181 650 755 339 1181 339 745 339 745 339 1181 339 754 339 745 339 754 339 750 339 756 651 754 651 1182 651 1182 652 754 652 1183 652 1184 653 756 653 1182 653 1182 654 1183 654 1185 654 1184 655 1182 655 1185 655 1075 656 756 656 1184 656 1185 657 1183 657 1186 657 1187 658 1184 658 1185 658 1184 659 1076 659 1075 659 1185 660 1186 660 1188 660 1189 601 1186 601 1183 601 1185 661 1188 661 1187 661 1187 662 1190 662 1184 662 1184 663 1190 663 1076 663 1076 587 1073 587 1075 587 1191 664 1188 664 1186 664 1191 601 1186 601 1189 601 1187 665 1188 665 1192 665 1187 666 1192 666 1190 666 1190 667 1088 667 1076 667 1188 668 1091 668 1192 668 1192 669 1090 669 1190 669 1190 669 1090 669 1088 669 1076 667 1088 667 1086 667 1192 668 1091 668 1090 668 1086 338 1074 338 1076 338 1193 670 1166 670 1194 670 1194 652 1166 652 1195 652 1193 671 757 671 1166 671 1196 672 1193 672 1194 672 1194 654 1195 654 1197 654 1164 673 1195 673 1166 673 1193 488 1177 488 757 488 1166 671 757 671 736 671 1196 655 1194 655 1197 655 1198 674 1193 674 1196 674 1197 657 1195 657 1199 657 1198 488 1177 488 1193 488 1200 658 1196 658 1197 658 1196 675 1201 675 1198 675 1197 660 1199 660 1202 660 1203 601 1199 601 1195 601 1198 676 1174 676 1177 676 1197 661 1202 661 1200 661 1200 677 1204 677 1196 677 1196 678 1204 678 1201 678 1201 676 1174 676 1198 676 1200 679 1202 679 1205 679 1200 680 1205 680 1204 680 1204 681 1206 681 1201 681 1201 338 1178 338 1174 338 1202 682 1207 682 1205 682 1205 669 1208 669 1204 669 1204 669 1208 669 1206 669 1201 681 1206 681 1180 681 1180 338 1178 338 1201 338 1205 682 1207 682 1208 682 1209 239 762 239 765 239 765 239 762 239 758 239 1210 492 762 492 1209 492 1211 683 1209 683 765 683 1212 684 1210 684 1209 684 1211 683 765 683 1213 683 1212 685 1209 685 1211 685 1213 344 765 344 1214 344 1214 344 765 344 764 344 1215 239 1216 239 763 239 763 239 1216 239 764 239 1215 492 1217 492 1216 492 1218 686 1215 686 763 686 764 687 1216 687 1219 687 1219 688 1216 688 1217 688 1218 686 763 686 1220 686 1214 687 764 687 1219 687 1219 689 1217 689 1221 689 1220 344 763 344 1222 344 1223 690 1219 690 1221 690 1221 412 1217 412 1224 412 1222 344 763 344 815 344 1223 420 1221 420 1225 420 1221 412 1224 412 1225 412 1222 490 815 490 817 490 1223 401 1225 401 1226 401 1226 402 1225 402 1227 402 1226 423 1227 423 1228 423 1228 358 1227 358 1229 358 1229 358 1227 358 1230 358 1231 357 769 357 1232 357 1232 357 769 357 768 357 769 239 1231 239 773 239 1233 414 1231 414 1232 414 1232 340 768 340 1234 340 1235 411 773 411 1231 411 1233 415 1232 415 1236 415 1235 411 1231 411 1233 411 1237 416 1232 416 1234 416 1234 340 768 340 767 340 1236 416 1232 416 1237 416 1237 417 1234 417 1212 417 1234 341 767 341 766 341 1212 417 1234 417 1210 417 1234 341 766 341 1210 341 1210 492 766 492 762 492 784 357 1238 357 1239 357 1239 357 1238 357 1240 357 784 239 777 239 1238 239 1229 404 784 404 1239 404 1239 407 1240 407 1224 407 1227 408 1240 408 1238 408 1241 406 1238 406 777 406 1229 404 1239 404 1228 404 1239 340 1224 340 1242 340 1225 410 1224 410 1240 410 1227 409 1238 409 1230 409 1225 410 1240 410 1227 410 1241 338 777 338 1235 338 1230 406 1238 406 1241 406 1228 405 1239 405 1226 405 1226 355 1239 355 1242 355 1242 341 1224 341 1217 341 1235 338 777 338 773 338 1226 353 1242 353 1223 353 1242 413 1217 413 1243 413 1223 351 1242 351 1243 351 1243 492 1217 492 1215 492 1223 691 1243 691 1215 691 1223 691 1215 691 1218 691 1218 690 1219 690 1223 690 1244 339 1245 339 779 339 779 339 1245 339 1246 339 1244 238 779 238 892 238 779 339 1246 339 772 339 1245 692 889 692 1246 692 892 693 1247 693 1244 693 892 238 779 238 781 238 801 344 772 344 1246 344 889 694 1245 694 1248 694 1246 692 889 692 886 692 1246 695 1249 695 801 695 1248 694 1245 694 1250 694 1246 695 886 695 883 695 1246 695 1251 695 1249 695 801 695 1249 695 1252 695 1248 696 1250 696 1253 696 883 695 1251 695 1246 695 801 695 1252 695 800 695 1252 344 1249 344 1254 344 1253 696 1250 696 1255 696 800 697 804 697 801 697 1254 344 1249 344 1256 344 1254 698 1256 698 1257 698 1258 238 1259 238 1260 238 1260 238 1259 238 1261 238 1258 238 1262 238 1259 238 1260 238 1261 238 1263 238 1262 358 1258 358 1264 358 1260 238 1263 238 1265 238 1263 238 1261 238 828 238 1264 358 1258 358 1266 358 1265 238 1263 238 1267 238 828 359 790 359 1263 359 828 238 1261 238 1268 238 1264 402 1266 402 1269 402 1265 238 1267 238 1241 238 1263 338 785 338 1267 338 1263 359 790 359 785 359 828 358 1268 358 827 358 1261 403 788 403 1268 403 1269 402 1266 402 1270 402 1241 238 1235 238 1265 238 1241 238 1267 238 1230 238 1267 338 785 338 780 338 827 358 1268 358 1271 358 1268 404 788 404 826 404 1269 401 1270 401 1272 401 1265 238 1235 238 1273 238 1230 238 1267 238 1229 238 1267 403 780 403 784 403 827 402 1271 402 1274 402 1268 404 826 404 1271 404 1269 401 1272 401 1275 401 1273 238 1235 238 1233 238 1267 403 784 403 1229 403 827 402 1274 402 824 402 1271 405 826 405 1274 405 1275 690 1272 690 1276 690 1236 358 1273 358 1233 358 824 401 1274 401 1277 401 1274 355 826 355 823 355 824 401 1277 401 820 401 1274 353 823 353 1277 353 820 690 1277 690 817 690 1277 351 823 351 821 351 1277 691 821 691 818 691 1277 691 818 691 1278 691 1278 686 818 686 814 686 1279 492 812 492 1280 492 1280 492 812 492 811 492 812 239 1279 239 813 239 1281 491 1279 491 1280 491 1280 341 811 341 1282 341 813 490 1279 490 1281 490 1281 491 1280 491 1275 491 1275 349 1280 349 1282 349 1282 341 811 341 810 341 1283 490 813 490 1281 490 1275 350 1282 350 1269 350 1282 340 810 340 808 340 1269 352 1282 352 1284 352 1282 340 808 340 1284 340 1269 354 1284 354 1264 354 1284 357 808 357 789 357 1264 356 1284 356 1285 356 1284 357 789 357 1285 357 1264 356 1285 356 1262 356 789 239 787 239 1285 239 1262 359 1285 359 1259 359 1259 359 1285 359 787 359 1259 338 787 338 1261 338 1261 338 787 338 786 338 1261 403 786 403 788 403 1286 290 1287 290 804 290 804 290 1287 290 1288 290 1286 290 1289 290 1287 290 1290 699 1286 699 804 699 804 290 1288 290 796 290 1287 290 1291 290 1288 290 1292 700 1289 700 1286 700 1287 290 1289 290 1293 290 1290 697 804 697 800 697 1292 699 1286 699 1290 699 796 238 1288 238 798 238 1294 701 1291 701 1287 701 1288 290 1291 290 1295 290 1296 700 1289 700 1292 700 1287 344 1293 344 1294 344 1293 290 1289 290 1297 290 800 339 798 339 1290 339 1290 339 1298 339 1292 339 798 238 1288 238 1298 238 1299 701 1291 701 1294 701 1300 693 1288 693 1295 693 1299 702 1295 702 1291 702 1292 339 1294 339 1296 339 1296 703 1297 703 1289 703 1294 344 1293 344 1301 344 1293 290 1297 290 1302 290 1290 339 798 339 1298 339 1292 339 1298 339 1300 339 1298 693 1288 693 1300 693 1294 339 1300 339 1299 339 1300 702 1295 702 1299 702 1292 339 1300 339 1294 339 1296 339 1294 339 1301 339 1303 703 1297 703 1296 703 1301 704 1293 704 1304 704 1303 705 1302 705 1297 705 1296 339 1301 339 1303 339 1303 339 1301 339 1305 339 1306 706 1307 706 1308 706 1308 706 1307 706 1309 706 1310 344 1307 344 1306 344 1252 339 1306 339 1308 339 1308 707 1309 707 1311 707 1312 339 1310 339 1306 339 1252 339 1308 339 795 339 1254 339 1306 339 1252 339 1312 339 1306 339 1254 339 800 339 1252 339 795 339 795 339 1308 339 1313 339 1314 339 1312 339 1254 339 795 339 1313 339 1168 339 1281 238 1276 238 1283 238 1283 238 1276 238 1315 238 1275 690 1276 690 1281 690 1283 238 1315 238 1316 238 1317 290 1315 290 1276 290 1316 344 814 344 1283 344 1316 238 1315 238 1222 238 1315 344 1317 344 1318 344 1278 686 814 686 1316 686 1283 344 814 344 813 344 1316 238 1222 238 1278 238 1315 238 1318 238 1222 238 1318 344 1317 344 1319 344 1278 238 1222 238 817 238 1222 238 1318 238 1220 238 1318 339 1319 339 1320 339 1319 239 1317 239 1010 239 817 690 1277 690 1278 690 1220 238 1318 238 1214 238 1213 238 1318 238 1320 238 1320 339 1319 339 1009 339 1319 339 1010 339 1009 339 1220 238 1214 238 1218 238 1214 238 1318 238 1213 238 1213 238 1320 238 1211 238 1320 339 1009 339 1321 339 1000 435 1009 435 1010 435 1218 238 1214 238 1219 238 1211 690 1320 690 1212 690 1320 339 1321 339 1322 339 1004 466 1321 466 1009 466 1212 690 1320 690 1322 690 1322 339 1321 339 1323 339 1212 401 1322 401 1237 401 1322 339 1323 339 1324 339 1237 401 1322 401 1324 401 1324 339 1323 339 1325 339 1237 402 1324 402 1325 402 1325 339 1323 339 1326 339 1237 402 1325 402 1236 402 1325 339 1326 339 1273 339 1236 358 1325 358 1273 358 1273 339 1326 339 1327 339 1273 339 1327 339 1328 339 1328 339 1265 339 1273 339 1328 339 1327 339 1329 339 1265 344 1328 344 1330 344 1328 339 1329 339 1331 339 1329 239 1332 239 1331 239 869 290 861 290 872 290 872 290 861 290 1333 290 869 290 863 290 861 290 872 290 1333 290 1080 290 861 290 864 290 1333 290 1081 708 1080 708 1333 708 1333 290 864 290 832 290 1081 709 1333 709 1087 709 1087 710 1333 710 832 710 830 338 832 338 864 338 1087 711 832 711 1085 711 1085 712 832 712 1334 712 1085 498 1334 498 1084 498 832 496 829 496 1334 496 1084 498 1334 498 838 498 1334 496 829 496 834 496 1084 433 838 433 647 433 1334 498 834 498 838 498 1335 339 1336 339 1337 339 1337 339 1336 339 1338 339 1339 713 1336 713 1335 713 1340 338 1335 338 1337 338 1341 238 1337 238 1338 238 1338 339 1336 339 1342 339 1339 714 1335 714 1343 714 1344 715 1336 715 1339 715 844 238 1340 238 1337 238 1341 716 1338 716 1345 716 844 238 1337 238 1341 238 1338 339 1342 339 1346 339 1344 717 1342 717 1336 717 1343 508 1335 508 1347 508 1348 718 1346 718 1342 718 1348 719 1342 719 1344 719 1343 507 1347 507 841 507 841 507 1347 507 852 507 841 505 852 505 839 505 1347 507 856 507 852 507 1348 290 1349 290 853 290 853 290 1349 290 1350 290 1349 290 1348 290 1341 290 853 720 1346 720 1348 720 853 290 1350 290 847 290 1349 338 1351 338 1350 338 1341 290 1345 290 1349 290 1341 290 1348 290 1344 290 847 290 1350 290 1352 290 1350 721 1351 721 1353 721 1349 290 1345 290 1354 290 1341 290 1344 290 1339 290 1352 290 1350 290 1353 290 1341 290 1339 290 844 290 844 290 1339 290 1343 290 844 290 1343 290 841 290 1355 722 1356 722 1357 722 1357 722 1356 722 1358 722 1356 239 1355 239 1359 239 1357 339 1360 339 1355 339 1357 7 1358 7 1361 7 1359 239 1355 239 1362 239 1355 339 1360 339 1363 339 1359 239 1362 239 840 239 1355 339 1364 339 1362 339 1359 239 840 239 1365 239 840 338 1362 338 845 338 1366 339 1364 339 1355 339 1362 339 1364 339 1367 339 1365 239 840 239 847 239 845 338 1362 338 1368 338 1362 339 1367 339 1369 339 1365 239 847 239 1370 239 1368 339 1362 339 1371 339 1371 339 1362 339 1369 339 1372 339 1370 339 1346 339 1346 339 1370 339 1351 339 1372 339 1373 339 1370 339 853 723 1372 723 1346 723 1346 339 1351 339 1374 339 1370 339 1375 339 1351 339 851 724 1373 724 1372 724 1370 339 1373 339 1365 339 851 725 1372 725 853 725 1374 338 1351 338 1349 338 847 722 1375 722 1370 722 1351 339 1375 339 1376 339 843 726 1373 726 851 726 1365 339 1373 339 846 339 1352 722 1375 722 847 722 1353 721 1351 721 1376 721 1352 7 1376 7 1375 7 1373 727 843 727 846 727 846 338 1377 338 1365 338 1353 7 1376 7 1352 7 1378 722 1379 722 1380 722 1380 722 1379 722 1381 722 1379 239 1378 239 1382 239 1378 339 1380 339 1383 339 1380 7 1381 7 1384 7 1382 239 1378 239 1092 239 1385 339 1378 339 1383 339 1382 239 1092 239 848 239 1386 339 1092 339 1378 339 1387 339 1378 339 1385 339 1382 239 848 239 1388 239 848 338 1092 338 844 338 1386 339 1378 339 1387 339 1388 239 848 239 1389 239 844 338 1092 338 1390 338 1388 239 1389 239 1391 239 1392 290 1393 290 1394 290 1394 290 1393 290 1395 290 1393 290 1392 290 1396 290 1394 720 1397 720 1392 720 1394 290 1395 290 1398 290 1393 338 1399 338 1395 338 1396 290 1400 290 1393 290 1396 290 1392 290 1401 290 1398 290 1395 290 1402 290 1395 721 1399 721 1403 721 1393 290 1400 290 1404 290 1396 290 1401 290 1405 290 1402 290 1395 290 1403 290 1396 290 1405 290 845 290 845 290 1405 290 1406 290 845 290 1406 290 922 290 849 290 845 290 922 290 1377 290 1407 290 1359 290 1359 290 1407 290 1356 290 1364 728 1407 728 1377 728 1365 338 1377 338 1359 338 1356 290 1407 290 1408 290 1364 729 1377 729 1367 729 1366 730 1407 730 1364 730 1356 290 1408 290 1409 290 1366 731 1408 731 1407 731 1367 504 1377 504 1410 504 1363 732 1409 732 1408 732 1363 733 1408 733 1366 733 1367 505 1410 505 1369 505 1377 504 846 504 1410 504 1355 339 1363 339 1366 339 1369 505 1410 505 855 505 1410 504 846 504 850 504 1369 507 855 507 857 507 1410 505 850 505 855 505 1411 290 848 290 1412 290 1412 290 848 290 854 290 1411 290 1413 290 848 290 1412 290 854 290 1414 290 848 290 1413 290 1389 290 1414 290 854 290 1415 290 1389 290 1413 290 1416 290 1415 290 854 290 1417 290 1389 290 1416 290 1418 290 1413 726 1419 726 1416 726 1415 290 1417 290 1420 290 1418 290 1421 290 1389 290 1416 725 1422 725 1418 725 1416 724 1419 724 1422 724 1420 290 1417 290 1423 290 1418 290 1424 290 1421 290 1389 290 1421 290 1425 290 1418 723 1422 723 1426 723 1423 290 1417 290 1427 290 1423 290 1424 290 1418 290 1425 290 1421 290 1428 290 1418 511 1426 511 1423 511 1423 290 1427 290 1424 290 1421 721 1429 721 1428 721 1424 290 1427 290 1430 290 1431 290 1432 290 1409 290 1409 290 1432 290 1433 290 1431 290 1434 290 1432 290 1435 734 1431 734 1409 734 1409 290 1433 290 1436 290 1432 290 1437 290 1433 290 1438 735 1434 735 1431 735 1432 290 1434 290 1340 290 1435 736 1409 736 1363 736 1438 737 1431 737 1435 737 1439 716 1437 716 1432 716 1433 290 1437 290 1440 290 859 738 1434 738 1438 738 1432 238 1340 238 1439 238 1340 290 1434 290 858 290 859 739 858 739 1434 739 1439 238 1340 238 1390 238 858 338 1335 338 1340 338 1390 238 1340 238 844 238 1335 508 858 508 1347 508 1347 508 858 508 856 508 1441 290 1358 290 1436 290 1436 290 1358 290 1356 290 1361 7 1358 7 1441 7 1360 740 1441 740 1436 740 1436 290 1356 290 1409 290 1361 740 1441 740 1360 740 1436 338 1433 338 1360 338 1357 339 1361 339 1360 339 1360 338 1433 338 1442 338 1360 339 1442 339 1363 339 1442 741 1433 741 1443 741 1363 339 1442 339 1435 339 1443 339 1444 339 1442 339 1443 741 1433 741 1440 741 1435 339 1442 339 1439 339 1443 742 1440 742 1444 742 1442 339 1444 339 1439 339 1435 339 1439 339 1438 339 1444 742 1440 742 1437 742 1444 716 1437 716 1439 716 1438 339 1439 339 859 339 859 339 1439 339 1390 339 859 339 1390 339 857 339 1445 290 1446 290 1447 290 1447 290 1446 290 1448 290 1445 290 1449 290 1446 290 1450 588 1445 588 1447 588 1447 290 1448 290 1451 290 1452 518 1448 518 1446 518 1453 590 1449 590 1445 590 1446 290 1449 290 1454 290 1450 736 1447 736 1385 736 1453 592 1445 592 1450 592 1451 290 1455 290 1447 290 1451 290 1448 290 1456 290 1446 238 1454 238 1452 238 1457 432 1449 432 1453 432 1454 290 1449 290 1458 290 1452 238 1454 238 873 238 1457 431 1458 431 1449 431 1458 338 1459 338 1454 338 873 238 1454 238 854 238 1459 430 1458 430 1460 430 1460 430 1458 430 1461 430 1462 290 1463 290 1464 290 1464 290 1463 290 1465 290 1463 290 1462 290 885 290 1464 743 1466 743 1462 743 1464 290 1465 290 1467 290 1463 744 1468 744 1465 744 885 239 1469 239 1463 239 885 290 1462 290 1470 290 1467 290 1465 290 1471 290 1463 239 1469 239 1468 239 1465 744 1468 744 1472 744 885 290 1470 290 884 290 1462 745 1473 745 1470 745 1471 704 1474 704 1467 704 1465 396 1472 396 1471 396 1470 698 1475 698 884 698 1471 396 1472 396 1474 396 884 698 1475 698 1476 698 884 344 1476 344 883 344 883 344 1476 344 1251 344 1477 290 1478 290 1479 290 1479 290 1478 290 1480 290 1481 697 1478 697 1477 697 1482 344 1477 344 1479 344 1480 238 1483 238 1479 238 1480 290 1478 290 1484 290 1485 697 1478 697 1481 697 1479 238 887 238 1482 238 1479 238 1483 238 1486 238 1480 290 1484 290 1487 290 1485 699 1484 699 1478 699 1486 339 1485 339 1481 339 1479 238 1486 238 887 238 1482 238 887 238 897 238 1483 339 1485 339 1486 339 1487 290 1488 290 1480 290 1489 700 1487 700 1484 700 1489 699 1484 699 1485 699 887 344 1486 344 885 344 1482 238 897 238 1490 238 1485 339 1483 339 1489 339 885 344 1486 344 1312 344 1491 290 1492 290 1493 290 1493 290 1492 290 1494 290 1492 290 1491 290 927 290 1493 290 1494 290 1495 290 927 290 1496 290 1492 290 927 290 1491 290 925 290 1494 746 1497 746 1495 746 1492 290 1496 290 1498 290 1498 290 1496 290 1499 290 1498 290 1499 290 1500 290 1496 746 1501 746 1499 746 913 290 931 290 1502 290 913 290 1502 290 891 290 931 290 1503 290 1502 290 891 290 1502 290 1504 290 1502 290 1503 290 1505 290 891 290 1504 290 1506 290 1502 290 1505 290 1507 290 1506 290 1508 290 891 290 1506 290 1504 290 1509 290 891 290 1508 290 1510 290 1509 290 1504 290 1511 290 891 290 1510 290 888 290 1508 290 1512 290 1510 290 1511 290 1504 290 1513 290 1510 290 1512 290 1514 290 1511 290 1513 290 1515 290 1510 290 1514 290 1516 290 1515 290 1513 290 1517 290 1516 290 1514 290 1518 290 1515 290 1517 290 1519 290 1518 290 1520 290 1516 290 1515 290 1519 290 1521 290 1519 290 1517 290 1522 290 1518 290 1523 290 1520 290 1521 290 1519 290 1523 290 1521 290 1523 290 1518 290 1523 290 1524 290 1520 290 1523 701 1525 701 1524 701 1464 290 1467 290 1253 290 1253 290 1467 290 1526 290 1253 747 1255 747 1464 747 1253 290 1526 290 1248 290 1467 344 1527 344 1526 344 1464 747 1255 747 1466 747 1248 290 1526 290 1528 290 1526 701 1527 701 1529 701 1248 290 1528 290 892 290 1526 290 1529 290 1528 290 1529 701 1527 701 1530 701 892 290 889 290 1248 290 1528 693 1247 693 892 693 1529 702 1530 702 1528 702 1528 702 1530 702 1247 702 1531 339 1490 339 1532 339 1532 339 1490 339 1533 339 1531 339 1534 339 1490 339 905 696 1531 696 1532 696 1532 339 1533 339 908 339 897 693 1533 693 1490 693 899 694 1534 694 1531 694 1490 339 1534 339 1482 339 905 748 1532 748 902 748 899 696 1531 696 905 696 908 339 1535 339 1532 339 908 339 1533 339 1536 339 901 693 1533 693 897 693 895 694 1534 694 899 694 1482 339 1534 339 1537 339 1535 344 908 344 907 344 1532 339 1535 339 1538 339 906 520 908 520 1536 520 901 702 1536 702 1533 702 1534 692 895 692 1537 692 1537 344 1477 344 1482 344 907 344 908 344 903 344 1535 339 1539 339 1538 339 906 702 1536 702 901 702 1537 692 895 692 893 692 1537 695 893 695 890 695 1540 339 1541 339 1542 339 1542 339 1541 339 1543 339 896 749 1541 749 1540 749 1544 344 1540 344 1542 344 900 239 1542 239 1543 239 1543 339 1541 339 1545 339 896 750 1540 750 894 750 898 749 1541 749 896 749 888 239 1544 239 1542 239 900 746 1543 746 904 746 888 239 1542 239 900 239 1543 339 1545 339 1532 339 898 751 1545 751 1541 751 894 750 1540 750 1546 750 904 746 1543 746 1538 746 1532 339 1538 339 1543 339 902 748 1532 748 1545 748 902 751 1545 751 898 751 894 344 1546 344 890 344 904 752 1538 752 909 752 890 344 1546 344 1547 344 909 752 1538 752 1539 752 890 695 1547 695 1537 695 909 704 1539 704 907 704 1537 695 1547 695 1548 695 907 704 1539 704 1535 704 1537 695 1548 695 1477 695 1477 695 1548 695 1549 695 1477 695 1549 695 1481 695 1549 344 1548 344 1550 344 1551 290 924 290 923 290 924 290 1551 290 1552 290 924 290 1552 290 1553 290 1552 290 1551 290 1554 290 1553 290 1552 290 1555 290 1552 290 1554 290 1394 290 1551 726 1556 726 1554 726 1553 290 1555 290 1557 290 1398 290 1552 290 1394 290 1557 290 1555 290 1558 290 1555 753 1559 753 1558 753 1560 339 1561 339 1562 339 1562 339 1561 339 1563 339 1405 713 1561 713 1560 713 1564 338 1560 338 1562 338 1396 238 1562 238 1563 238 1563 339 1561 339 1565 339 1405 714 1560 714 1406 714 1401 715 1561 715 1405 715 845 238 1564 238 1562 238 1396 754 1563 754 1400 754 845 238 1562 238 1396 238 1563 339 1565 339 1397 339 1401 717 1565 717 1561 717 1406 508 1560 508 1566 508 1397 339 1567 339 1563 339 1392 755 1397 755 1565 755 1392 719 1565 719 1401 719 1406 756 1566 756 922 756 922 756 1566 756 1568 756 922 757 1568 757 923 757 1566 756 1569 756 1568 756 1570 758 1571 758 1572 758 1572 759 1571 759 1573 759 1571 760 1570 760 1574 760 1572 339 1575 339 1570 339 1572 761 1573 761 1576 761 1573 601 1571 601 1577 601 1571 601 1574 601 1578 601 1574 762 1570 762 1579 762 1570 339 1575 339 1579 339 1580 339 1576 339 1573 339 1581 339 1573 339 1577 339 1577 601 1571 601 1578 601 1579 339 1575 339 1102 339 1580 339 1573 339 1581 339 1577 464 1582 464 1581 464 1577 601 1578 601 1583 601 1579 339 1102 339 1107 339 1575 339 954 339 1102 339 1581 763 1584 763 1580 763 1581 763 1582 763 1584 763 1107 339 1585 339 1579 339 952 528 954 528 1575 528 1102 339 954 339 1096 339 1096 339 954 339 967 339 1586 434 1587 434 1588 434 1588 434 1587 434 1589 434 1586 344 1590 344 1587 344 1591 344 1588 344 1589 344 1587 238 1260 238 1589 238 1587 344 1590 344 1260 344 1589 344 1575 344 1591 344 1589 238 1260 238 1265 238 1260 290 1590 290 1258 290 1589 344 952 344 1575 344 1591 344 1575 344 1592 344 1589 238 1265 238 955 238 1258 290 1590 290 1584 290 955 344 952 344 1589 344 1572 339 1592 339 1575 339 955 238 1265 238 1330 238 1258 290 1584 290 1582 290 1330 597 1593 597 955 597 1258 290 1582 290 1266 290 1330 344 1328 344 1593 344 955 597 1593 597 958 597 1266 290 1582 290 1594 290 1593 239 1328 239 958 239 1266 290 1594 290 1270 290 1270 290 1594 290 1272 290 1272 290 1594 290 1595 290 1272 290 1595 290 1276 290 1276 290 1595 290 1596 290 1276 290 1596 290 1317 290 1317 290 1596 290 1597 290 1010 239 1317 239 1597 239 1596 435 1598 435 1597 435 1010 764 1597 764 1599 764 1597 765 1598 765 1600 765 1013 766 1010 766 1599 766 1597 764 1600 764 1599 764 1599 767 1601 767 1013 767 1599 768 1600 768 1601 768 1013 442 1601 442 1018 442 1018 444 1601 444 1602 444 1018 445 1602 445 1023 445 1023 446 1602 446 1329 446 1023 462 1329 462 1327 462 1023 462 1327 462 1020 462 1020 763 1327 763 1326 763 1020 763 1326 763 1016 763 1016 464 1326 464 1323 464 1016 464 1323 464 1006 464 1006 769 1323 769 1321 769 1006 769 1321 769 1004 769 1603 238 1604 238 1605 238 1605 238 1604 238 962 238 1604 770 1603 770 1606 770 1607 290 1603 290 1605 290 962 529 960 529 1605 529 963 290 962 290 1604 290 1604 290 1606 290 1035 290 1606 770 1603 770 1607 770 1608 290 1605 290 960 290 963 290 1604 290 1008 290 1008 290 1604 290 1035 290 1035 290 1606 290 1609 290 1606 771 1607 771 1609 771 1608 290 960 290 1610 290 1610 290 960 290 1611 290 1611 344 1612 344 1610 344 1611 290 960 290 956 290 1611 239 956 239 958 239 1613 772 966 772 1614 772 1614 773 966 773 968 773 1613 774 1615 774 966 774 1133 775 1613 775 1614 775 1614 773 968 773 1135 773 1616 776 1615 776 1613 776 966 777 1615 777 1617 777 1614 778 1135 778 1133 778 1618 779 1613 779 1133 779 1618 780 1616 780 1613 780 1617 781 1615 781 1616 781 966 339 1617 339 971 339 1133 778 1135 778 1134 778 1133 782 1130 782 1618 782 1619 783 1616 783 1618 783 1619 784 1617 784 1616 784 978 785 971 785 1617 785 1133 630 1134 630 1129 630 1618 786 1130 786 1128 786 1620 787 1619 787 1618 787 978 788 1617 788 1619 788 1618 789 1128 789 1620 789 1620 790 1621 790 1619 790 1620 791 1128 791 1622 791 1620 792 1622 792 1621 792 1619 793 1621 793 1623 793 1128 587 1624 587 1622 587 1624 338 1128 338 1131 338 1625 339 1626 339 980 339 980 339 1626 339 1627 339 1626 339 1625 339 1628 339 1625 794 980 794 981 794 980 339 1627 339 1116 339 1627 795 1626 795 1629 795 1626 796 1628 796 1630 796 1628 339 1625 339 1631 339 1632 797 1625 797 981 797 977 339 980 339 1116 339 1116 339 1627 339 1633 339 1629 798 1626 798 1630 798 1630 799 1628 799 1634 799 1628 339 1631 339 1635 339 1631 800 1625 800 1632 800 1632 801 981 801 1636 801 1116 339 1633 339 1637 339 1633 339 1627 339 1638 339 1629 802 1630 802 1639 802 1630 803 1634 803 1640 803 1628 804 1635 804 1634 804 1635 339 1631 339 1641 339 1642 805 1631 805 1632 805 1643 806 1632 806 1636 806 1116 339 1637 339 1112 339 1638 339 1627 339 1644 339 1639 807 1630 807 1640 807 1641 808 1631 808 1642 808 1642 809 1632 809 1643 809 1643 810 1636 810 1645 810 1638 339 1644 339 1646 339 1639 811 1640 811 1647 811 1645 812 1648 812 1643 812 1646 339 1649 339 1638 339 1647 813 1650 813 1639 813 1638 339 1649 339 1592 339 1638 339 1592 339 1651 339 1651 339 1592 339 1652 339 1623 813 1645 813 983 813 983 813 1645 813 1636 813 1623 339 1648 339 1645 339 1619 814 1623 814 983 814 983 532 1636 532 981 532 983 815 978 815 1619 815 1148 290 1653 290 1126 290 1126 290 1653 290 1654 290 1148 338 1655 338 1653 338 1126 816 992 816 1148 816 1126 290 1654 290 1123 290 1654 238 1653 238 990 238 1655 633 1148 633 1656 633 1653 338 1655 338 1657 338 992 628 1126 628 988 628 1148 816 992 816 994 816 1123 290 1654 290 1658 290 990 518 1659 518 1654 518 990 238 1653 238 993 238 1656 817 1148 817 1145 817 1660 238 1653 238 1657 238 1148 633 994 633 1146 633 991 627 1123 627 1658 627 1658 290 1654 290 1659 290 989 518 1659 518 990 518 993 238 1653 238 1660 238 1656 338 1145 338 1143 338 991 594 1658 594 989 594 989 594 1658 594 1659 594 1641 238 1661 238 1635 238 1635 238 1661 238 1662 238 1662 238 1661 238 1663 238 1662 238 1663 238 1664 238 1664 238 1663 238 1665 238 1664 238 1665 238 1666 238 1665 818 1663 818 1667 818 1666 819 1668 819 1664 819 1666 238 1665 238 1669 238 1666 238 1669 238 1670 238 1670 339 1669 339 1671 339 1671 339 1669 339 1672 339 1671 339 1672 339 1673 339 1673 339 1672 339 1674 339 1673 339 1674 339 1675 339 1675 339 1674 339 1676 339 1675 339 1676 339 1677 339 1674 339 1678 339 1676 339 1677 339 1676 339 1679 339 1676 339 1678 339 1680 339 1681 339 1682 339 1683 339 1683 339 1682 339 1684 339 1683 339 1684 339 175 339 175 339 1684 339 1685 339 175 339 1685 339 179 339 1686 339 1687 339 1688 339 1688 339 1687 339 1689 339 1688 339 1689 339 1690 339 1690 339 1689 339 1691 339 1690 339 1691 339 1692 339 1692 339 1691 339 1693 339 1692 339 1693 339 1681 339 1681 339 1693 339 1694 339 1681 339 1694 339 1682 339 1685 339 1695 339 179 339 179 339 1695 339 1696 339 179 339 1696 339 190 339 190 339 1696 339 1697 339 190 339 1697 339 172 339 172 339 1697 339 1677 339 172 339 1677 339 211 339 211 339 1677 339 1679 339 211 339 1679 339 219 339 219 339 1679 339 1698 339 219 339 1698 339 229 339 229 339 1698 339 1699 339 229 339 1699 339 237 339 237 339 1699 339 1700 339 237 339 1700 339 1686 339 1686 339 1700 339 1701 339 1686 339 1701 339 1687 339 1676 339 1680 339 1702 339 1702 339 1680 339 1703 339 1702 339 1703 339 1704 339 1704 339 1705 339 1702 339 1704 339 1703 339 1706 339 1702 339 1705 339 1707 339 1704 339 1706 339 1708 339 1703 339 1709 339 1706 339 1702 339 1707 339 1710 339 1706 339 1709 339 1711 339 1711 339 1709 339 1712 339 1700 339 1699 339 1713 339 1711 339 1712 339 1714 339 1700 339 1713 339 1715 339 1714 339 1712 339 1131 339 1714 339 1131 339 993 339 993 339 1131 339 1127 339 1701 339 1716 339 1687 339 993 339 1127 339 1146 339 994 339 993 339 1146 339 1146 339 1127 339 1132 339 1693 820 1717 820 1694 820 1718 238 1719 238 1060 238 1060 238 1719 238 1061 238 1719 821 1718 821 1720 821 1060 290 1034 290 1718 290 1719 290 1720 290 1061 290 1720 821 1718 821 1721 821 1718 290 1034 290 1029 290 1061 290 1720 290 1722 290 1720 822 1721 822 1722 822 1032 290 1721 290 1718 290 1718 290 1029 290 1024 290 1061 290 1722 290 1723 290 1722 822 1721 822 1724 822 1032 290 1718 290 1024 290 1724 290 1721 290 1032 290 1722 823 1724 823 1723 823 1723 823 1724 823 1032 823 1047 338 1723 338 1032 338 1725 290 1726 290 1727 290 1727 290 1726 290 1728 290 1729 290 1730 290 1731 290 1731 290 1730 290 1732 290 1731 290 1732 290 1733 290 1728 290 250 290 1727 290 1727 290 250 290 254 290 1727 290 254 290 18 290 18 290 254 290 1734 290 18 290 1734 290 25 290 18 290 11 290 1727 290 1727 290 11 290 9 290 1727 290 9 290 1735 290 1735 290 9 290 5 290 1735 290 5 290 1736 290 1736 290 5 290 2 290 1736 290 2 290 1737 290 1737 290 2 290 1738 290 1737 290 1738 290 1739 290 1739 290 1738 290 1740 290 1739 290 1740 290 1741 290 42 290 1733 290 1742 290 1742 290 1733 290 1743 290 1742 290 1743 290 1744 290 1744 290 1743 290 1745 290 256 290 33 290 255 290 255 290 33 290 31 290 255 290 31 290 1746 290 1746 290 31 290 23 290 1746 290 23 290 1747 290 1747 290 23 290 25 290 1747 290 25 290 1748 290 1748 290 25 290 1734 290 1717 290 1749 290 1750 290 1750 290 1749 290 1744 290 1750 290 1744 290 1751 290 1751 290 1744 290 1745 290 256 290 1731 290 33 290 33 290 1731 290 1733 290 33 290 1733 290 40 290 40 290 1733 290 42 290 1741 290 1740 290 1752 290 1752 290 1740 290 1753 290 1752 290 1753 290 1754 290 1753 290 1755 290 1754 290 1754 290 1755 290 1756 290 1754 290 1756 290 1717 290 1717 290 1756 290 1757 290 1717 290 1757 290 1749 290 1058 573 250 573 1728 573 1058 824 1728 824 1059 824 1059 824 1728 824 1726 824 1059 825 1726 825 1047 825 1758 290 1759 290 1052 290 1052 290 1759 290 248 290 1758 826 1729 826 1759 826 1052 827 1760 827 1758 827 1052 290 248 290 1057 290 1057 290 248 290 247 290 1759 828 1731 828 248 828 1758 827 1760 827 1729 827 1759 826 1729 826 1731 826 1035 344 1760 344 1052 344 248 828 1731 828 256 828 1063 290 1061 290 1761 290 1761 290 1061 290 1723 290 1761 290 1723 290 1660 290 1660 290 1723 290 1762 290 1762 290 1723 290 1763 290 1762 290 1763 290 1764 290 1723 290 1765 290 1763 290 1764 290 1766 290 1762 290 1764 290 1763 290 1767 290 1765 338 1723 338 1047 338 1762 290 1766 290 1768 290 1767 290 1763 290 1769 290 1047 825 1726 825 1765 825 1762 290 1768 290 1770 290 1769 290 1763 290 1771 290 1770 290 1768 290 1772 290 1771 290 1763 290 1773 290 1772 290 1774 290 1770 290 1771 290 1773 290 1775 290 1772 290 1776 290 1774 290 1775 290 1773 290 1777 290 1778 290 1776 290 1772 290 1776 290 1779 290 1774 290 1775 290 1777 290 1780 290 1778 290 1780 290 1776 290 1776 497 1781 497 1779 497 1775 290 1780 290 1778 290 1780 290 1777 290 1782 290 1783 290 1784 290 1144 290 1144 290 1784 290 1785 290 1144 626 1147 626 1783 626 1144 290 1785 290 1140 290 1784 338 1786 338 1785 338 1783 626 1147 626 1787 626 1140 290 1785 290 1788 290 1785 497 1786 497 1789 497 1140 290 1788 290 1067 290 1785 290 1789 290 1788 290 1789 497 1786 497 1790 497 1067 290 1066 290 1140 290 1788 500 1139 500 1067 500 1789 510 1790 510 1788 510 1788 510 1790 510 1139 510 1791 290 1792 290 1382 290 1382 290 1792 290 1379 290 1386 728 1792 728 1791 728 1388 338 1791 338 1382 338 1379 290 1792 290 1793 290 1386 729 1791 729 1794 729 1387 730 1792 730 1386 730 1379 290 1793 290 1447 290 1387 731 1793 731 1792 731 1794 339 1092 339 1386 339 1794 504 1791 504 1795 504 1447 290 1455 290 1379 290 1385 732 1447 732 1793 732 1385 733 1793 733 1387 733 1089 339 1092 339 1794 339 1794 505 1795 505 1089 505 1791 504 1796 504 1795 504 1089 505 1795 505 1797 505 1795 504 1796 504 1798 504 1089 433 1797 433 1799 433 1795 505 1798 505 1797 505 1799 339 873 339 1089 339 1189 829 1181 829 1800 829 1800 830 1181 830 1179 830 1189 673 1183 673 1181 673 1801 831 1189 831 1800 831 1800 832 1179 832 1172 832 1181 673 1183 673 754 673 1802 833 1801 833 1800 833 1801 834 1191 834 1189 834 1800 835 1172 835 1803 835 1803 836 1802 836 1800 836 1802 837 1804 837 1801 837 1801 838 1804 838 1191 838 1803 839 1172 839 1170 839 1803 840 1805 840 1802 840 1802 841 1806 841 1804 841 1804 664 1188 664 1191 664 1803 842 1170 842 1805 842 1802 843 1805 843 1806 843 1806 844 1807 844 1804 844 1188 239 1804 239 1091 239 1170 845 1173 845 1805 845 1805 846 1808 846 1806 846 1806 846 1808 846 1807 846 1804 844 1807 844 1809 844 1091 239 1804 239 1809 239 1805 845 1173 845 1808 845 1809 339 1810 339 1091 339 1173 339 1180 339 1808 339 1091 339 1810 339 1092 339 1808 339 1180 339 1206 339 1572 847 1576 847 1652 847 1652 848 1576 848 1811 848 1652 339 1592 339 1572 339 1652 849 1811 849 1651 849 1812 339 1811 339 1576 339 1651 850 1811 850 1813 850 1812 339 1576 339 1580 339 1814 339 1811 339 1812 339 1651 617 1813 617 1638 617 1814 339 1813 339 1811 339 1638 615 1813 615 1815 615 1816 339 1813 339 1814 339 1638 851 1815 851 1633 851 1816 339 1815 339 1813 339 1633 852 1815 852 1817 852 1816 339 1817 339 1815 339 1633 853 1817 853 1637 853 1598 339 1817 339 1816 339 1637 854 1817 854 1818 854 1598 855 1816 855 1600 855 1598 339 1818 339 1817 339 1637 856 1818 856 1585 856 1600 857 1816 857 1819 857 1820 339 1818 339 1598 339 1112 339 1637 339 1585 339 1585 858 1818 858 1583 858 1598 435 1596 435 1820 435 1818 339 1820 339 1583 339 1112 339 1585 339 1107 339 1585 859 1583 859 1579 859 1820 466 1596 466 1595 466 1583 339 1820 339 1821 339 1579 860 1583 860 1578 860 1820 466 1595 466 1821 466 1583 339 1821 339 1577 339 1579 861 1578 861 1574 861 1821 769 1595 769 1594 769 1821 769 1594 769 1577 769 1577 464 1594 464 1582 464 1139 339 1790 339 1136 339 1136 339 1790 339 1786 339 1136 339 1786 339 1137 339 1137 339 1786 339 1142 339 1142 339 1786 339 1147 339 1147 339 1786 339 1822 339 1147 339 1822 339 1787 339 1822 338 1786 338 1784 338 1787 339 1822 339 1823 339 1784 627 1824 627 1822 627 1825 768 1787 768 1823 768 1823 339 1822 339 1826 339 1822 339 1824 339 1826 339 1823 339 1826 339 1657 339 1826 339 1824 339 1827 339 1657 339 1655 339 1823 339 1828 816 1823 816 1655 816 1825 290 1829 290 1783 290 1783 290 1829 290 1830 290 1829 290 1825 290 1660 290 1783 768 1787 768 1825 768 1783 290 1830 290 1784 290 1829 518 1826 518 1830 518 1660 238 1657 238 1829 238 1660 290 1825 290 1828 290 1784 290 1830 290 1831 290 1829 238 1657 238 1826 238 1830 518 1826 518 1827 518 1660 290 1828 290 1761 290 1825 816 1823 816 1828 816 1831 627 1824 627 1784 627 1830 594 1827 594 1831 594 1828 633 1655 633 1761 633 1831 594 1827 594 1824 594 1761 817 1655 817 1656 817 1761 338 1656 338 1063 338 1063 338 1656 338 1143 338 1163 862 1832 862 1158 862 1158 863 1832 863 1162 863 1832 864 1163 864 1833 864 1158 344 1162 344 1160 344 1834 865 1162 865 1832 865 1833 866 1835 866 1832 866 1833 867 1163 867 1165 867 1832 868 1836 868 1834 868 1834 650 1837 650 1162 650 1833 869 1311 869 1835 869 1832 870 1835 870 1836 870 1833 871 1165 871 1167 871 1834 872 1836 872 1838 872 1167 873 1311 873 1833 873 1309 874 1835 874 1311 874 1307 875 1836 875 1835 875 1838 649 1839 649 1834 649 1838 876 1836 876 1307 876 1167 877 1168 877 1311 877 1307 878 1835 878 1309 878 1307 648 1840 648 1838 648 1311 877 1168 877 1313 877 1840 344 1307 344 1310 344 1311 707 1313 707 1308 707 1203 829 1164 829 1841 829 1841 830 1164 830 1837 830 1203 673 1195 673 1164 673 1842 831 1203 831 1841 831 1841 832 1837 832 1839 832 1162 650 1837 650 1164 650 1843 833 1842 833 1841 833 1842 834 1844 834 1203 834 1841 835 1839 835 1845 835 1834 649 1839 649 1837 649 1845 836 1843 836 1841 836 1843 837 1846 837 1842 837 1842 838 1846 838 1844 838 1844 601 1199 601 1203 601 1845 839 1839 839 1840 839 1845 840 1847 840 1843 840 1843 841 1848 841 1846 841 1846 664 1202 664 1844 664 1844 664 1202 664 1199 664 1845 842 1840 842 1847 842 1838 648 1840 648 1839 648 1843 843 1847 843 1848 843 1848 844 1849 844 1846 844 1846 239 1207 239 1202 239 1840 845 1310 845 1847 845 1847 846 1850 846 1848 846 1848 846 1850 846 1849 846 1846 844 1849 844 1851 844 1851 239 1207 239 1846 239 1847 845 1310 845 1850 845 1852 601 1853 601 1854 601 1854 601 1853 601 1810 601 1853 239 1852 239 1855 239 1854 338 1856 338 1852 338 1810 339 1809 339 1854 339 1857 344 1810 344 1853 344 1858 344 1853 344 1855 344 1855 239 1852 239 1859 239 1854 339 1860 339 1856 339 1854 339 1809 339 1807 339 1857 344 1853 344 1858 344 1855 339 1859 339 1858 339 1854 339 1206 339 1860 339 1854 339 1807 339 1808 339 1808 339 1206 339 1854 339 1206 339 1208 339 1860 339 1860 339 1208 339 1207 339 1247 339 1530 339 1244 339 1244 339 1530 339 1527 339 1244 339 1527 339 1245 339 1245 339 1527 339 1250 339 1250 339 1527 339 1255 339 1255 339 1527 339 1861 339 1255 339 1861 339 1466 339 1861 344 1527 344 1467 344 1466 339 1861 339 1473 339 1467 704 1474 704 1861 704 1462 743 1466 743 1473 743 1473 339 1861 339 1468 339 1861 339 1474 339 1468 339 1473 339 1468 339 1469 339 1468 339 1474 339 1472 339 1469 339 1475 339 1473 339 1470 745 1473 745 1475 745 1257 290 1862 290 1302 290 1302 290 1862 290 1863 290 1257 344 1475 344 1862 344 1302 879 1864 879 1257 879 1302 290 1863 290 1293 290 1863 239 1862 239 1865 239 1475 698 1257 698 1476 698 1862 344 1475 344 1469 344 1864 705 1302 705 1303 705 1257 879 1864 879 1314 879 1293 290 1863 290 1866 290 1865 744 1867 744 1863 744 1865 239 1862 239 1312 239 1476 698 1257 698 1256 698 885 239 1862 239 1469 239 1303 339 1865 339 1864 339 1257 698 1314 698 1254 698 1864 339 1312 339 1314 339 1304 704 1293 704 1866 704 1866 290 1863 290 1867 290 1305 744 1867 744 1865 744 1864 339 1865 339 1312 339 1312 239 1862 239 885 239 1476 344 1256 344 1251 344 1303 339 1305 339 1865 339 1304 396 1866 396 1305 396 1305 396 1866 396 1867 396 1251 344 1256 344 1249 344 1301 339 1304 339 1305 339 1868 601 1869 601 1870 601 1870 601 1869 601 1860 601 1869 239 1868 239 1871 239 1870 338 1872 338 1868 338 1860 339 1207 339 1870 339 1873 344 1860 344 1869 344 1874 344 1869 344 1871 344 1871 239 1868 239 1875 239 1876 339 1872 339 1870 339 1870 339 1207 339 1851 339 1873 344 1869 344 1874 344 1871 339 1875 339 1874 339 1870 339 1851 339 1877 339 1877 339 1851 339 1550 339 1877 339 1550 339 1878 339 1851 339 1849 339 1550 339 1879 339 1877 339 1878 339 1550 339 1849 339 1549 339 1549 339 1849 339 1850 339 1549 339 1850 339 1486 339 1486 339 1481 339 1549 339 1486 339 1850 339 1310 339 1486 339 1310 339 1312 339 1880 339 1612 339 1331 339 1331 339 1612 339 1881 339 1880 339 1882 339 1612 339 1331 339 1881 339 1328 339 1881 344 1612 344 1611 344 1612 339 1882 339 1883 339 958 239 1328 239 1881 239 958 239 1881 239 1611 239 1612 239 1883 239 1610 239 1883 339 1882 339 1884 339 1883 339 1884 339 1885 339 1882 339 1886 339 1884 339 1885 339 1887 339 1883 339 1884 339 1886 339 1888 339 1884 339 1888 339 1889 339 1884 344 1889 344 1890 344 1889 339 1888 339 1891 339 1889 339 1891 339 1892 339 1893 290 1894 290 1590 290 1590 290 1894 290 1332 290 1893 290 1895 290 1894 290 1590 290 1332 290 1584 290 1331 239 1332 239 1894 239 1895 344 1893 344 1896 344 1894 290 1895 290 1897 290 1580 462 1584 462 1332 462 1331 344 1894 344 1880 344 1880 344 1894 344 1897 344 1897 290 1895 290 1898 290 1580 462 1332 462 1812 462 1880 880 1897 880 1899 880 1900 881 1897 881 1898 881 1898 290 1895 290 1901 290 1812 618 1332 618 1814 618 1899 880 1897 880 1902 880 1900 882 1898 882 1903 882 1898 290 1901 290 1904 290 1814 621 1332 621 1905 621 1904 290 1901 290 1906 290 1814 622 1905 622 1819 622 1332 461 1329 461 1905 461 1906 290 1901 290 1907 290 1816 620 1814 620 1819 620 1819 443 1905 443 1602 443 1905 461 1329 461 1602 461 1819 443 1602 443 1601 443 1600 768 1819 768 1601 768 1908 339 1909 339 1374 339 1374 339 1909 339 1338 339 1354 742 1909 742 1908 742 1349 883 1908 883 1374 883 1374 339 1338 339 1346 339 1345 716 1338 716 1909 716 1354 883 1908 883 1349 883 1345 742 1909 742 1354 742 1910 290 1911 290 1912 290 1912 290 1911 290 1913 290 1910 290 1914 290 1911 290 1912 290 1913 290 1915 290 1911 290 1916 290 1913 290 1911 290 1914 290 1564 290 1915 338 1913 338 1917 338 1918 754 1916 754 1911 754 1913 290 1916 290 1919 290 1911 238 1564 238 1918 238 1564 290 1914 290 1920 290 1917 338 1913 338 1921 338 1922 754 1916 754 1918 754 1923 741 1913 741 1919 741 1922 742 1919 742 1916 742 1918 238 1564 238 1368 238 1920 338 1560 338 1564 338 1917 339 1921 339 1924 339 1921 741 1913 741 1923 741 1921 339 1922 339 1918 339 1923 742 1919 742 1922 742 1925 339 1918 339 1368 339 1368 238 1564 238 845 238 1560 508 1920 508 1566 508 1924 339 1921 339 1926 339 1923 339 1922 339 1921 339 1926 339 1921 339 1918 339 1925 339 1368 339 1927 339 1928 339 1918 339 1925 339 1566 508 1920 508 1569 508 1926 339 1918 339 1928 339 1929 339 1930 339 1556 339 1556 339 1930 339 1931 339 1930 338 1929 338 1932 338 1556 727 1551 727 1929 727 1931 239 1930 239 1553 239 1932 338 1929 338 1933 338 1929 503 1551 503 923 503 1553 884 1934 884 1931 884 1933 504 1929 504 1935 504 1929 504 923 504 1936 504 1935 504 1929 504 1936 504 1936 757 923 757 1568 757 1935 757 1936 757 1937 757 1936 757 1568 757 1937 757 1937 756 1568 756 1569 756 1937 756 1569 756 1927 756 1938 756 1937 756 1927 756 1927 508 1569 508 1920 508 1927 339 1368 339 1938 339 1927 509 1920 509 1925 509 1938 339 1368 339 1371 339 1925 739 1920 739 1914 739 1925 738 1914 738 1928 738 1928 735 1914 735 1910 735 1928 737 1910 737 1926 737 1926 885 1910 885 1912 885 1926 736 1912 736 1924 736 1924 886 1912 886 1939 886 1924 733 1939 733 1940 733 1941 339 1924 339 1940 339 1857 362 1942 362 1371 362 1371 362 1942 362 1856 362 1942 238 1857 238 1943 238 1371 344 1810 344 1857 344 272 339 1371 339 1856 339 1852 338 1856 338 1942 338 1859 338 1942 338 1943 338 1943 238 1857 238 1858 238 1371 339 1369 339 1810 339 272 339 1856 339 278 339 1852 338 1942 338 1859 338 1858 339 1859 339 1943 339 1810 339 1369 339 1390 339 278 339 1856 339 284 339 1810 339 1390 339 1092 339 857 339 1390 339 1369 339 1944 290 1381 290 1455 290 1455 290 1381 290 1379 290 1384 7 1381 7 1944 7 1383 740 1944 740 1455 740 1384 740 1944 740 1383 740 1455 338 1451 338 1383 338 1383 339 1380 339 1384 339 1383 338 1451 338 1945 338 1385 339 1383 339 1945 339 1945 627 1451 627 1946 627 1945 339 1450 339 1385 339 1946 339 1947 339 1945 339 1946 627 1451 627 1456 627 1945 339 1947 339 1450 339 1946 594 1456 594 1947 594 1947 339 1452 339 1450 339 1947 594 1456 594 1448 594 1947 518 1448 518 1452 518 1450 339 1452 339 1453 339 1453 339 1452 339 1457 339 1457 339 1452 339 873 339 1457 339 873 339 1799 339 1422 339 1391 339 1426 339 1426 339 1391 339 1429 339 1422 339 1419 339 1391 339 1426 339 1429 339 1948 339 1391 339 1949 339 1429 339 1391 339 1419 339 1388 339 1948 338 1429 338 1424 338 1389 722 1949 722 1391 722 1429 339 1949 339 1950 339 1388 339 1419 339 1796 339 1424 338 1429 338 1421 338 1425 722 1949 722 1389 722 1428 721 1429 721 1950 721 1425 7 1950 7 1949 7 1796 338 1791 338 1388 338 1419 727 1413 727 1796 727 1428 7 1950 7 1425 7 1796 503 1413 503 1411 503 1796 504 1411 504 1798 504 1798 505 1411 505 1951 505 1798 505 1951 505 1797 505 1797 433 1951 433 1461 433 1797 433 1461 433 1799 433 1799 501 1461 501 1458 501 1799 502 1458 502 1457 502 1952 339 1953 339 1397 339 1397 339 1953 339 1954 339 1952 339 1556 339 1953 339 1394 887 1952 887 1397 887 1397 339 1954 339 1399 339 1954 239 1953 239 1398 239 1554 724 1556 724 1952 724 1953 339 1556 339 1931 339 1554 725 1952 725 1394 725 1399 339 1567 339 1397 339 1399 339 1954 339 1955 339 1398 884 1955 884 1954 884 1953 339 1931 339 1934 339 1567 338 1399 338 1393 338 1399 339 1955 339 1956 339 1402 884 1955 884 1398 884 1403 721 1399 721 1956 721 1402 7 1956 7 1955 7 1403 7 1956 7 1402 7 1957 339 1958 339 1567 339 1567 339 1958 339 1563 339 1404 742 1958 742 1957 742 1393 883 1957 883 1567 883 1400 754 1563 754 1958 754 1404 883 1957 883 1393 883 1400 742 1958 742 1404 742 1459 339 1959 339 1960 339 1960 339 1959 339 1961 339 1415 516 1959 516 1459 516 1454 338 1459 338 1960 338 1417 238 1960 238 1961 238 1961 339 1959 339 1962 339 1415 517 1459 517 1414 517 1420 515 1959 515 1415 515 854 238 1454 238 1960 238 1417 518 1961 518 1427 518 854 238 1960 238 1417 238 1961 339 1962 339 1426 339 1420 514 1962 514 1959 514 1414 430 1459 430 1460 430 1423 512 1426 512 1962 512 1423 513 1962 513 1420 513 1414 433 1460 433 1412 433 1412 433 1460 433 1951 433 1412 505 1951 505 1411 505 1460 433 1461 433 1951 433 1963 339 1964 339 1948 339 1948 339 1964 339 1426 339 1430 519 1964 519 1963 519 1424 627 1963 627 1948 627 1964 339 1961 339 1426 339 1430 627 1963 627 1424 627 1427 519 1964 519 1430 519 1427 518 1961 518 1964 518 1483 693 1480 693 1965 693 1965 693 1480 693 1488 693 1489 339 1483 339 1965 339 1965 702 1488 702 1966 702 1489 339 1965 339 1967 339 1967 339 1965 339 1966 339 1966 702 1488 702 1968 702 1489 339 1967 339 1969 339 1966 520 1968 520 1967 520 1969 339 1967 339 1970 339 1967 520 1968 520 1971 520 1969 339 1970 339 1972 339 1967 344 1973 344 1970 344 1971 344 1973 344 1967 344 1972 339 1970 339 1974 339 1970 704 1973 704 1975 704 1972 339 1974 339 1976 339 1970 339 1975 339 1974 339 1975 704 1973 704 1977 704 1972 339 1976 339 1879 339 1974 888 1978 888 1976 888 1975 889 1977 889 1974 889 1879 339 1976 339 1877 339 1974 889 1977 889 1978 889 1976 888 1978 888 1979 888 1980 290 1979 290 1487 290 1487 290 1979 290 1978 290 1980 290 1981 290 1979 290 1969 748 1980 748 1487 748 1487 290 1978 290 1973 290 1972 751 1981 751 1980 751 1979 290 1981 290 1544 290 1969 700 1487 700 1489 700 1972 748 1980 748 1969 748 1973 290 1971 290 1487 290 1973 290 1978 290 1977 290 1879 751 1981 751 1972 751 1979 239 1544 239 1976 239 1544 290 1981 290 1982 290 1487 290 1971 290 1488 290 1981 749 1879 749 1982 749 1976 239 1544 239 1877 239 1982 344 1540 344 1544 344 1971 290 1968 290 1488 290 1982 749 1879 749 1878 749 1877 239 1544 239 888 239 1540 750 1982 750 1546 750 1982 750 1878 750 1550 750 1546 750 1982 750 1983 750 1550 750 1983 750 1982 750 1546 344 1983 344 1547 344 1550 344 1548 344 1983 344 1547 344 1983 344 1548 344 1493 290 1984 290 1985 290 1985 290 1984 290 1986 290 1985 890 1987 890 1493 890 1985 290 1986 290 1988 290 1984 344 1989 344 1986 344 1985 891 1990 891 1987 891 1493 890 1987 890 1991 890 1988 891 1990 891 1985 891 1988 290 1986 290 1992 290 1986 701 1989 701 1993 701 1493 751 1991 751 1491 751 1988 892 1994 892 1990 892 1988 290 1992 290 1507 290 1986 290 1993 290 1992 290 1993 701 1989 701 1995 701 1491 751 1991 751 1996 751 1505 892 1994 892 1988 892 1507 290 1505 290 1988 290 1993 893 1995 893 1992 893 1491 749 1996 749 925 749 925 749 1996 749 1997 749 925 750 1997 750 932 750 932 750 1997 750 1998 750 932 344 1998 344 931 344 931 344 1998 344 1999 344 2000 339 1997 339 1501 339 1501 339 1997 339 1996 339 2000 239 1501 239 927 239 1501 339 1996 339 2001 339 927 239 1501 239 1496 239 1499 746 1501 746 2001 746 2001 339 1996 339 2002 339 1499 894 2001 894 1500 894 2001 339 2002 339 2003 339 1996 339 1991 339 2002 339 1500 894 2001 894 2003 894 2003 339 2002 339 2004 339 2002 339 1991 339 1497 339 1500 704 2003 704 1498 704 1498 704 2003 704 2004 704 2004 344 2002 344 1498 344 2002 239 1497 239 1492 239 1497 339 1991 339 1987 339 1498 344 2002 344 1492 344 1492 239 1497 239 1494 239 1497 339 1987 339 2005 339 1495 746 1497 746 2005 746 2005 339 1987 339 2006 339 2005 339 2006 339 2007 339 2008 290 1984 290 1495 290 1495 290 1984 290 1493 290 2008 704 2007 704 1984 704 1495 895 2005 895 2008 895 2008 895 2005 895 2007 895 1984 704 2007 704 2006 704 2009 344 2010 344 928 344 928 344 2010 344 2000 344 2009 344 2011 344 2010 344 2009 896 928 896 2012 896 928 344 2000 344 927 344 2010 344 2013 344 2000 344 311 339 2011 339 2009 339 2009 339 2012 339 2014 339 2012 896 928 896 929 896 2000 344 2013 344 1997 344 311 339 2009 339 313 339 313 339 2009 339 2014 339 2012 897 929 897 2014 897 1997 750 2013 750 1998 750 313 339 2014 339 2015 339 2014 897 929 897 930 897 1998 750 2013 750 2016 750 2015 339 2017 339 313 339 2014 898 930 898 2015 898 1998 344 2016 344 1999 344 2018 750 2016 750 2013 750 2015 899 933 899 2017 899 313 339 2017 339 306 339 2015 898 930 898 933 898 1999 344 2016 344 2019 344 2018 344 2019 344 2016 344 2017 899 933 899 934 899 306 339 2017 339 300 339 300 339 2017 339 294 339 934 239 935 239 2017 239 1990 339 2020 339 1987 339 1987 339 2020 339 2021 339 1990 339 1994 339 2020 339 1987 339 2021 339 1989 339 1507 900 2021 900 2020 900 2020 339 1994 339 2022 339 1989 339 2006 339 1987 339 1989 339 2021 339 1995 339 1992 900 2021 900 1507 900 2022 339 1994 339 2023 339 2006 344 1989 344 1984 344 1992 893 1995 893 2021 893 2023 344 2024 344 2022 344 1994 901 1505 901 2023 901 2023 902 2019 902 2024 902 2023 901 1505 901 1503 901 2023 902 1999 902 2019 902 2024 902 2019 902 2025 902 2023 902 1503 902 931 902 931 902 1999 902 2023 902 2024 902 2025 902 2026 902 2025 344 2019 344 2018 344 2027 339 2026 339 2025 339 2024 290 2028 290 2029 290 2029 290 2028 290 2030 290 2026 901 2028 901 2024 901 2022 344 2024 344 2029 344 2030 238 2031 238 2029 238 2030 290 2028 290 2032 290 2033 901 2028 901 2026 901 2029 238 1502 238 2022 238 2029 238 2031 238 2027 238 2030 290 2032 290 2034 290 2033 892 2032 892 2028 892 2027 339 2033 339 2026 339 2029 238 2027 238 1502 238 2022 238 1502 238 1507 238 2031 339 2033 339 2027 339 2034 290 2035 290 2030 290 2036 891 2034 891 2032 891 2036 892 2032 892 2033 892 1502 344 2027 344 1504 344 2022 238 1507 238 2020 238 2033 339 2031 339 2036 339 1504 344 2027 344 2037 344 2037 339 2027 339 1872 339 1872 339 2027 339 2025 339 2038 339 2039 339 2040 339 2040 339 2039 339 2041 339 1509 749 2039 749 2038 749 2042 344 2038 344 2040 344 1513 239 2040 239 2041 239 2041 339 2039 339 2043 339 1509 750 2038 750 1506 750 1511 749 2039 749 1509 749 1504 239 2042 239 2040 239 1513 903 2041 903 1517 903 1504 239 2040 239 1513 239 2041 339 2043 339 2044 339 1511 751 2043 751 2039 751 1506 750 2038 750 2045 750 1517 903 2041 903 2046 903 2044 339 2046 339 2041 339 1515 748 2044 748 2043 748 1515 751 2043 751 1511 751 1506 344 2045 344 1508 344 1517 895 2046 895 1522 895 1508 344 2045 344 2047 344 1522 895 2046 895 2048 895 1508 902 2047 902 2049 902 1522 704 2048 704 1519 704 2049 902 2047 902 2050 902 1519 704 2048 704 2051 704 2049 902 2050 902 2052 902 2052 902 2050 902 2053 902 2052 902 2053 902 2054 902 2053 344 2050 344 1876 344 2052 290 2055 290 2056 290 2056 290 2055 290 2057 290 2054 901 2055 901 2052 901 2058 344 2052 344 2056 344 2057 238 2059 238 2056 238 2057 290 2055 290 2060 290 2061 901 2055 901 2054 901 2056 238 1510 238 2058 238 2056 238 2059 238 2062 238 2057 290 2060 290 2063 290 2061 892 2060 892 2055 892 2062 339 2061 339 2054 339 2056 238 2062 238 1510 238 2058 238 1510 238 1516 238 2059 339 2061 339 2062 339 2063 290 2064 290 2057 290 2065 904 2063 904 2060 904 2065 892 2060 892 2061 892 2062 339 2054 339 2053 339 1510 344 2062 344 888 344 2058 238 1516 238 2066 238 2061 339 2059 339 2065 339 1870 339 2062 339 2053 339 888 344 2062 344 1877 344 1870 339 2053 339 1876 339 1877 339 2062 339 1870 339 2067 339 2066 339 2044 339 2044 339 2066 339 2068 339 2067 339 2069 339 2066 339 1521 904 2067 904 2044 904 2044 339 2068 339 1525 339 1516 905 2068 905 2066 905 1518 892 2069 892 2067 892 2066 339 2069 339 2058 339 1521 748 2044 748 1515 748 1518 904 2067 904 1521 904 1525 339 2051 339 2044 339 1525 339 2068 339 2070 339 1520 905 2068 905 1516 905 1514 892 2069 892 1518 892 2058 339 2069 339 2049 339 2051 344 1525 344 1519 344 2044 339 2051 339 2046 339 1524 701 1525 701 2070 701 1520 893 2070 893 2068 893 2069 901 1514 901 2049 901 2049 344 2052 344 2058 344 1519 344 1525 344 1523 344 2051 339 2048 339 2046 339 1524 893 2070 893 1520 893 2049 901 1514 901 1512 901 2049 902 1512 902 1508 902 2071 338 2072 338 1932 338 1932 338 2072 338 937 338 270 339 2072 339 2071 339 1932 239 2073 239 2071 239 1932 338 937 338 1930 338 270 339 2071 339 268 339 2071 239 2073 239 2074 239 1930 338 937 338 924 338 268 339 2071 339 2075 339 2074 339 1941 339 2071 339 2074 884 2073 884 2076 884 1553 239 1930 239 924 239 268 339 2075 339 1938 339 2071 339 2077 339 2075 339 1941 339 2074 339 2078 339 2071 339 1941 339 2077 339 2078 339 2074 339 2076 339 2076 884 2073 884 2079 884 1938 339 1371 339 268 339 1941 339 1940 339 2077 339 2078 339 2076 339 2080 339 2076 7 2079 7 2080 7 268 339 1371 339 272 339 2080 753 2081 753 2078 753 2080 7 2079 7 2081 7 2082 339 1559 339 1934 339 1934 339 1559 339 1953 339 1558 753 1559 753 2082 753 1557 7 2082 7 1934 7 1953 338 1559 338 1552 338 1558 7 2082 7 1557 7 1557 884 1934 884 1553 884 1398 239 1953 239 1552 239 1552 338 1559 338 1555 338 2083 906 2084 906 2085 906 2085 906 2084 906 1592 906 2086 339 2084 339 2083 339 2083 907 2085 907 2086 907 1591 344 1592 344 2084 344 2086 907 2085 907 2087 907 2084 339 2088 339 1591 339 2086 908 2087 908 2089 908 1591 239 2088 239 1588 239 2089 908 2090 908 2086 908 1588 239 2088 239 1893 239 1588 239 1893 239 1590 239 1896 344 1893 344 2088 344 1590 239 1586 239 1588 239 2091 290 2092 290 2093 290 2093 290 2092 290 2094 290 2091 290 2095 290 2092 290 2093 909 2096 909 2091 909 2093 290 2094 290 1605 290 2092 290 2095 290 2097 290 2093 290 1605 290 1608 290 1605 290 2094 290 2098 290 2097 290 2095 290 2099 290 1605 290 2098 290 1607 290 1035 910 2098 910 2094 910 2097 290 2099 290 2100 290 2095 911 1892 911 2099 911 1609 771 1607 771 2098 771 1609 910 2098 910 1035 910 2099 912 1891 912 2100 912 2099 913 1892 913 1891 913 2100 914 1891 914 1888 914 2101 290 2102 290 2103 290 2103 290 2102 290 2104 290 2102 290 2101 290 1610 290 2103 290 2104 290 1890 290 2102 744 1883 744 2104 744 1610 239 1883 239 2102 239 1610 290 2101 290 2105 290 1890 290 2104 290 2106 290 2104 744 1883 744 1887 744 1610 290 2105 290 1608 290 2106 704 1885 704 1890 704 2104 396 1887 396 2106 396 2105 915 1880 915 1608 915 2106 396 1887 396 1885 396 1890 704 1885 704 1884 704 1608 880 1880 880 1899 880 1608 916 1899 916 2093 916 2093 916 1899 916 2096 916 2107 917 2108 917 2109 917 2109 918 2108 918 2110 918 2111 919 2107 919 2109 919 2109 920 2110 920 2112 920 1623 921 2110 921 2108 921 2113 922 2111 922 2109 922 2111 923 2114 923 2107 923 2109 924 2112 924 2115 924 1621 488 2112 488 2110 488 2108 339 1648 339 1623 339 1621 921 2110 921 1623 921 2115 925 2113 925 2109 925 2113 926 2116 926 2111 926 2111 927 2116 927 2114 927 2114 362 2117 362 2107 362 2115 928 2112 928 1624 928 1622 488 2112 488 1621 488 2115 929 2118 929 2113 929 2113 930 2119 930 2116 930 2116 931 2120 931 2114 931 2114 931 2120 931 2117 931 2115 932 1624 932 2118 932 1622 587 1624 587 2112 587 2113 933 2118 933 2119 933 2119 934 1709 934 2116 934 2116 238 1680 238 2120 238 1624 935 1131 935 2118 935 2118 824 1712 824 2119 824 2119 824 1712 824 1709 824 2116 934 1709 934 1703 934 1703 238 1680 238 2116 238 2118 935 1131 935 1712 935 2121 936 2122 936 1592 936 1592 937 2122 937 2123 937 2122 938 2121 938 2124 938 1649 339 2121 339 1592 339 1592 939 2123 939 2085 939 2124 940 2121 940 1649 940 2124 941 1649 941 2125 941 2125 942 2126 942 2124 942 2125 943 1649 943 1646 943 1639 532 2126 532 2125 532 2124 944 2126 944 2127 944 2125 945 1646 945 1644 945 2125 532 1629 532 1639 532 1639 813 1650 813 2126 813 2124 946 2127 946 2128 946 2126 947 1650 947 2127 947 1644 531 1627 531 2125 531 2125 531 1627 531 1629 531 2129 917 2130 917 2131 917 2131 948 2130 948 2132 948 2133 919 2129 919 2131 919 2131 949 2132 949 2134 949 1640 950 2132 950 2130 950 2135 922 2133 922 2131 922 2133 923 2136 923 2129 923 2131 951 2134 951 2137 951 1635 952 2134 952 2132 952 1640 953 2130 953 1647 953 1634 954 2132 954 1640 954 2137 925 2135 925 2131 925 2135 926 2138 926 2133 926 2133 927 2138 927 2136 927 2137 955 2134 955 1668 955 1635 956 2132 956 1634 956 1662 957 2134 957 1635 957 2137 958 2139 958 2135 958 2135 959 2140 959 2138 959 2138 931 2141 931 2136 931 2137 960 1668 960 2139 960 1664 961 1668 961 2134 961 1664 962 2134 962 1662 962 2135 963 2139 963 2140 963 1668 627 1671 627 2139 627 2139 824 1673 824 2140 824 1668 338 1666 338 1671 338 2139 627 1671 627 1673 627 1671 338 1666 338 1670 338 2142 964 1648 964 2143 964 2143 965 1648 965 2144 965 1643 966 1648 966 2142 966 2145 967 2142 967 2143 967 2143 968 2144 968 2146 968 2108 969 2144 969 1648 969 2142 970 1642 970 1643 970 2145 971 2143 971 2146 971 2147 972 2142 972 2145 972 2146 973 2144 973 2117 973 2107 969 2144 969 2108 969 2142 974 1641 974 1642 974 2148 975 2145 975 2146 975 2145 976 1667 976 2147 976 2147 977 1641 977 2142 977 2146 978 2117 978 2120 978 2107 362 2117 362 2144 362 2146 979 2120 979 2148 979 2148 980 2149 980 2145 980 2145 981 2149 981 1667 981 1667 982 1663 982 2147 982 2147 983 1661 983 1641 983 2148 984 2120 984 2150 984 2148 985 2150 985 2149 985 2149 986 1674 986 1667 986 2147 987 1663 987 1661 987 2120 988 1680 988 2150 988 2150 826 1678 826 2149 826 2149 826 1678 826 1674 826 1667 986 1674 986 1672 986 2150 988 1680 988 1678 988 1672 344 1669 344 1667 344 1667 344 1669 344 1665 344 2151 989 2089 989 2128 989 2128 990 2089 990 2152 990 2151 991 2153 991 2089 991 2154 648 2151 648 2128 648 2128 992 2152 992 2124 992 2089 993 2087 993 2152 993 2089 991 2153 991 2090 991 2154 649 2128 649 2155 649 2124 994 2152 994 2122 994 2152 995 2087 995 2123 995 2155 649 2128 649 2127 649 2152 996 2123 996 2122 996 2087 997 2085 997 2123 997 2155 998 2127 998 2156 998 2156 998 2127 998 1650 998 1647 339 2156 339 1650 339 2157 290 2158 290 2159 290 2159 290 2158 290 2160 290 2161 625 2158 625 2157 625 2162 338 2157 338 2159 338 2160 239 2163 239 2159 239 2160 290 2158 290 2164 290 2165 625 2158 625 2161 625 2159 239 1762 239 2162 239 2159 239 2163 239 1714 239 2160 290 2164 290 2166 290 2165 623 2164 623 2158 623 2159 239 1714 239 1762 239 2162 239 1762 239 1770 239 2166 290 2167 290 2160 290 2168 624 2166 624 2164 624 2168 623 2164 623 2165 623 1762 338 1714 338 1660 338 2162 239 1770 239 2169 239 2170 500 2160 500 2167 500 1660 338 1714 338 993 338 2170 510 2167 510 2171 510 2171 510 2167 510 2172 510 2171 497 2172 497 2173 497 2173 497 2172 497 2174 497 2175 339 2176 339 2177 339 2177 339 2176 339 2178 339 2176 339 2175 339 1675 339 2177 238 2138 238 2175 238 2177 339 2178 339 2179 339 1675 339 2175 339 2180 339 2138 716 2180 716 2175 716 1675 339 2180 339 1673 339 2140 716 2180 716 2138 716 2140 824 1673 824 2180 824 2181 362 2182 362 1675 362 1675 362 2182 362 2176 362 2182 238 2181 238 2183 238 1675 344 1677 344 2181 344 2184 338 2176 338 2182 338 2185 338 2182 338 2183 338 2183 238 2181 238 2186 238 2184 338 2182 338 2185 338 2183 339 2186 339 2185 339 2187 601 2188 601 1679 601 1679 601 2188 601 1698 601 2188 239 2187 239 2189 239 1679 338 1676 338 2187 338 2190 344 1698 344 2188 344 2191 344 2188 344 2189 344 2189 239 2187 239 2192 239 2190 344 2188 344 2191 344 2192 339 2191 339 2189 339 2193 339 1684 339 1682 339 2193 999 1745 999 1684 999 1682 1000 1751 1000 2193 1000 1685 344 1684 344 2194 344 2194 344 1684 344 1743 344 2194 344 1743 344 2195 344 2190 362 2196 362 1702 362 1702 362 2196 362 1676 362 2196 238 2190 238 2197 238 1702 344 1698 344 2190 344 2187 338 1676 338 2196 338 2192 338 2196 338 2197 338 2197 238 2190 238 2191 238 2187 338 2196 338 2192 338 2197 339 2191 339 2192 339 2198 290 2199 290 2200 290 2200 290 2199 290 2201 290 2202 1001 2199 1001 2198 1001 2203 338 2198 338 2200 338 2201 239 2204 239 2200 239 2201 290 2199 290 2205 290 2206 1001 2199 1001 2202 1001 2200 239 2207 239 2203 239 2200 239 2204 239 1705 239 2201 290 2205 290 2208 290 2206 623 2205 623 2199 623 2200 239 1705 239 2207 239 2203 239 2207 239 2209 239 2208 290 2210 290 2201 290 2211 624 2208 624 2205 624 2211 623 2205 623 2206 623 2207 338 1705 338 1763 338 2203 239 2209 239 2212 239 2213 500 2201 500 2210 500 1763 338 1705 338 1704 338 2213 510 2210 510 2214 510 2214 510 2210 510 2215 510 2214 1002 2215 1002 2216 1002 2216 1002 2215 1002 2217 1002 2204 339 2206 339 1705 339 1705 339 2206 339 2202 339 2206 339 2204 339 2211 339 1705 339 2202 339 1707 339 2211 339 2204 339 2213 339 2198 1003 1707 1003 2202 1003 2211 339 2213 339 2216 339 2204 500 2201 500 2213 500 2211 339 2216 339 2218 339 2216 339 2213 339 2214 339 2218 624 2208 624 2211 624 2218 339 2216 339 2219 339 2218 339 2219 339 2220 339 2220 626 2221 626 2218 626 2220 339 2219 339 2222 339 2220 339 2222 339 2223 339 2219 339 2224 339 2222 339 2220 339 2223 339 2225 339 2225 628 2226 628 2220 628 2225 339 2223 339 2227 339 2225 339 2227 339 2228 339 2229 1004 2225 1004 2228 1004 2228 339 2227 339 1710 339 2229 1005 2228 1005 1710 1005 1710 339 2227 339 1698 339 1710 1005 2230 1005 2229 1005 1710 339 1698 339 1702 339 2227 339 2231 339 1698 339 1698 339 2231 339 2232 339 1698 339 2232 339 1699 339 2163 339 2165 339 1714 339 1714 339 2165 339 2161 339 2165 339 2163 339 2168 339 1714 339 2161 339 1711 339 2168 339 2163 339 2170 339 2157 631 1711 631 2161 631 2168 339 2170 339 2173 339 2163 500 2160 500 2170 500 2168 339 2173 339 2233 339 2173 339 2170 339 2171 339 2233 624 2166 624 2168 624 2233 339 2173 339 2234 339 2233 339 2234 339 2235 339 2235 626 2236 626 2233 626 2235 339 2234 339 2237 339 2235 628 2238 628 2236 628 2235 339 2237 339 2239 339 2234 339 2240 339 2237 339 2241 628 2238 628 2235 628 2235 339 2239 339 2241 339 2237 518 2242 518 2239 518 2240 1006 2243 1006 2237 1006 2241 339 2239 339 1704 339 2241 339 1704 339 1708 339 2244 1004 2241 1004 1708 1004 2244 1005 1708 1005 1706 1005 1706 1005 2245 1005 2244 1005 2246 339 2247 339 2248 339 2248 339 2247 339 2249 339 2250 1004 2247 1004 2246 1004 2251 338 2246 338 2248 338 2252 238 2248 238 2249 238 2249 339 2247 339 2253 339 2250 1005 2246 1005 2254 1005 2255 1004 2247 1004 2250 1004 2256 238 2251 238 2248 238 2252 518 2249 518 2257 518 2256 238 2248 238 2252 238 2249 339 2253 339 2258 339 2255 768 2253 768 2247 768 2254 1005 2246 1005 2259 1005 2257 518 2249 518 2260 518 2258 339 2260 339 2249 339 2261 626 2258 626 2253 626 2261 768 2253 768 2255 768 2254 338 2259 338 2262 338 2257 594 2260 594 2263 594 2262 338 2259 338 2264 338 2263 594 2260 594 2265 594 2262 1003 2264 1003 2266 1003 2263 1007 2265 1007 2267 1007 2266 1003 2264 1003 2268 1003 2267 1007 2265 1007 2269 1007 2266 1003 2268 1003 2198 1003 2198 1003 2268 1003 1707 1003 1707 338 2268 338 1710 338 2270 339 2271 339 2272 339 2272 339 2271 339 2273 339 1769 1004 2271 1004 2270 1004 2274 338 2270 338 2272 338 1773 238 2272 238 2273 238 2273 339 2271 339 2275 339 1769 1005 2270 1005 1767 1005 1771 1004 2271 1004 1769 1004 1763 238 2274 238 2272 238 1773 518 2273 518 1777 518 1763 238 2272 238 1773 238 2273 339 2275 339 2276 339 1771 768 2275 768 2271 768 1767 1005 2270 1005 2277 1005 1777 518 2273 518 2278 518 2276 339 2278 339 2273 339 1775 626 2276 626 2275 626 1775 768 2275 768 1771 768 1767 338 2277 338 1764 338 1777 1006 2278 1006 1782 1006 1764 338 2277 338 2279 338 1782 1006 2278 1006 2280 1006 1764 631 2279 631 2281 631 1782 426 2280 426 1780 426 2281 631 2279 631 2282 631 1780 426 2280 426 2283 426 2281 631 2282 631 2157 631 2157 631 2282 631 1711 631 1711 338 2282 338 1706 338 2284 290 2285 290 2286 290 2286 290 2285 290 2287 290 2285 290 2284 290 2288 290 2286 290 2287 290 2289 290 2290 1008 2287 1008 2285 1008 2285 238 2288 238 2290 238 2288 290 2284 290 2291 290 2289 290 2292 290 2286 290 2289 290 2287 290 2293 290 2294 1008 2287 1008 2290 1008 2290 238 2288 238 2295 238 2288 290 2291 290 2296 290 2286 290 2292 290 2297 290 2294 1006 2293 1006 2287 1006 2288 338 2298 338 2295 338 2296 290 2299 290 2288 290 2296 290 2291 290 2300 290 2292 290 2301 290 2297 290 2288 290 2299 290 2298 290 2295 338 2298 338 2302 338 2303 594 2299 594 2296 594 2304 1009 2296 1009 2300 1009 2300 290 2291 290 2305 290 2306 1010 2298 1010 2299 1010 2300 238 2307 238 2304 238 2300 290 2305 290 2307 290 2291 816 1715 816 2305 816 2305 816 1715 816 1713 816 2305 1005 1713 1005 1699 1005 1701 338 2307 338 1737 338 1737 338 2307 338 2308 338 1701 338 1700 338 2307 338 1701 1011 1737 1011 1716 1011 1737 338 2308 338 1736 338 2307 338 2305 338 2308 338 1716 1011 1737 1011 1739 1011 2308 338 2305 338 2309 338 1716 1012 1739 1012 1687 1012 2309 1005 2305 1005 2310 1005 1687 1012 1739 1012 1741 1012 2310 1005 2305 1005 2311 1005 1687 1013 1741 1013 1689 1013 2310 338 2311 338 2312 338 1699 1005 2311 1005 2305 1005 1689 1013 1741 1013 1752 1013 2312 338 2311 338 2313 338 1699 338 2313 338 2311 338 1689 1014 1752 1014 1691 1014 1691 1014 1752 1014 1754 1014 2314 339 2315 339 2231 339 2231 339 2315 339 2316 339 2315 339 2314 339 2317 339 2231 339 2316 339 2232 339 2317 339 2314 339 2318 339 2317 339 2318 339 2319 339 2314 1015 2320 1015 2318 1015 2317 339 2319 339 2321 339 2319 339 2318 339 2322 339 2321 624 2286 624 2317 624 2321 339 2319 339 2323 339 2321 1016 2284 1016 2286 1016 2321 339 2323 339 2324 339 2324 1016 2284 1016 2321 1016 2324 339 2323 339 2294 339 2324 628 2291 628 2284 628 2324 339 2294 339 2290 339 2323 339 2325 339 2294 339 1715 628 2291 628 2324 628 2290 339 2295 339 2324 339 2324 339 2295 339 1715 339 1715 339 2295 339 1700 339 1700 339 2295 339 2304 339 2304 238 2307 238 1700 238 2304 339 2295 339 2302 339 2304 339 2302 339 2303 339 2303 1009 2296 1009 2304 1009 2303 339 2302 339 2306 339 2306 594 2299 594 2303 594 2302 1010 2298 1010 2306 1010 1754 238 1717 238 1691 238 1691 238 1717 238 1693 238 1694 820 1717 820 1750 820 1694 1017 1750 1017 1682 1017 1682 1017 1750 1017 1751 1017 2193 1000 1751 1000 1745 1000 1684 999 1745 999 1743 999 2195 344 1743 344 1733 344 2326 290 1733 290 1732 290 1733 290 2326 290 2327 290 1733 290 2327 290 2328 290 2327 290 2326 290 2329 290 2328 290 2327 290 2330 290 2327 290 2329 290 2331 290 2328 290 2330 290 2332 290 2333 290 2327 290 2331 290 2332 290 2330 290 2334 290 2330 1018 2335 1018 2334 1018 2336 339 2195 339 2337 339 2337 339 2195 339 2338 339 2195 344 2336 344 2194 344 2337 1019 2326 1019 2336 1019 2338 238 2195 238 2328 238 2194 344 2336 344 2339 344 2326 911 2337 911 2329 911 2336 1020 2326 1020 1732 1020 2328 238 2195 238 1733 238 2336 1021 1732 1021 2340 1021 2340 1022 1732 1022 2341 1022 2340 1022 2341 1022 2342 1022 1730 1022 2341 1022 1732 1022 2343 1022 2340 1022 2342 1022 2342 916 2341 916 2344 916 2342 916 2344 916 2345 916 2346 916 2344 916 2341 916 1696 916 2342 916 2345 916 2345 1023 2344 1023 2347 1023 2346 1024 2347 1024 2344 1024 2345 1025 2347 1025 2348 1025 2349 290 2350 290 2331 290 2331 290 2350 290 2351 290 2350 290 2349 290 2352 290 2331 1026 2353 1026 2349 1026 2331 290 2351 290 2333 290 2350 344 2354 344 2351 344 2352 290 2355 290 2350 290 2352 290 2349 290 2356 290 2333 290 2351 290 2357 290 2351 1018 2354 1018 2358 1018 2350 290 2355 290 2359 290 2352 290 2356 290 2360 290 2357 290 2351 290 2358 290 2352 290 2360 290 2361 290 2361 290 2360 290 2362 290 2361 290 2362 290 1730 290 1730 290 1729 290 2361 290 2361 290 1729 290 1760 290 2363 290 2364 290 2365 290 2365 290 2364 290 2366 290 2364 290 2363 290 1736 290 2365 290 2366 290 2367 290 1736 290 2368 290 2364 290 1736 290 2363 290 1735 290 2366 1008 2369 1008 2367 1008 2364 290 2368 290 2370 290 2370 290 2368 290 2371 290 2370 290 2371 290 2372 290 2368 1009 2373 1009 2371 1009 1726 290 1725 290 2374 290 1726 290 2374 290 1765 290 1725 290 2375 290 2374 290 1765 290 2374 290 2256 290 2374 290 2375 290 2376 290 1765 290 2256 290 2254 290 2374 290 2376 290 2377 290 2254 290 2262 290 1765 290 2254 290 2256 290 2250 290 1765 290 2262 290 2207 290 2250 290 2256 290 2255 290 1765 290 2207 290 1763 290 2262 290 2378 290 2207 290 2255 290 2256 290 2252 290 2207 290 2378 290 2379 290 2255 290 2252 290 2261 290 2207 290 2379 290 2209 290 2261 290 2252 290 2257 290 2209 290 2379 290 2380 290 2261 290 2257 290 2267 290 2380 290 2381 290 2209 290 2261 290 2267 290 2382 290 2267 290 2257 290 2263 290 2380 290 2383 290 2381 290 2382 290 2267 290 2383 290 2382 290 2383 290 2380 290 2383 290 2384 290 2381 290 2383 1002 2385 1002 2384 1002 2386 290 2387 290 2388 290 2388 290 2387 290 1760 290 2386 290 2389 290 2387 290 2388 290 1760 290 2390 290 2361 290 1760 290 2387 290 2391 1027 2389 1027 2386 1027 2387 290 2389 290 2392 290 2390 290 1760 290 2393 290 2391 1028 2386 1028 2394 1028 2392 290 2389 290 2395 290 2393 290 1760 290 2094 290 2394 909 2386 909 2396 909 2392 290 2395 290 2397 290 2393 290 2094 290 2398 290 2094 344 1760 344 1035 344 2394 909 2396 909 2399 909 2398 290 2094 290 2092 290 2399 916 2396 916 2400 916 2399 916 2400 916 2401 916 2401 1029 2400 1029 2402 1029 2403 339 2169 339 2276 339 2276 339 2169 339 2404 339 2403 339 2405 339 2169 339 1778 624 2403 624 2276 624 2276 339 2404 339 1781 339 1770 500 2404 500 2169 500 1772 632 2405 632 2403 632 2169 339 2405 339 2162 339 1778 626 2276 626 1775 626 1772 624 2403 624 1778 624 1781 339 2283 339 2276 339 1781 339 2404 339 2406 339 1774 500 2404 500 1770 500 1768 632 2405 632 1772 632 2162 339 2405 339 2281 339 2283 338 1781 338 1780 338 2276 339 2283 339 2278 339 1779 497 1781 497 2406 497 1774 510 2406 510 2404 510 2405 625 1768 625 2281 625 2281 338 2157 338 2162 338 1780 338 1781 338 1776 338 2283 339 2280 339 2278 339 1779 510 2406 510 1774 510 2281 625 1768 625 1766 625 2281 631 1766 631 1764 631 1873 362 2407 362 2408 362 2408 362 2407 362 1872 362 2407 238 1873 238 2409 238 2408 344 1860 344 1873 344 296 339 2408 339 1872 339 1868 338 1872 338 2407 338 1875 338 2407 338 2409 338 2409 238 1873 238 1874 238 1856 339 1860 339 2408 339 296 339 1872 339 302 339 290 339 2408 339 296 339 1868 338 2407 338 1875 338 1874 339 1875 339 2409 339 1856 339 2408 339 284 339 302 339 1872 339 2018 339 284 339 2408 339 290 339 302 339 2018 339 2011 339 1872 339 2025 339 2018 339 302 339 2011 339 311 339 2011 339 2018 339 2410 339 2011 339 2410 339 2411 339 2411 339 2412 339 2011 339 2011 339 2412 339 2413 339 2413 339 2412 339 2414 339 2413 339 2414 339 2415 339 2415 339 2414 339 2416 339 2059 1030 2057 1030 2417 1030 2417 1030 2057 1030 2064 1030 2065 339 2059 339 2417 339 2417 893 2064 893 2418 893 2065 339 2417 339 2419 339 2419 339 2417 339 2418 339 2418 893 2064 893 2420 893 2065 339 2419 339 2421 339 2418 701 2420 701 2419 701 2421 339 2419 339 2422 339 2419 701 2420 701 2423 701 2421 339 2422 339 2424 339 2419 344 2425 344 2422 344 2423 344 2425 344 2419 344 2424 339 2422 339 2426 339 2422 704 2425 704 2427 704 2424 339 2426 339 2428 339 2422 339 2427 339 2426 339 2427 704 2425 704 2429 704 2424 339 2428 339 2430 339 2426 903 2431 903 2428 903 2427 895 2429 895 2426 895 2430 339 2428 339 2037 339 2426 895 2429 895 2431 895 2428 903 2431 903 2432 903 2430 339 2037 339 2433 339 2433 339 2037 339 1876 339 1876 339 2037 339 1872 339 2103 290 1890 290 2100 290 2100 290 1890 290 2434 290 2100 1031 1888 1031 2103 1031 2100 290 2434 290 2435 290 1890 344 1889 344 2434 344 2103 1032 1888 1032 1886 1032 2435 290 2097 290 2100 290 2435 290 2434 290 2436 290 2434 520 1889 520 2436 520 2103 1033 1886 1033 2101 1033 2435 693 2437 693 2097 693 2436 702 2438 702 2435 702 2101 1034 1886 1034 1882 1034 2101 1035 1882 1035 2105 1035 2105 1036 1882 1036 1880 1036 2439 339 2440 339 1892 339 1892 339 2440 339 2441 339 2439 344 2442 344 2440 344 1892 1019 2095 1019 2439 1019 1892 339 2441 339 1889 339 2439 1020 2095 1020 2091 1020 1889 339 2441 339 2438 339 2439 1021 2091 1021 2443 1021 2436 520 1889 520 2438 520 2438 339 2441 339 2437 339 2443 909 2091 909 2096 909 2435 702 2438 702 2437 702 2097 693 2437 693 2441 693 2443 909 2096 909 2444 909 2444 916 2096 916 1902 916 2444 916 1902 916 2445 916 1899 916 1902 916 2096 916 2445 880 1902 880 1897 880 2445 1037 1897 1037 1900 1037 2446 290 2447 290 1904 290 1904 290 2447 290 2448 290 2449 290 2447 290 2446 290 2446 344 1904 344 2450 344 1904 290 2448 290 1898 290 2451 1038 2448 1038 2447 1038 2452 1039 2447 1039 2449 1039 2450 344 1904 344 2453 344 1903 1040 1898 1040 2448 1040 2451 1041 2447 1041 2452 1041 1903 1042 2448 1042 2451 1042 2453 704 1904 704 2454 704 2454 704 1904 704 1906 704 2454 396 1906 396 2455 396 2455 396 1906 396 1907 396 2455 744 1907 744 2456 744 2456 744 1907 744 1901 744 1901 239 1895 239 2456 239 2456 239 1895 239 1896 239 2457 339 2450 339 2458 339 2458 339 2450 339 2452 339 2450 339 2453 339 2452 339 2452 339 2453 339 2451 339 2451 339 2453 339 2455 339 2451 339 2455 339 2456 339 2453 339 2454 339 2455 339 2451 339 2456 339 1903 339 1903 339 2456 339 1896 339 1903 339 1896 339 1900 339 1900 339 1896 339 2445 339 2445 339 1896 339 2084 339 2445 339 2084 339 2090 339 1896 339 2088 339 2084 339 2090 339 2153 339 2445 339 2090 339 2084 339 2086 339 2445 339 2153 339 2459 339 1933 290 2460 290 1932 290 1932 290 2460 290 2073 290 2077 728 2460 728 1933 728 2073 290 2460 290 2461 290 2077 729 1933 729 2075 729 1940 730 2460 730 2077 730 2073 290 2461 290 2079 290 2460 290 1939 290 2461 290 2075 504 1933 504 1935 504 1940 731 1939 731 2460 731 2079 290 2461 290 2462 290 2461 290 1939 290 1912 290 2075 757 1935 757 1938 757 2079 290 2462 290 2081 290 2462 338 2461 338 2078 338 2461 290 1912 290 2463 290 1938 757 1935 757 1937 757 2078 753 2081 753 2462 753 2078 338 2461 338 1941 338 2461 239 2463 239 1941 239 2463 290 1912 290 1915 290 1941 239 2463 239 2464 239 2463 290 1915 290 2465 290 2464 339 1924 339 1941 339 2464 884 2463 884 2466 884 2466 884 2463 884 2465 884 2465 290 1915 290 2467 290 1924 339 2464 339 1917 339 1917 339 2464 339 2466 339 2466 7 2465 7 2468 7 2468 7 2465 7 2467 7 1917 740 2467 740 1915 740 1917 339 2466 339 2468 339 2468 740 2467 740 1917 740 2469 290 2470 290 2034 290 2034 290 2470 290 2471 290 2470 290 2469 290 2472 290 2473 890 2469 890 2034 890 2034 290 2471 290 2474 290 2472 290 2469 290 2475 290 2473 891 2034 891 2036 891 2476 890 2469 890 2473 890 2474 290 2477 290 2034 290 2474 290 2471 290 2478 290 2472 290 2475 290 2479 290 2476 751 2475 751 2469 751 2034 290 2477 290 2035 290 2479 290 2480 290 2472 290 2479 290 2475 290 2481 290 2411 751 2475 751 2476 751 2477 290 2482 290 2035 290 2415 894 2480 894 2479 894 2472 290 2480 290 2483 290 2413 888 2479 888 2481 888 2481 290 2475 290 2013 290 2475 749 2411 749 2013 749 2415 888 2479 888 2413 888 2416 894 2480 894 2415 894 2472 344 2483 344 2412 344 2416 704 2483 704 2480 704 2481 239 2010 239 2413 239 2481 290 2013 290 2010 290 2013 749 2411 749 2410 749 2412 344 2483 344 2414 344 2414 704 2483 704 2416 704 2413 239 2010 239 2011 239 2013 750 2410 750 2018 750 2484 1043 935 1043 2485 1043 2485 1043 935 1043 950 1043 2017 239 935 239 2484 239 276 339 2484 339 2485 339 2485 1044 950 1044 2486 1044 294 339 2017 339 2484 339 276 339 2485 339 2486 339 282 339 2484 339 276 339 2486 1044 950 1044 951 1044 294 339 2484 339 288 339 2486 339 2072 339 276 339 288 339 2484 339 282 339 2486 1045 951 1045 2487 1045 2487 339 2072 339 2486 339 276 339 2072 339 270 339 2487 1045 951 1045 936 1045 2487 1046 936 1046 2072 1046 2072 1046 936 1046 937 1046 2031 900 2030 900 2488 900 2488 900 2030 900 2035 900 2036 339 2031 339 2488 339 2488 893 2035 893 2489 893 2036 339 2488 339 2490 339 2490 339 2488 339 2489 339 2489 893 2035 893 2482 893 2036 339 2490 339 2473 339 2489 701 2482 701 2490 701 2473 339 2490 339 2491 339 2490 701 2482 701 2477 701 2473 339 2491 339 2476 339 2490 344 2474 344 2491 344 2477 344 2474 344 2490 344 2476 339 2491 339 2492 339 2491 704 2474 704 2493 704 2476 339 2492 339 2494 339 2491 339 2493 339 2492 339 2493 704 2474 704 2478 704 2494 339 2412 339 2476 339 2492 888 2471 888 2494 888 2493 895 2478 895 2492 895 2494 239 2472 239 2412 239 2476 339 2412 339 2411 339 2492 895 2478 895 2471 895 2494 888 2471 888 2470 888 2470 239 2472 239 2494 239 2495 290 2432 290 2063 290 2063 290 2432 290 2431 290 2495 290 2496 290 2432 290 2421 748 2495 748 2063 748 2063 290 2431 290 2425 290 2424 751 2496 751 2495 751 2432 290 2496 290 2042 290 2421 904 2063 904 2065 904 2424 748 2495 748 2421 748 2425 290 2423 290 2063 290 2425 290 2431 290 2429 290 2430 751 2496 751 2424 751 2432 239 2042 239 2428 239 2042 290 2496 290 2497 290 2063 290 2423 290 2064 290 2496 749 2430 749 2497 749 2428 239 2042 239 2037 239 2497 344 2038 344 2042 344 2423 290 2420 290 2064 290 2497 749 2430 749 2433 749 2037 239 2042 239 1504 239 2038 750 2497 750 2045 750 2497 750 2433 750 1876 750 2045 750 2497 750 2498 750 1876 750 2498 750 2497 750 2045 344 2498 344 2047 344 1876 344 2050 344 2498 344 2047 344 2498 344 2050 344 2499 290 2500 290 2446 290 2446 290 2500 290 2501 290 2499 290 2502 290 2500 290 2450 520 2499 520 2446 520 2446 290 2501 290 2449 290 2500 290 2503 290 2501 290 2504 1047 2449 1047 2501 1047 2501 290 2503 290 2442 290 2504 1048 2501 1048 2505 1048 2505 1049 2501 1049 2442 1049 2440 344 2442 344 2503 344 2503 238 2092 238 2440 238 2440 238 2092 238 2097 238 2440 238 2097 238 2441 238 2155 964 2156 964 2506 964 2506 965 2156 965 2507 965 2508 967 2155 967 2506 967 2506 968 2507 968 2509 968 2130 969 2507 969 2156 969 2508 971 2506 971 2509 971 2154 972 2155 972 2508 972 2509 973 2507 973 2510 973 2130 339 2156 339 1647 339 2129 969 2507 969 2130 969 2511 975 2508 975 2509 975 2508 976 2512 976 2154 976 2509 978 2510 978 2141 978 2129 362 2510 362 2507 362 2509 979 2141 979 2511 979 2511 980 2513 980 2508 980 2508 981 2513 981 2512 981 2512 648 2151 648 2154 648 2136 931 2141 931 2510 931 2136 362 2510 362 2129 362 2511 984 2141 984 2514 984 2511 985 2514 985 2513 985 2141 988 2177 988 2514 988 2141 238 2138 238 2177 238 2515 339 2505 339 2516 339 2516 339 2505 339 2517 339 2516 339 2517 339 2459 339 2505 1050 2442 1050 2517 1050 2459 339 2153 339 2516 339 2517 909 2518 909 2459 909 2517 1051 2442 1051 2518 1051 2153 339 2519 339 2516 339 2459 909 2518 909 2444 909 2442 1021 2439 1021 2518 1021 2519 344 2153 344 2512 344 2459 916 2444 916 2445 916 2518 909 2443 909 2444 909 2518 1021 2439 1021 2443 1021 2512 344 2153 344 2151 344 2236 290 2520 290 2166 290 2166 290 2520 290 2242 290 2236 290 2238 290 2520 290 2233 626 2236 626 2166 626 2166 290 2242 290 2521 290 2239 518 2242 518 2520 518 2520 290 2238 290 2274 290 2521 290 2174 290 2166 290 2521 290 2242 290 2243 290 2520 238 2274 238 2239 238 2274 290 2238 290 2244 290 2174 338 2521 338 2173 338 2166 290 2174 290 2167 290 2240 426 2521 426 2243 426 2237 1006 2243 1006 2242 1006 2239 238 2274 238 1704 238 2244 338 2270 338 2274 338 2238 1004 2241 1004 2244 1004 2173 338 2521 338 2234 338 2174 290 2172 290 2167 290 2234 426 2521 426 2240 426 1704 238 2274 238 1763 238 2270 1005 2244 1005 2277 1005 2277 1005 2244 1005 2245 1005 2277 338 2245 338 2279 338 2279 338 2245 338 2282 338 1706 338 2282 338 2245 338 2522 339 2523 339 2524 339 2524 339 2523 339 2525 339 2523 339 2522 339 2526 339 2524 339 2525 339 2527 339 2523 1052 2528 1052 2525 1052 2526 339 2529 339 2523 339 2526 339 2522 339 2530 339 2525 1048 2531 1048 2527 1048 2525 1047 2528 1047 2531 1047 2523 339 2529 339 2532 339 2526 339 2530 339 2533 339 2532 339 2529 339 2534 339 2532 339 2534 339 2535 339 2535 339 2534 339 2348 339 2348 339 2534 339 2536 339 2348 339 2536 339 2345 339 2345 339 2536 339 1696 339 1696 339 2536 339 1697 339 2536 339 2537 339 1697 339 1697 339 2537 339 2538 339 1697 339 2538 339 2176 339 2176 339 2538 339 2539 339 2176 339 2539 339 2178 339 2516 339 2519 339 2540 339 2540 339 2519 339 2541 339 2398 344 2516 344 2540 344 2540 339 2541 339 2179 339 2512 986 2541 986 2519 986 2179 339 2542 339 2540 339 2179 339 2541 339 2543 339 2513 986 2541 986 2512 986 2179 339 2543 339 2177 339 2513 826 2543 826 2541 826 2514 988 2177 988 2543 988 2514 826 2543 826 2513 826 2544 339 2545 339 2178 339 2178 339 2545 339 2546 339 2547 339 2545 339 2544 339 2178 339 2546 339 2179 339 2545 1053 2548 1053 2546 1053 2547 1054 2549 1054 2545 1054 2546 909 2550 909 2179 909 2545 1055 2549 1055 2548 1055 2546 1028 2548 1028 2550 1028 2179 909 2550 909 2551 909 2548 1028 2552 1028 2550 1028 2179 916 2551 916 2542 916 2550 909 2553 909 2551 909 2550 1056 2552 1056 2553 1056 2184 601 2554 601 1697 601 1697 601 2554 601 1677 601 2554 239 2184 239 2555 239 1697 338 2176 338 2184 338 2181 344 1677 344 2554 344 2186 344 2554 344 2555 344 2555 239 2184 239 2185 239 2181 344 2554 344 2186 344 2185 339 2186 339 2555 339 2339 290 2531 290 2194 290 2194 290 2531 290 2556 290 2527 1049 2531 1049 2339 1049 2194 238 2556 238 1685 238 2556 290 2531 290 2557 290 2556 290 2557 290 2558 290 2531 290 2528 290 2557 290 2558 290 2557 290 2559 290 2557 290 2528 290 2560 290 2558 290 2559 290 2561 290 2559 344 2557 344 2562 344 2557 290 2560 290 2563 290 2557 238 2563 238 2524 238 2563 290 2560 290 2564 290 2524 238 2563 238 2522 238 2563 290 2564 290 2565 290 2522 1057 2563 1057 2530 1057 2530 1057 2563 1057 2565 1057 2565 290 2564 290 2566 290 2530 702 2565 702 2533 702 2533 702 2565 702 2566 702 2526 1058 2566 1058 2564 1058 2533 1058 2566 1058 2526 1058 2567 339 2524 339 1685 339 1685 339 2524 339 2527 339 2524 339 2567 339 2562 339 1685 238 2556 238 2567 238 1685 339 2527 339 1695 339 2562 344 2557 344 2524 344 2562 339 2567 339 2568 339 2567 1059 2556 1059 2568 1059 2527 1050 2339 1050 1695 1050 2562 339 2568 339 2569 339 2568 1059 2556 1059 2558 1059 1695 1051 2339 1051 2343 1051 2569 1058 2561 1058 2562 1058 2568 702 2558 702 2569 702 1695 1022 2343 1022 1696 1022 2339 1021 2336 1021 2343 1021 2569 702 2558 702 2561 702 2562 1058 2561 1058 2559 1058 1696 1022 2343 1022 2342 1022 2343 1021 2336 1021 2340 1021 2570 339 2212 339 2258 339 2258 339 2212 339 2571 339 2570 339 2572 339 2212 339 2382 624 2570 624 2258 624 2258 339 2571 339 2385 339 2209 500 2571 500 2212 500 2380 632 2572 632 2570 632 2212 339 2572 339 2203 339 2382 626 2258 626 2261 626 2380 624 2570 624 2382 624 2385 339 2269 339 2258 339 2385 339 2571 339 2573 339 2381 500 2571 500 2209 500 2379 632 2572 632 2380 632 2203 339 2572 339 2266 339 2269 338 2385 338 2267 338 2258 339 2269 339 2260 339 2384 1002 2385 1002 2573 1002 2381 510 2573 510 2571 510 2572 1001 2379 1001 2266 1001 2266 338 2198 338 2203 338 2267 338 2385 338 2383 338 2269 339 2265 339 2260 339 2384 510 2573 510 2381 510 2266 1001 2379 1001 2378 1001 2266 1003 2378 1003 2262 1003 2221 290 2574 290 2208 290 2208 290 2574 290 2575 290 2221 290 2226 290 2574 290 2218 626 2221 626 2208 626 2208 290 2575 290 2576 290 2223 518 2575 518 2574 518 2220 628 2226 628 2221 628 2574 290 2226 290 2251 290 2576 290 2217 290 2208 290 2576 290 2575 290 2577 290 2574 238 2251 238 2223 238 2222 518 2575 518 2223 518 2251 290 2226 290 2229 290 2217 338 2576 338 2216 338 2208 290 2217 290 2210 290 2224 1007 2576 1007 2577 1007 2222 594 2577 594 2575 594 2223 238 2251 238 2227 238 2229 338 2246 338 2251 338 2226 1004 2225 1004 2229 1004 2216 338 2576 338 2219 338 2217 290 2215 290 2210 290 2224 594 2577 594 2222 594 2219 1007 2576 1007 2224 1007 2227 238 2251 238 2256 238 2246 1005 2229 1005 2259 1005 2259 1005 2229 1005 2230 1005 2259 338 2230 338 2264 338 2264 338 2230 338 2268 338 1710 338 2268 338 2230 338 2578 290 2579 290 2580 290 2580 290 2579 290 2320 290 2316 1060 2579 1060 2578 1060 2581 338 2578 338 2580 338 2320 239 2314 239 2580 239 2320 290 2579 290 2582 290 2315 1060 2579 1060 2316 1060 2580 239 2374 239 2581 239 2580 239 2314 239 2231 239 2320 290 2582 290 2286 290 2315 623 2582 623 2579 623 2580 239 2231 239 2374 239 2581 239 2374 239 2377 239 2286 290 2297 290 2320 290 2317 624 2286 624 2582 624 2317 623 2582 623 2315 623 2374 338 2231 338 2256 338 2318 1015 2320 1015 2297 1015 2256 338 2231 338 2227 338 2318 1061 2297 1061 2322 1061 2322 1061 2297 1061 2301 1061 2322 497 2301 497 2319 497 2319 497 2301 497 2292 497 2292 338 2289 338 2319 338 2319 338 2289 338 2323 338 2323 426 2289 426 2325 426 2325 426 2289 426 2293 426 2325 1006 2293 1006 2294 1006 2583 339 2584 339 2585 339 2585 339 2584 339 2586 339 2583 339 2587 339 2584 339 2585 339 2586 339 2588 339 2377 1015 2586 1015 2584 1015 2584 339 2587 339 2581 339 2588 339 2589 339 2585 339 2588 339 2586 339 2590 339 2581 239 2377 239 2584 239 2591 1015 2586 1015 2377 1015 2581 339 2587 339 2592 339 2589 338 2588 338 2593 338 2591 1061 2590 1061 2586 1061 2592 338 2578 338 2581 338 2587 1060 2376 1060 2592 1060 2592 1003 2313 1003 2578 1003 2592 1060 2376 1060 2375 1060 2592 1003 2312 1003 2313 1003 2578 1003 2313 1003 2232 1003 2592 1003 2375 1003 1725 1003 1725 1003 2312 1003 2592 1003 2578 1003 2232 1003 2316 1003 2232 338 2313 338 1699 338 2308 339 2309 339 2373 339 2373 339 2309 339 2594 339 2308 238 2373 238 1736 238 2373 339 2594 339 2595 339 1736 238 2373 238 2368 238 2371 1009 2373 1009 2595 1009 2595 339 2594 339 2596 339 2371 594 2595 594 2372 594 2595 339 2596 339 2597 339 2594 339 2598 339 2596 339 2372 594 2595 594 2597 594 2597 339 2596 339 2599 339 2596 339 2598 339 2369 339 2372 1010 2597 1010 2370 1010 2370 1010 2597 1010 2599 1010 2599 338 2596 338 2370 338 2596 238 2369 238 2364 238 2369 339 2598 339 2585 339 2370 338 2596 338 2364 338 2364 238 2369 238 2366 238 2369 339 2585 339 2600 339 2367 1008 2369 1008 2600 1008 2600 339 2585 339 2589 339 2600 339 2589 339 2601 339 2365 290 2593 290 2602 290 2602 290 2593 290 2603 290 2602 1016 2585 1016 2365 1016 2602 290 2603 290 2604 290 2593 338 2588 338 2603 338 2602 624 2583 624 2585 624 2365 1016 2585 1016 2598 1016 2604 624 2583 624 2602 624 2604 290 2603 290 2591 290 2603 497 2588 497 2605 497 2365 768 2598 768 2363 768 2604 632 2587 632 2583 632 2604 290 2591 290 2377 290 2603 290 2605 290 2591 290 2605 497 2588 497 2590 497 2363 768 2598 768 2594 768 2376 632 2587 632 2604 632 2377 290 2376 290 2604 290 2605 1061 2590 1061 2591 1061 2363 816 2594 816 1735 816 1735 816 2594 816 2309 816 1735 1005 2309 1005 1727 1005 1727 1005 2309 1005 2310 1005 1727 338 2310 338 1725 338 1725 338 2310 338 2312 338 2606 339 2335 339 2607 339 2607 339 2335 339 2608 339 2334 1018 2335 1018 2606 1018 2332 702 2606 702 2607 702 2608 344 2335 344 2327 344 2334 702 2606 702 2332 702 2332 1059 2607 1059 2328 1059 2333 238 2608 238 2327 238 2327 344 2335 344 2330 344 2328 1059 2607 1059 2338 1059 2609 339 2608 339 2353 339 2353 339 2608 339 2610 339 2609 339 2337 339 2608 339 2331 1062 2609 1062 2353 1062 2353 339 2610 339 2354 339 2610 238 2608 238 2333 238 2329 913 2337 913 2609 913 2608 339 2337 339 2338 339 2329 1063 2609 1063 2331 1063 2354 339 2611 339 2353 339 2354 339 2610 339 2612 339 2333 1057 2612 1057 2610 1057 2608 339 2338 339 2607 339 2611 344 2354 344 2350 344 2354 339 2612 339 2613 339 2357 1057 2612 1057 2333 1057 2358 1018 2354 1018 2613 1018 2357 702 2613 702 2612 702 2358 702 2613 702 2357 702 2614 339 2615 339 2616 339 2616 339 2615 339 2617 339 2360 1064 2615 1064 2614 1064 2618 344 2614 344 2616 344 2352 239 2616 239 2617 239 2617 339 2615 339 2619 339 2360 1065 2614 1065 2362 1065 2356 1066 2615 1066 2360 1066 2361 239 2618 239 2616 239 2352 1067 2617 1067 2355 1067 2361 239 2616 239 2352 239 2617 339 2619 339 2353 339 2356 1068 2619 1068 2615 1068 2362 1024 2614 1024 2346 1024 2353 339 2611 339 2617 339 2349 1069 2353 1069 2619 1069 2349 1070 2619 1070 2356 1070 2362 916 2346 916 1730 916 2614 1024 2347 1024 2346 1024 1730 916 2346 916 2341 916 2620 290 2621 290 2560 290 2560 290 2621 290 2622 290 2620 290 2623 290 2621 290 2532 1071 2620 1071 2560 1071 2560 290 2622 290 2564 290 2621 290 2624 290 2622 290 2535 1072 2623 1072 2620 1072 2621 290 2623 290 2618 290 2532 1041 2560 1041 2523 1041 2535 1073 2620 1073 2532 1073 2564 344 2622 344 2526 344 2622 290 2624 290 2625 290 2348 1074 2623 1074 2535 1074 2621 239 2618 239 2534 239 2618 290 2623 290 2347 290 2523 1075 2560 1075 2528 1075 2526 344 2622 344 2529 344 2348 1076 2347 1076 2623 1076 2534 239 2618 239 2536 239 2347 344 2614 344 2618 344 2536 239 2618 239 2361 239 2626 339 2627 339 2611 339 2611 339 2627 339 2617 339 2359 396 2627 396 2626 396 2350 1077 2626 1077 2611 1077 2355 1067 2617 1067 2627 1067 2359 1077 2626 1077 2350 1077 2355 396 2627 396 2359 396 2628 290 2593 290 2367 290 2367 290 2593 290 2365 290 2628 426 2601 426 2593 426 2367 1006 2600 1006 2628 1006 2628 1006 2600 1006 2601 1006 2593 426 2601 426 2589 426 2629 339 2630 339 2631 339 2631 339 2630 339 2632 339 2633 1078 2630 1078 2629 1078 2634 344 2629 344 2631 344 2635 239 2631 239 2632 239 2632 339 2630 339 2636 339 2633 1079 2629 1079 2637 1079 2638 1080 2630 1080 2633 1080 2390 239 2634 239 2631 239 2635 1081 2632 1081 2639 1081 2390 239 2631 239 2635 239 2632 339 2636 339 2640 339 2638 1082 2636 1082 2630 1082 2637 1029 2629 1029 2641 1029 2642 1032 2640 1032 2636 1032 2642 1083 2636 1083 2638 1083 2637 916 2641 916 2388 916 2388 916 2641 916 2396 916 2388 909 2396 909 2386 909 2642 290 2643 290 2397 290 2397 290 2643 290 2644 290 2643 290 2642 290 2635 290 2397 1031 2640 1031 2642 1031 2397 290 2644 290 2392 290 2643 344 2645 344 2644 344 2635 290 2639 290 2643 290 2635 290 2642 290 2638 290 2392 290 2644 290 2646 290 2644 1018 2645 1018 2647 1018 2643 290 2639 290 2648 290 2635 290 2638 290 2633 290 2646 290 2644 290 2647 290 2635 290 2633 290 2390 290 2390 290 2633 290 2637 290 2390 290 2637 290 2388 290 2649 290 2650 290 2651 290 2651 290 2650 290 2652 290 2653 344 2649 344 2651 344 2652 238 2654 238 2651 238 2652 290 2650 290 2655 290 2651 238 2387 238 2653 238 2651 238 2654 238 2537 238 2652 290 2655 290 2656 290 2657 1084 2655 1084 2650 1084 2651 238 2537 238 2387 238 2653 238 2387 238 2392 238 2658 1039 2656 1039 2655 1039 2658 1085 2655 1085 2657 1085 2387 344 2537 344 2361 344 2653 238 2392 238 2659 238 2361 344 2537 344 2536 344 2660 339 2659 339 2640 339 2640 339 2659 339 2645 339 2660 339 2661 339 2659 339 2397 914 2660 914 2640 914 2640 339 2645 339 2662 339 2659 339 2663 339 2645 339 2395 1086 2661 1086 2660 1086 2659 339 2661 339 2653 339 2395 1087 2660 1087 2397 1087 2662 344 2645 344 2643 344 2392 1088 2663 1088 2659 1088 2645 339 2663 339 2664 339 2389 1089 2661 1089 2395 1089 2653 339 2661 339 2391 339 2646 1088 2663 1088 2392 1088 2647 1018 2645 1018 2664 1018 2646 1090 2664 1090 2663 1090 2661 1091 2389 1091 2391 1091 2391 344 2649 344 2653 344 2647 1090 2664 1090 2646 1090 2548 290 2549 290 2665 290 2665 290 2549 290 2666 290 2667 344 2548 344 2665 344 2666 238 2544 238 2665 238 2666 290 2549 290 2668 290 2665 238 2393 238 2667 238 2665 238 2544 238 2178 238 2666 290 2668 290 2669 290 2547 1084 2668 1084 2549 1084 2665 238 2178 238 2393 238 2667 238 2393 238 2670 238 2669 290 2671 290 2666 290 2672 1039 2669 1039 2668 1039 2672 1085 2668 1085 2547 1085 2393 344 2178 344 2390 344 2667 238 2670 238 2673 238 2390 344 2178 344 2539 344 2654 339 2674 339 2537 339 2537 339 2674 339 2675 339 2657 339 2674 339 2654 339 2537 339 2675 339 2538 339 2674 1053 2649 1053 2675 1053 2657 1054 2650 1054 2674 1054 2675 909 2676 909 2538 909 2674 1055 2650 1055 2649 1055 2675 1028 2649 1028 2676 1028 2538 909 2676 909 2399 909 2649 1028 2391 1028 2676 1028 2538 916 2399 916 2401 916 2676 909 2394 909 2399 909 2676 1056 2391 1056 2394 1056 2677 290 2393 290 2678 290 2678 290 2393 290 2398 290 2677 290 2679 290 2393 290 2678 290 2398 290 2680 290 2393 290 2679 290 2670 290 2680 290 2398 290 2681 290 2670 290 2679 290 2682 290 2681 290 2398 290 2683 290 2670 290 2682 290 2684 290 2679 1089 2685 1089 2682 1089 2681 290 2683 290 2686 290 2684 290 2687 290 2670 290 2682 1087 2688 1087 2684 1087 2682 1086 2685 1086 2688 1086 2686 290 2683 290 2689 290 2684 290 2690 290 2687 290 2670 290 2687 290 2691 290 2684 914 2688 914 2692 914 2689 290 2683 290 2693 290 2689 290 2690 290 2684 290 2691 290 2687 290 2694 290 2684 1031 2692 1031 2689 1031 2689 290 2693 290 2690 290 2687 1018 2695 1018 2694 1018 2690 290 2693 290 2696 290 2458 339 2452 339 2515 339 2515 339 2452 339 2504 339 2515 693 2500 693 2458 693 2515 339 2504 339 2505 339 2452 1092 2449 1092 2504 1092 2500 238 2515 238 2503 238 2458 693 2500 693 2502 693 2503 238 2515 238 2516 238 2458 702 2502 702 2457 702 2503 238 2516 238 2092 238 2457 702 2502 702 2499 702 2092 344 2516 344 2398 344 2457 520 2499 520 2450 520 2697 290 2698 290 2656 290 2656 290 2698 290 2699 290 2697 290 2700 290 2698 290 2701 1038 2697 1038 2656 1038 2656 290 2699 290 2702 290 2698 290 2703 290 2699 290 2704 1093 2700 1093 2697 1093 2698 290 2700 290 2634 290 2699 290 2703 290 2705 290 2706 1094 2700 1094 2704 1094 2698 239 2634 239 2707 239 2634 290 2700 290 2402 290 2706 1095 2402 1095 2700 1095 2707 239 2634 239 2539 239 2402 344 2629 344 2634 344 2539 239 2634 239 2390 239 2629 1029 2402 1029 2641 1029 2641 1096 2402 1096 2400 1096 2641 916 2400 916 2396 916 2708 339 2709 339 2654 339 2654 339 2709 339 2658 339 2708 339 2710 339 2709 339 2654 1088 2652 1088 2708 1088 2654 339 2658 339 2657 339 2709 339 2711 339 2658 339 2658 339 2711 339 2701 339 2701 1041 2656 1041 2658 1041 2701 339 2711 339 2707 339 2701 339 2707 339 2704 339 2704 1097 2697 1097 2701 1097 2704 339 2707 339 2706 339 2706 339 2707 339 2539 339 2706 339 2539 339 2401 339 2401 1098 2402 1098 2706 1098 2401 339 2539 339 2538 339 2712 339 2713 339 2529 339 2529 339 2713 339 2534 339 2712 396 2625 396 2713 396 2529 1099 2622 1099 2712 1099 2713 1067 2624 1067 2534 1067 2712 1099 2622 1099 2625 1099 2713 396 2625 396 2624 396 2534 1067 2624 1067 2621 1067 2540 339 2714 339 2715 339 2715 339 2714 339 2716 339 2540 339 2542 339 2714 339 2715 239 2717 239 2540 239 2715 339 2716 339 2718 339 2714 882 2719 882 2716 882 2542 1037 2720 1037 2714 1037 2540 239 2717 239 2398 239 2716 1042 2721 1042 2718 1042 2714 881 2720 881 2719 881 2716 1040 2719 1040 2721 1040 2718 1038 2721 1038 2669 1038 2718 1041 2669 1041 2672 1041 2722 339 2723 339 2544 339 2544 339 2723 339 2672 339 2722 339 2724 339 2723 339 2544 1088 2666 1088 2722 1088 2544 339 2672 339 2547 339 2723 339 2725 339 2672 339 2672 339 2725 339 2718 339 2718 339 2725 339 2726 339 2718 339 2726 339 2715 339 2725 339 2727 339 2726 339 2726 744 2728 744 2715 744 2727 396 2729 396 2726 396 2688 339 2673 339 2692 339 2692 339 2673 339 2695 339 2688 339 2685 339 2673 339 2692 339 2695 339 2730 339 2673 339 2731 339 2695 339 2673 339 2685 339 2667 339 2730 344 2695 344 2690 344 2670 1088 2731 1088 2673 1088 2695 339 2731 339 2732 339 2667 339 2685 339 2552 339 2690 344 2695 344 2687 344 2691 1088 2731 1088 2670 1088 2694 1018 2695 1018 2732 1018 2691 702 2732 702 2731 702 2552 344 2548 344 2667 344 2685 1091 2679 1091 2552 1091 2694 702 2732 702 2691 702 2552 1027 2679 1027 2677 1027 2552 1028 2677 1028 2553 1028 2553 909 2677 909 2733 909 2553 909 2733 909 2551 909 2551 916 2733 916 2734 916 2551 916 2734 916 2542 916 2542 880 2734 880 2720 880 2735 339 2736 339 2662 339 2662 339 2736 339 2632 339 2648 1100 2736 1100 2735 1100 2643 1077 2735 1077 2662 1077 2662 339 2632 339 2640 339 2639 1081 2632 1081 2736 1081 2648 1077 2735 1077 2643 1077 2639 1100 2736 1100 2648 1100 2737 290 2738 290 2702 290 2702 290 2738 290 2652 290 2710 1090 2738 1090 2737 1090 2709 1058 2737 1058 2702 1058 2702 290 2652 290 2656 290 2708 1088 2652 1088 2738 1088 2710 1058 2737 1058 2709 1058 2708 1090 2738 1090 2710 1090 2702 344 2699 344 2709 344 2709 344 2699 344 2711 344 2721 290 2739 290 2669 290 2669 290 2739 290 2728 290 2721 290 2719 290 2739 290 2669 290 2728 290 2740 290 2715 744 2728 744 2739 744 2739 290 2719 290 2717 290 2740 290 2671 290 2669 290 2740 290 2728 290 2729 290 2739 239 2717 239 2715 239 2717 290 2719 290 2720 290 2727 704 2740 704 2729 704 2726 396 2729 396 2728 396 2720 344 2741 344 2717 344 2741 880 2720 880 2742 880 2742 880 2720 880 2734 880 2742 916 2734 916 2733 916 2743 290 2744 290 2671 290 2671 290 2744 290 2666 290 2724 702 2744 702 2743 702 2723 1058 2743 1058 2671 1058 2722 1088 2666 1088 2744 1088 2724 1058 2743 1058 2723 1058 2722 702 2744 702 2724 702 2671 344 2740 344 2723 344 2723 344 2740 344 2725 344 2725 704 2740 704 2727 704 2741 339 2745 339 2746 339 2746 339 2745 339 2747 339 2681 1036 2745 1036 2741 1036 2717 344 2741 344 2746 344 2683 239 2746 239 2747 239 2747 339 2745 339 2748 339 2681 915 2741 915 2680 915 2686 1035 2745 1035 2681 1035 2398 239 2717 239 2746 239 2683 744 2747 744 2693 744 2398 239 2746 239 2683 239 2747 339 2748 339 2692 339 2686 1034 2748 1034 2745 1034 2680 880 2741 880 2742 880 2689 1032 2692 1032 2748 1032 2689 1033 2748 1033 2686 1033 2680 916 2742 916 2678 916 2678 916 2742 916 2733 916 2678 909 2733 909 2677 909 2749 339 2750 339 2730 339 2730 339 2750 339 2692 339 2696 396 2750 396 2749 396 2690 704 2749 704 2730 704 2750 339 2747 339 2692 339 2696 704 2749 704 2690 704 2693 396 2750 396 2696 396 2693 744 2747 744 2750 744 2751 339 2752 339 2711 339 2711 339 2752 339 2707 339 2751 1100 2705 1100 2752 1100 2711 1099 2699 1099 2751 1099 2752 1081 2703 1081 2707 1081 2751 1099 2699 1099 2705 1099 2752 1100 2705 1100 2703 1100 2707 1081 2703 1081 2698 1081 2753 1101 2754 1101 1681 1101 2755 1102 2756 1102 1692 1102 2757 1103 238 1103 237 1103 1686 1104 2758 1104 2759 1104 2760 1105 2761 1105 2762 1105 2759 1106 2763 1106 1686 1106 1686 1107 2763 1107 2764 1107 1686 1108 2764 1108 2765 1108 2765 1109 2760 1109 1686 1109 1686 1110 2760 1110 2762 1110 1686 1111 2762 1111 237 1111 237 1112 2762 1112 2766 1112 237 1113 2766 1113 2757 1113 2767 1114 2768 1114 2769 1114 2770 1115 2771 1115 1688 1115 1688 1116 2771 1116 2772 1116 1688 1117 2772 1117 2773 1117 2773 1118 2767 1118 1688 1118 1688 1119 2767 1119 2769 1119 1688 1120 2769 1120 1686 1120 1686 1121 2769 1121 2774 1121 1686 1122 2774 1122 2758 1122 2775 1123 2776 1123 1688 1123 1688 1124 2776 1124 2777 1124 1688 1125 2777 1125 2770 1125 1690 1126 2778 1126 1688 1126 1688 1127 2778 1127 2779 1127 1688 1128 2779 1128 2780 1128 2781 1129 2775 1129 2782 1129 2782 1130 2775 1130 1688 1130 2782 1131 1688 1131 2783 1131 2783 1132 1688 1132 2780 1132 2784 1133 2785 1133 1690 1133 1690 1134 2785 1134 2786 1134 1690 1135 2786 1135 2778 1135 2756 1136 2787 1136 1692 1136 1692 1137 2787 1137 2788 1137 1692 1138 2788 1138 1690 1138 1690 1139 2788 1139 2789 1139 1690 1140 2789 1140 2790 1140 2791 1141 2784 1141 2792 1141 2792 1142 2784 1142 1690 1142 2792 1143 1690 1143 2793 1143 2793 1144 1690 1144 2790 1144 2754 1145 2794 1145 1681 1145 1681 1146 2794 1146 2795 1146 1681 1147 2795 1147 1692 1147 1692 1148 2795 1148 2796 1148 1692 1149 2796 1149 2797 1149 2798 1150 2755 1150 2799 1150 2799 1151 2755 1151 1692 1151 2799 1152 1692 1152 2800 1152 2800 1153 1692 1153 2797 1153 1683 1154 2801 1154 2802 1154 2802 1155 2803 1155 1683 1155 1683 1156 2803 1156 2804 1156 1683 1157 2804 1157 1681 1157 1681 1158 2804 1158 2805 1158 1681 1159 2805 1159 2806 1159 2807 1160 2753 1160 2808 1160 2808 1161 2753 1161 1681 1161 2808 1162 1681 1162 2809 1162 2809 1163 1681 1163 2806 1163 175 1164 174 1164 2810 1164 2810 1165 2811 1165 175 1165 175 1166 2811 1166 2812 1166 175 1167 2812 1167 1683 1167 1683 1168 2812 1168 2813 1168 1683 1169 2813 1169 2814 1169 2815 1170 2801 1170 2816 1170 2816 1171 2801 1171 1683 1171 2816 1172 1683 1172 2817 1172 2817 1173 1683 1173 2814 1173 2818 339 2819 339 2820 339 2821 339 2819 339 2818 339 2821 339 2822 339 2819 339 2823 339 2822 339 2821 339 2823 339 2824 339 2822 339 2825 339 2824 339 2823 339 2825 339 2826 339 2824 339 2827 339 2826 339 2825 339 2827 339 2828 339 2826 339 2829 339 2828 339 2827 339 2829 339 2830 339 2828 339 2831 339 2830 339 2829 339 2832 339 2830 339 2831 339 2820 1174 2833 1174 2818 1174 2819 1175 2834 1175 2820 1175 2818 1176 2835 1176 2821 1176 2822 1177 2836 1177 2819 1177 2821 1178 2837 1178 2823 1178 2824 1179 2838 1179 2822 1179 2823 1180 2839 1180 2825 1180 2826 1181 2840 1181 2824 1181 2825 1182 2841 1182 2827 1182 2828 1183 2842 1183 2826 1183 2827 1184 2843 1184 2829 1184 2830 1185 2844 1185 2828 1185 2829 1186 2845 1186 2831 1186 2831 1187 2846 1187 2832 1187 2832 1188 2847 1188 2830 1188 2820 1189 2834 1189 2833 1189 2818 1190 2833 1190 2835 1190 2819 1191 2836 1191 2834 1191 2821 1192 2835 1192 2837 1192 2822 1193 2838 1193 2836 1193 2823 1194 2837 1194 2839 1194 2824 1195 2840 1195 2838 1195 2825 1196 2839 1196 2841 1196 2826 1197 2842 1197 2840 1197 2827 1198 2841 1198 2843 1198 2828 1199 2844 1199 2842 1199 2829 1200 2843 1200 2845 1200 2830 1201 2847 1201 2844 1201 2831 1202 2845 1202 2846 1202 2832 1203 2846 1203 2847 1203 2795 1204 2794 1204 2796 1204 2753 1205 2807 1205 2836 1205 2800 1206 2797 1206 2836 1206 2836 1207 2797 1207 2796 1207 2796 1208 2794 1208 2836 1208 2836 1209 2794 1209 2754 1209 2836 1210 2754 1210 2753 1210 2788 1211 2787 1211 2789 1211 2755 1212 2798 1212 2838 1212 2793 1213 2790 1213 2838 1213 2838 1214 2790 1214 2789 1214 2789 1215 2787 1215 2838 1215 2838 1216 2787 1216 2756 1216 2838 1217 2756 1217 2755 1217 2785 1218 2779 1218 2786 1218 2786 1219 2779 1219 2778 1219 2783 1220 2780 1220 2840 1220 2840 1221 2780 1221 2779 1221 2779 1222 2785 1222 2840 1222 2840 1223 2785 1223 2784 1223 2840 1224 2784 1224 2791 1224 2776 1225 2771 1225 2777 1225 2777 1226 2771 1226 2770 1226 2773 1227 2772 1227 2842 1227 2842 1228 2772 1228 2771 1228 2771 1229 2776 1229 2842 1229 2842 1230 2776 1230 2775 1230 2842 1231 2775 1231 2781 1231 2774 1232 2763 1232 2758 1232 2758 1233 2763 1233 2759 1233 2765 1234 2764 1234 2844 1234 2844 1235 2764 1235 2763 1235 2763 1236 2774 1236 2844 1236 2844 1237 2774 1237 2769 1237 2844 1238 2769 1238 2768 1238 2766 1239 243 1239 2757 1239 2757 1239 243 1239 239 1239 2757 1240 239 1240 238 1240 245 1241 244 1241 2847 1241 2847 1242 244 1242 243 1242 243 1243 2766 1243 2847 1243 2847 1244 2766 1244 2762 1244 2847 1245 2762 1245 2761 1245 227 1246 246 1246 228 1246 228 1247 246 1247 230 1247 232 1248 231 1248 2846 1248 2846 1249 231 1249 230 1249 230 1250 246 1250 2846 1250 2846 1251 246 1251 242 1251 2846 1252 242 1252 241 1252 245 1253 2847 1253 240 1253 240 1254 2847 1254 2846 1254 240 1255 2846 1255 241 1255 217 1256 234 1256 218 1256 218 1257 234 1257 220 1257 222 1258 221 1258 2845 1258 2845 1259 221 1259 220 1259 220 1260 234 1260 2845 1260 2845 1261 234 1261 235 1261 2845 1262 235 1262 236 1262 232 1263 2846 1263 233 1263 233 1264 2846 1264 2845 1264 233 1265 2845 1265 236 1265 2765 1266 2844 1266 2760 1266 2760 1267 2844 1267 2847 1267 2760 1268 2847 1268 2761 1268 209 1269 224 1269 210 1269 210 1270 224 1270 212 1270 214 1271 213 1271 2843 1271 2843 1272 213 1272 212 1272 212 1273 224 1273 2843 1273 2843 1274 224 1274 225 1274 2843 1275 225 1275 226 1275 222 1276 2845 1276 223 1276 223 1277 2845 1277 2843 1277 223 1278 2843 1278 226 1278 2773 1279 2842 1279 2767 1279 2767 1280 2842 1280 2844 1280 2767 1281 2844 1281 2768 1281 216 1282 215 1282 170 1282 200 1283 199 1283 2841 1283 2841 1284 199 1284 171 1284 2841 1285 171 1285 170 1285 170 1286 215 1286 2841 1286 2841 1287 215 1287 208 1287 2841 1288 208 1288 207 1288 214 1289 2843 1289 206 1289 206 1290 2843 1290 2841 1290 206 1291 2841 1291 207 1291 2783 1292 2840 1292 2782 1292 2782 1293 2840 1293 2842 1293 2782 1294 2842 1294 2781 1294 202 1295 201 1295 203 1295 205 1296 204 1296 203 1296 198 1297 197 1297 2839 1297 2839 1298 189 1298 205 1298 205 1299 203 1299 2839 1299 2839 1300 203 1300 201 1300 2839 1301 201 1301 198 1301 200 1302 2841 1302 196 1302 196 1303 2841 1303 2839 1303 196 1304 2839 1304 197 1304 2793 1305 2838 1305 2792 1305 2792 1306 2838 1306 2840 1306 2792 1307 2840 1307 2791 1307 195 1308 194 1308 191 1308 193 1309 192 1309 2837 1309 2837 1310 192 1310 191 1310 191 1311 194 1311 2837 1311 2837 1312 194 1312 188 1312 2837 1313 188 1313 187 1313 189 1314 2839 1314 186 1314 186 1315 2839 1315 2837 1315 186 1316 2837 1316 187 1316 2800 1317 2836 1317 2799 1317 2799 1318 2836 1318 2838 1318 2799 1319 2838 1319 2798 1319 185 1320 184 1320 181 1320 183 1321 182 1321 2835 1321 2835 1322 182 1322 181 1322 181 1323 184 1323 2835 1323 2835 1324 184 1324 178 1324 2835 1325 178 1325 177 1325 193 1326 2837 1326 180 1326 180 1327 2837 1327 2835 1327 180 1328 2835 1328 176 1328 176 1329 2835 1329 177 1329 2809 1330 2834 1330 2808 1330 2808 1331 2834 1331 2836 1331 2808 1332 2836 1332 2807 1332 2812 1333 2811 1333 2813 1333 2817 1334 2814 1334 2833 1334 2833 1335 2814 1335 2813 1335 2813 1336 2811 1336 2833 1336 2833 1337 2811 1337 2810 1337 2833 1338 2810 1338 174 1338 183 1339 2835 1339 173 1339 173 1340 2835 1340 2833 1340 173 1341 2833 1341 174 1341 2804 1342 2803 1342 2805 1342 2801 1343 2815 1343 2834 1343 2809 1344 2806 1344 2834 1344 2834 1345 2806 1345 2805 1345 2805 1346 2803 1346 2834 1346 2834 1347 2803 1347 2802 1347 2834 1348 2802 1348 2801 1348 2817 1349 2833 1349 2816 1349 2816 1350 2833 1350 2834 1350 2816 1351 2834 1351 2815 1351 274 339 271 339 160 339 269 339 273 339 2848 339 2848 339 273 339 2849 339 160 339 271 339 2848 339 2848 339 271 339 267 339 2848 339 267 339 269 339 150 339 97 339 286 339 100 339 292 339 97 339 97 339 292 339 289 339 97 339 289 339 286 339 305 339 308 339 2850 339 2850 339 308 339 103 339 2850 339 2851 339 297 339 273 339 275 339 2849 339 2849 339 275 339 279 339 2849 339 279 339 2852 339 126 339 298 339 100 339 100 339 298 339 295 339 100 339 295 339 292 339 119 339 304 339 126 339 126 339 304 339 301 339 126 339 301 339 298 339 305 339 2850 339 303 339 303 339 2850 339 297 339 303 339 297 339 299 339 2853 339 291 339 2851 339 2851 339 291 339 293 339 2851 339 293 339 297 339 279 339 281 339 2852 339 2852 339 281 339 285 339 2852 339 285 339 2853 339 2853 339 285 339 287 339 2853 339 287 339 291 339 274 339 160 339 277 339 277 339 160 339 150 339 277 339 150 339 280 339 280 339 150 339 286 339 280 339 286 339 283 339 104 339 309 339 119 339 119 339 309 339 307 339 119 339 307 339 304 339 308 339 310 339 103 339 103 339 310 339 314 339 103 339 314 339 104 339 104 339 314 339 312 339 104 339 312 339 309 339 2854 1352 2855 1352 2852 1352 2856 1353 2857 1353 2858 1353 2848 1354 2859 1354 2856 1354 2860 1355 2861 1355 160 1355 2856 1356 2858 1356 2848 1356 2848 1357 2858 1357 2862 1357 2848 1358 2862 1358 160 1358 160 1359 2862 1359 2863 1359 160 1360 2863 1360 2860 1360 2864 1361 161 1361 160 1361 2864 1362 160 1362 2865 1362 2865 1363 160 1363 2861 1363 2866 1364 2867 1364 2868 1364 2869 1365 2866 1365 2849 1365 2870 1366 2871 1366 2848 1366 2848 1367 2871 1367 2872 1367 2848 1368 2872 1368 2859 1368 2866 1369 2868 1369 2849 1369 2849 1370 2868 1370 2873 1370 2849 1371 2873 1371 2848 1371 2848 1372 2873 1372 2874 1372 2848 1373 2874 1373 2870 1373 2875 1374 2876 1374 2877 1374 2855 1375 2878 1375 2852 1375 2852 1376 2878 1376 2879 1376 2852 1377 2879 1377 2875 1377 2875 1378 2877 1378 2852 1378 2852 1379 2877 1379 2880 1379 2852 1380 2880 1380 2849 1380 2849 1381 2880 1381 2881 1381 2849 1382 2881 1382 2882 1382 2882 1383 2883 1383 2849 1383 2849 1384 2883 1384 2884 1384 2849 1385 2884 1385 2869 1385 2885 1386 2886 1386 2887 1386 2888 1387 2889 1387 2853 1387 2853 1388 2889 1388 2890 1388 2890 1389 2891 1389 2853 1389 2853 1390 2891 1390 2892 1390 2853 1391 2892 1391 2885 1391 2885 1392 2887 1392 2853 1392 2853 1393 2887 1393 2893 1393 2853 1394 2893 1394 2852 1394 2852 1395 2893 1395 2894 1395 2852 1396 2894 1396 2854 1396 2895 1397 2896 1397 2851 1397 2851 1398 2896 1398 2897 1398 2897 1399 2898 1399 2851 1399 2851 1400 2898 1400 2899 1400 2851 1401 2899 1401 2900 1401 2888 1402 2853 1402 2901 1402 2901 1403 2853 1403 2851 1403 2901 1404 2851 1404 2902 1404 2902 1405 2851 1405 2900 1405 2902 1406 2900 1406 2903 1406 2904 1407 2905 1407 2850 1407 2850 1408 2905 1408 2906 1408 2906 1409 2907 1409 2850 1409 2850 1410 2907 1410 2908 1410 2850 1411 2908 1411 2909 1411 2895 1412 2851 1412 2910 1412 2910 1413 2851 1413 2850 1413 2910 1414 2850 1414 2911 1414 2911 1415 2850 1415 2909 1415 2911 1416 2909 1416 2912 1416 103 1417 102 1417 2913 1417 2914 1418 2915 1418 2916 1418 2913 1419 2917 1419 103 1419 103 1420 2917 1420 2918 1420 103 1421 2918 1421 2919 1421 2919 1422 2914 1422 103 1422 103 1423 2914 1423 2916 1423 103 1424 2916 1424 2850 1424 2850 1425 2916 1425 2920 1425 2850 1426 2920 1426 2904 1426 2921 339 2922 339 2923 339 2924 339 2922 339 2921 339 2924 339 2925 339 2922 339 2926 339 2925 339 2924 339 2926 339 2927 339 2925 339 2928 339 2927 339 2926 339 2928 339 2929 339 2927 339 2930 339 2929 339 2928 339 2930 339 2931 339 2929 339 2932 339 2931 339 2930 339 2932 339 2933 339 2931 339 2934 339 2933 339 2932 339 2935 339 2933 339 2934 339 2923 1427 2936 1427 2921 1427 2922 1428 2937 1428 2923 1428 2921 1429 2938 1429 2924 1429 2925 1430 2939 1430 2922 1430 2924 1431 2940 1431 2926 1431 2927 1432 2941 1432 2925 1432 2926 1433 2942 1433 2928 1433 2929 1434 2943 1434 2927 1434 2928 1435 2944 1435 2930 1435 2931 1436 2945 1436 2929 1436 2930 1437 2946 1437 2932 1437 2933 1438 2947 1438 2931 1438 2932 1439 2948 1439 2934 1439 2934 1440 2949 1440 2935 1440 2935 1441 2950 1441 2933 1441 2923 1442 2937 1442 2936 1442 2921 1443 2936 1443 2938 1443 2922 1444 2939 1444 2937 1444 2924 1445 2938 1445 2940 1445 2925 1446 2941 1446 2939 1446 2926 1447 2940 1447 2942 1447 2927 1448 2943 1448 2941 1448 2928 1449 2942 1449 2944 1449 2929 1450 2945 1450 2943 1450 2930 1451 2944 1451 2946 1451 2931 1452 2947 1452 2945 1452 2932 1453 2946 1453 2948 1453 2933 1454 2950 1454 2947 1454 2934 1455 2948 1455 2949 1455 2935 1456 2949 1456 2950 1456 144 1457 143 1457 145 1457 95 1458 157 1458 2939 1458 149 1459 146 1459 2939 1459 2939 1460 146 1460 145 1460 145 1461 143 1461 2939 1461 2939 1462 143 1462 96 1462 2939 1463 96 1463 95 1463 137 1464 136 1464 138 1464 98 1465 147 1465 2941 1465 142 1466 139 1466 2941 1466 2941 1467 139 1467 138 1467 138 1468 136 1468 2941 1468 2941 1469 136 1469 99 1469 2941 1470 99 1470 98 1470 134 1471 128 1471 135 1471 135 1472 128 1472 127 1472 132 1473 129 1473 2943 1473 2943 1474 129 1474 128 1474 128 1475 134 1475 2943 1475 2943 1476 134 1476 133 1476 2943 1477 133 1477 140 1477 124 1478 118 1478 125 1478 125 1479 118 1479 117 1479 121 1480 120 1480 2945 1480 2945 1481 120 1481 118 1481 118 1482 124 1482 2945 1482 2945 1483 124 1483 123 1483 2945 1484 123 1484 130 1484 122 1485 110 1485 105 1485 105 1486 110 1486 106 1486 112 1487 111 1487 2947 1487 2947 1488 111 1488 110 1488 110 1489 122 1489 2947 1489 2947 1490 122 1490 116 1490 2947 1491 116 1491 115 1491 113 1492 2917 1492 101 1492 101 1492 2917 1492 2913 1492 101 1493 2913 1493 102 1493 2919 1494 2918 1494 2950 1494 2950 1495 2918 1495 2917 1495 2917 1496 113 1496 2950 1496 2950 1497 113 1497 109 1497 2950 1498 109 1498 108 1498 2904 1499 2920 1499 2905 1499 2905 1500 2920 1500 2906 1500 2908 1501 2907 1501 2949 1501 2949 1502 2907 1502 2906 1502 2906 1503 2920 1503 2949 1503 2949 1504 2920 1504 2916 1504 2949 1505 2916 1505 2915 1505 2919 1506 2950 1506 2914 1506 2914 1507 2950 1507 2949 1507 2914 1508 2949 1508 2915 1508 2895 1509 2910 1509 2896 1509 2896 1510 2910 1510 2897 1510 2899 1511 2898 1511 2948 1511 2948 1512 2898 1512 2897 1512 2897 1513 2910 1513 2948 1513 2948 1514 2910 1514 2911 1514 2948 1515 2911 1515 2912 1515 2908 1516 2949 1516 2909 1516 2909 1517 2949 1517 2948 1517 2909 1518 2948 1518 2912 1518 112 1519 2947 1519 107 1519 107 1520 2947 1520 2950 1520 107 1521 2950 1521 108 1521 2888 1522 2901 1522 2889 1522 2889 1523 2901 1523 2890 1523 2892 1524 2891 1524 2946 1524 2946 1525 2891 1525 2890 1525 2890 1526 2901 1526 2946 1526 2946 1527 2901 1527 2902 1527 2946 1528 2902 1528 2903 1528 2899 1529 2948 1529 2900 1529 2900 1530 2948 1530 2946 1530 2900 1531 2946 1531 2903 1531 121 1532 2945 1532 114 1532 114 1533 2945 1533 2947 1533 114 1534 2947 1534 115 1534 2894 1535 2893 1535 2854 1535 2879 1536 2878 1536 2944 1536 2944 1537 2878 1537 2855 1537 2944 1538 2855 1538 2854 1538 2854 1539 2893 1539 2944 1539 2944 1540 2893 1540 2887 1540 2944 1541 2887 1541 2886 1541 2892 1542 2946 1542 2885 1542 2885 1543 2946 1543 2944 1543 2885 1544 2944 1544 2886 1544 132 1545 2943 1545 131 1545 131 1546 2943 1546 2945 1546 131 1547 2945 1547 130 1547 2881 1548 2880 1548 2882 1548 2884 1549 2883 1549 2882 1549 2877 1550 2876 1550 2942 1550 2942 1551 2869 1551 2884 1551 2884 1552 2882 1552 2942 1552 2942 1553 2882 1553 2880 1553 2942 1554 2880 1554 2877 1554 2879 1555 2944 1555 2875 1555 2875 1556 2944 1556 2942 1556 2875 1557 2942 1557 2876 1557 142 1558 2941 1558 141 1558 141 1559 2941 1559 2943 1559 141 1560 2943 1560 140 1560 2874 1561 2873 1561 2870 1561 2872 1562 2871 1562 2940 1562 2940 1563 2871 1563 2870 1563 2870 1564 2873 1564 2940 1564 2940 1565 2873 1565 2868 1565 2940 1566 2868 1566 2867 1566 2869 1567 2942 1567 2866 1567 2866 1568 2942 1568 2940 1568 2866 1569 2940 1569 2867 1569 149 1570 2939 1570 148 1570 148 1571 2939 1571 2941 1571 148 1572 2941 1572 147 1572 2863 1573 2862 1573 2860 1573 2865 1574 2861 1574 2938 1574 2938 1575 2861 1575 2860 1575 2860 1576 2862 1576 2938 1576 2938 1577 2862 1577 2858 1577 2938 1578 2858 1578 2857 1578 2872 1579 2940 1579 2859 1579 2859 1580 2940 1580 2938 1580 2859 1581 2938 1581 2856 1581 2856 1582 2938 1582 2857 1582 159 1583 2937 1583 158 1583 158 1584 2937 1584 2939 1584 158 1585 2939 1585 157 1585 164 1586 163 1586 165 1586 169 1587 166 1587 2936 1587 2936 1588 166 1588 165 1588 165 1589 163 1589 2936 1589 2936 1590 163 1590 162 1590 2936 1591 162 1591 161 1591 2865 1592 2938 1592 2864 1592 2864 1593 2938 1593 2936 1593 2864 1594 2936 1594 161 1594 154 1595 153 1595 155 1595 151 1596 167 1596 2937 1596 159 1597 156 1597 2937 1597 2937 1598 156 1598 155 1598 155 1599 153 1599 2937 1599 2937 1600 153 1600 152 1600 2937 1601 152 1601 151 1601 169 1602 2936 1602 168 1602 168 1603 2936 1603 2937 1603 168 1604 2937 1604 167 1604 262 1605 948 1605 918 1605 918 1606 921 1606 262 1606 262 1607 921 1607 915 1607 262 1608 915 1608 260 1608 260 1608 915 1608 264 1608 946 1609 526 1609 948 1609 948 1610 526 1610 919 1610 948 1611 919 1611 918 1611 945 1612 527 1612 383 1612 945 1613 383 1613 946 1613 383 1614 384 1614 946 1614 946 1615 384 1615 387 1615 946 1616 387 1616 514 1616 514 1617 515 1617 946 1617 946 1618 515 1618 525 1618 946 1619 525 1619 526 1619 527 1620 945 1620 522 1620 522 1621 945 1621 943 1621 522 1622 943 1622 521 1622 266 1623 524 1623 257 1623 257 1624 524 1624 523 1624 943 1625 258 1625 521 1625 521 1625 258 1625 257 1625 521 1626 257 1626 520 1626 520 1627 257 1627 523 1627 2951 1628 90 1628 92 1628 2952 1629 2953 1629 926 1629 926 1630 2953 1630 2954 1630 926 1631 2954 1631 92 1631 92 1632 2954 1632 2955 1632 92 1633 2955 1633 2951 1633 2956 1634 940 1634 2957 1634 2957 702 940 702 941 702 2957 1635 941 1635 2958 1635 2956 1636 2959 1636 940 1636 940 1637 2959 1637 2960 1637 940 1638 2960 1638 926 1638 926 1639 2960 1639 2961 1639 926 1640 2961 1640 2952 1640 2962 1641 2963 1641 942 1641 942 1642 2963 1642 2964 1642 942 1643 2964 1643 941 1643 941 1644 2964 1644 2965 1644 941 1645 2965 1645 2958 1645 2966 1646 2967 1646 947 1646 947 1647 2967 1647 2968 1647 947 1648 2968 1648 944 1648 944 1649 2968 1649 2969 1649 2969 1650 2970 1650 944 1650 944 1651 2970 1651 2971 1651 944 1652 2971 1652 942 1652 942 1653 2971 1653 2972 1653 942 1654 2972 1654 2962 1654 2966 1655 947 1655 2973 1655 2973 1656 947 1656 949 1656 2973 1657 949 1657 2974 1657 938 1658 2975 1658 2976 1658 2976 1659 2977 1659 938 1659 938 1660 2977 1660 2978 1660 938 1661 2978 1661 949 1661 949 1662 2978 1662 2979 1662 949 1663 2979 1663 2974 1663 2975 1664 938 1664 2980 1664 2980 1665 938 1665 939 1665 2980 1666 939 1666 2981 1666 55 1667 54 1667 2982 1667 2982 1668 2983 1668 55 1668 55 1669 2983 1669 2984 1669 55 1670 2984 1670 939 1670 939 1671 2984 1671 2985 1671 939 1672 2985 1672 2981 1672 2986 1673 2987 1673 2988 1673 2987 290 2989 290 2990 290 2991 290 2992 290 2987 290 2986 1674 2991 1674 2987 1674 2993 344 2994 344 2995 344 2996 290 2997 290 2994 290 2993 1675 2996 1675 2994 1675 2998 290 2999 290 3000 290 3001 290 3000 290 3002 290 3003 1676 3000 1676 3004 1676 3003 290 2993 290 2986 290 3005 1677 3006 1677 3007 1677 2988 1673 2987 1673 2990 1673 3005 290 2986 290 2988 290 2990 290 3008 290 3009 290 2990 290 2989 290 3008 290 2987 290 2992 290 2989 290 3010 290 3011 290 2991 290 2991 290 3011 290 2992 290 3012 1674 2991 1674 2986 1674 2995 290 2986 290 2993 290 2995 344 2994 344 2997 344 3013 290 3014 290 2996 290 3015 290 3016 290 3013 290 2996 290 3014 290 2997 290 3013 290 3016 290 3014 290 3017 290 3018 290 3015 290 3015 290 3018 290 3016 290 3004 1678 3000 1678 2999 1678 3004 290 2993 290 3003 290 3019 1675 2996 1675 2993 1675 3020 290 2999 290 2998 290 3001 290 3002 290 3021 290 2998 290 3000 290 3001 290 3021 290 3002 290 3022 290 3021 290 3022 290 3023 290 3024 290 3025 290 3026 290 3007 290 3006 290 3024 290 3003 1676 3002 1676 3000 1676 3005 1679 3007 1679 3027 1679 3003 290 2986 290 3005 290 3024 290 3006 290 3025 290 3028 1677 3006 1677 3005 1677 3026 290 3025 290 3029 290 3026 290 3029 290 3030 290 3030 290 3029 290 3031 290 3030 290 3031 290 3032 290 2988 1680 2990 1680 3033 1680 3005 290 2988 290 3028 290 3033 1680 2990 1680 3009 1680 3034 344 3009 344 3008 344 3035 1681 3008 1681 2989 1681 3012 1682 3010 1682 2991 1682 3036 1683 2989 1683 2992 1683 3037 1677 3011 1677 3010 1677 3038 1684 2992 1684 3011 1684 2995 290 3012 290 2986 290 2995 1685 2997 1685 3039 1685 3019 1673 3013 1673 2996 1673 3040 1686 3015 1686 3013 1686 3039 1685 2997 1685 3014 1685 3041 1679 3017 1679 3015 1679 3042 1683 3014 1683 3016 1683 3043 1677 3018 1677 3017 1677 3044 1684 3016 1684 3018 1684 3004 1678 2999 1678 3045 1678 2993 290 3004 290 3019 290 3045 1687 2999 1687 3020 1687 3046 1688 3020 1688 2998 1688 3047 1689 3021 1689 3023 1689 3048 1690 3001 1690 3021 1690 3049 1691 2998 1691 3001 1691 3050 1692 3022 1692 3002 1692 3051 1693 3023 1693 3022 1693 3052 1686 3024 1686 3026 1686 3027 1679 3007 1679 3024 1679 3050 1692 3002 1692 3003 1692 3005 290 3027 290 3003 290 3028 1684 3025 1684 3006 1684 3053 1683 3029 1683 3025 1683 3054 1694 3030 1694 3032 1694 3055 1673 3026 1673 3030 1673 3056 1681 3031 1681 3029 1681 3057 344 3032 344 3031 344 3028 290 2988 290 3033 290 3033 344 3009 344 3034 344 3034 1681 3008 1681 3035 1681 3035 1683 2989 1683 3036 1683 3037 1682 3010 1682 3012 1682 3036 1684 2992 1684 3038 1684 3038 1677 3011 1677 3037 1677 3039 290 3012 290 2995 290 3040 1673 3013 1673 3019 1673 3041 1686 3015 1686 3040 1686 3039 1683 3014 1683 3042 1683 3043 1679 3017 1679 3041 1679 3042 1684 3016 1684 3044 1684 3044 1677 3018 1677 3043 1677 3019 290 3004 290 3045 290 3045 1687 3020 1687 3046 1687 3047 1689 3023 1689 3051 1689 3046 1688 2998 1688 3049 1688 3048 1690 3021 1690 3047 1690 3049 1691 3001 1691 3048 1691 3051 1693 3022 1693 3050 1693 3052 1673 3026 1673 3055 1673 3056 1683 3029 1683 3053 1683 3027 1686 3024 1686 3052 1686 3027 290 3050 290 3003 290 3053 1684 3025 1684 3028 1684 3054 344 3032 344 3057 344 3055 1694 3030 1694 3054 1694 3057 1681 3031 1681 3056 1681 2962 290 3038 290 2963 290 2963 290 3038 290 3037 290 2963 290 3037 290 2964 290 2964 290 3037 290 2965 290 3036 290 3038 290 2972 290 2972 290 3038 290 2962 290 2955 290 3044 290 2951 290 2951 290 3044 290 3043 290 2951 290 3043 290 90 290 90 290 3043 290 91 290 3042 290 3044 290 2954 290 2954 290 3044 290 2955 290 3043 290 3041 290 91 290 91 290 3041 290 93 290 2952 290 3042 290 2953 290 2953 290 3042 290 2954 290 93 290 3041 290 94 290 94 290 3041 290 85 290 3039 290 3042 290 2961 290 2961 290 3042 290 2952 290 3041 290 3040 290 85 290 85 290 3040 290 86 290 2959 290 3039 290 2960 290 2960 290 3039 290 2961 290 65 290 3051 290 67 290 67 290 3051 290 68 290 2984 290 3056 290 2985 290 2985 290 3056 290 2981 290 2983 290 3057 290 2984 290 2984 290 3057 290 3056 290 56 290 3054 290 54 290 54 290 3054 290 2982 290 3055 290 3054 290 57 290 57 290 3054 290 56 290 3054 290 3057 290 2982 290 2982 290 3057 290 2983 290 51 290 3055 290 52 290 52 290 3055 290 57 290 2976 290 3053 290 2977 290 2977 290 3053 290 3028 290 2980 290 3053 290 2975 290 2975 290 3053 290 2976 290 2981 290 3056 290 2980 290 2980 290 3056 290 3053 290 3050 290 3027 290 59 290 59 290 3027 290 60 290 3027 290 3052 290 60 290 60 290 3052 290 61 290 48 290 3050 290 49 290 49 290 3050 290 59 290 61 290 3052 290 62 290 62 290 3052 290 63 290 3052 290 3055 290 63 290 63 290 3055 290 51 290 68 290 3051 290 48 290 48 290 3051 290 3050 290 3049 290 3048 290 69 290 69 290 3048 290 74 290 74 290 3048 290 75 290 75 290 3048 290 76 290 71 290 3049 290 69 290 3048 290 3047 290 76 290 76 290 3047 290 64 290 73 290 3046 290 71 290 71 290 3046 290 3049 290 3047 290 3051 290 64 290 64 290 3051 290 65 290 80 290 3046 290 81 290 81 290 3046 290 73 290 3045 290 3046 290 78 290 78 290 3046 290 80 290 82 290 3045 290 77 290 77 290 3045 290 78 290 84 290 3019 290 82 290 82 290 3019 290 3045 290 88 290 3019 290 89 290 89 290 3019 290 84 290 86 290 3040 290 88 290 88 290 3040 290 3019 290 2958 290 3012 290 2957 290 2957 290 3012 290 2956 290 3012 290 3039 290 2956 290 2956 290 3039 290 2959 290 2965 290 3037 290 2958 290 2958 290 3037 290 3012 290 2970 290 3036 290 2971 290 2971 290 3036 290 2972 290 3035 290 3036 290 2969 290 2969 290 3036 290 2970 290 2968 290 3035 290 2969 290 2967 290 3034 290 2968 290 2968 290 3034 290 3035 290 2973 290 3034 290 2966 290 2966 290 3034 290 2967 290 3033 290 3034 290 2974 290 2974 290 3034 290 2973 290 2978 290 3033 290 2979 290 2979 290 3033 290 2974 290 2977 290 3028 290 2978 290 2978 290 3028 290 3033 290 255 1695 1746 1695 1053 1695 1053 1696 1056 1696 255 1696 255 1697 1056 1697 1057 1697 255 1698 1057 1698 249 1698 249 1698 1057 1698 247 1698 1747 1699 1050 1699 1746 1699 1746 1700 1050 1700 1054 1700 1746 1701 1054 1701 1053 1701 1748 1702 1042 1702 1037 1702 1037 1703 1038 1703 1748 1703 1748 1704 1038 1704 1043 1704 1748 1705 1043 1705 1747 1705 1747 1706 1043 1706 1049 1706 1747 1707 1049 1707 1050 1707 1042 1708 1748 1708 1041 1708 1041 1709 1748 1709 1734 1709 1041 1710 1734 1710 1048 1710 253 1711 1055 1711 252 1711 252 1712 1055 1712 1051 1712 1734 1713 254 1713 1048 1713 1048 1714 254 1714 252 1714 1048 1715 252 1715 1046 1715 1046 1716 252 1716 1051 1716 3058 1717 3059 1717 1749 1717 3060 1718 3061 1718 1742 1718 43 1719 42 1719 3062 1719 3062 1720 42 1720 1742 1720 3062 1721 1742 1721 3063 1721 3063 1722 1742 1722 3061 1722 1749 702 3059 702 1744 702 1744 1723 3059 1723 3064 1723 1744 1724 3064 1724 3065 1724 3065 1725 3066 1725 1744 1725 1744 1726 3066 1726 3067 1726 1744 1727 3067 1727 1742 1727 1742 1728 3067 1728 3068 1728 1742 1729 3068 1729 3060 1729 3069 1730 3070 1730 1757 1730 1757 1731 3070 1731 3071 1731 1757 1732 3071 1732 1749 1732 1749 1733 3071 1733 3072 1733 1749 1734 3072 1734 3058 1734 3073 1735 1756 1735 3074 1735 3074 1736 1756 1736 1755 1736 3074 1737 1755 1737 3075 1737 3073 1738 3076 1738 1756 1738 1756 1739 3076 1739 3077 1739 1756 1740 3077 1740 1757 1740 1757 1741 3077 1741 3078 1741 1757 1742 3078 1742 3069 1742 3079 1743 3080 1743 1753 1743 1753 1744 3080 1744 3081 1744 1753 1745 3081 1745 1755 1745 1755 1746 3081 1746 3082 1746 1755 1747 3082 1747 3075 1747 3079 1748 1753 1748 3083 1748 3083 1749 1753 1749 1740 1749 3083 1750 1740 1750 3084 1750 3085 1751 3086 1751 1738 1751 1738 1752 3086 1752 3087 1752 1738 1753 3087 1753 1740 1753 1740 1754 3087 1754 3088 1754 1740 1755 3088 1755 3084 1755 1 1756 3089 1756 2 1756 2 1757 3089 1757 3090 1757 2 1758 3090 1758 1738 1758 1738 1759 3090 1759 3091 1759 1738 1760 3091 1760 3085 1760 3092 1761 3093 1761 3094 1761 3093 290 3095 290 3096 290 3097 290 3098 290 3093 290 3092 1762 3097 1762 3093 1762 3099 338 3100 338 3101 338 3102 290 3103 290 3100 290 3104 1763 3105 1763 3106 1763 3107 290 3099 290 3092 290 3107 1764 3108 1764 3109 1764 3099 1765 3102 1765 3100 1765 3110 290 3108 290 3111 290 3112 290 3113 290 3108 290 3094 1761 3093 1761 3096 1761 3104 290 3092 290 3094 290 3096 290 3114 290 3115 290 3096 290 3095 290 3114 290 3093 290 3098 290 3095 290 3116 290 3117 290 3097 290 3097 290 3117 290 3098 290 3118 1762 3097 1762 3092 1762 3101 290 3092 290 3099 290 3101 338 3100 338 3103 338 3119 290 3120 290 3102 290 3121 290 3122 290 3119 290 3102 290 3120 290 3103 290 3119 290 3122 290 3120 290 3123 290 3124 290 3121 290 3121 290 3124 290 3122 290 3125 290 3126 290 3127 290 3128 290 3129 290 3125 290 3106 290 3105 290 3128 290 3107 1764 3111 1764 3108 1764 3104 1766 3106 1766 3130 1766 3107 290 3092 290 3104 290 3128 290 3105 290 3129 290 3131 1763 3105 1763 3104 1763 3125 290 3129 290 3126 290 3109 1767 3108 1767 3113 1767 3109 290 3099 290 3107 290 3132 1765 3102 1765 3099 1765 3133 290 3113 290 3112 290 3110 290 3111 290 3134 290 3112 290 3108 290 3110 290 3127 290 3126 290 3135 290 3127 290 3135 290 3136 290 3134 290 3111 290 3137 290 3134 290 3137 290 3138 290 3094 1765 3096 1765 3139 1765 3104 290 3094 290 3131 290 3139 1765 3096 1765 3115 1765 3140 338 3115 338 3114 338 3141 1768 3114 1768 3095 1768 3118 1766 3116 1766 3097 1766 3142 1769 3095 1769 3098 1769 3143 1763 3117 1763 3116 1763 3144 1770 3098 1770 3117 1770 3101 290 3118 290 3092 290 3101 1768 3103 1768 3145 1768 3132 1771 3119 1771 3102 1771 3146 1762 3121 1762 3119 1762 3145 1768 3103 1768 3120 1768 3147 1766 3123 1766 3121 1766 3148 1772 3120 1772 3122 1772 3149 1763 3124 1763 3123 1763 3150 1773 3122 1773 3124 1773 3151 1771 3125 1771 3127 1771 3152 1762 3128 1762 3125 1762 3130 1766 3106 1766 3128 1766 3153 1774 3111 1774 3107 1774 3104 290 3130 290 3107 290 3131 1773 3129 1773 3105 1773 3154 1772 3126 1772 3129 1772 3109 1767 3113 1767 3155 1767 3099 290 3109 290 3132 290 3155 1775 3113 1775 3133 1775 3156 1776 3133 1776 3112 1776 3157 1777 3134 1777 3138 1777 3158 1778 3110 1778 3134 1778 3159 1779 3112 1779 3110 1779 3160 1765 3127 1765 3136 1765 3161 1768 3135 1768 3126 1768 3162 338 3136 338 3135 338 3153 1774 3137 1774 3111 1774 3163 1780 3138 1780 3137 1780 3131 290 3094 290 3139 290 3139 338 3115 338 3140 338 3140 1768 3114 1768 3141 1768 3141 1769 3095 1769 3142 1769 3143 1766 3116 1766 3118 1766 3142 1770 3098 1770 3144 1770 3144 1763 3117 1763 3143 1763 3145 290 3118 290 3101 290 3146 1771 3119 1771 3132 1771 3147 1762 3121 1762 3146 1762 3145 1772 3120 1772 3148 1772 3149 1766 3123 1766 3147 1766 3148 1773 3122 1773 3150 1773 3150 1763 3124 1763 3149 1763 3151 1765 3127 1765 3160 1765 3152 1771 3125 1771 3151 1771 3161 1772 3126 1772 3154 1772 3130 1762 3128 1762 3152 1762 3130 290 3153 290 3107 290 3154 1773 3129 1773 3131 1773 3132 290 3109 290 3155 290 3155 1775 3133 1775 3156 1775 3157 1777 3138 1777 3163 1777 3156 1776 3112 1776 3159 1776 3158 1778 3134 1778 3157 1778 3159 1779 3110 1779 3158 1779 3160 338 3136 338 3162 338 3162 1768 3135 1768 3161 1768 3163 1780 3137 1780 3153 1780 16 290 3144 290 17 290 17 290 3144 290 3143 290 17 290 3143 290 19 290 19 290 3143 290 20 290 3142 290 3144 290 29 290 29 290 3144 290 16 290 7 290 3150 290 0 290 0 290 3150 290 3149 290 0 290 3149 290 1 290 1 290 3149 290 3089 290 3148 290 3150 290 6 290 6 290 3150 290 7 290 3149 290 3147 290 3089 290 3089 290 3147 290 3090 290 3 290 3148 290 4 290 4 290 3148 290 6 290 3090 290 3147 290 3091 290 3091 290 3147 290 3085 290 3145 290 3148 290 15 290 15 290 3148 290 3 290 3147 290 3146 290 3085 290 3085 290 3146 290 3086 290 13 290 3145 290 14 290 14 290 3145 290 15 290 46 290 3161 290 47 290 47 290 3161 290 41 290 45 290 3162 290 46 290 46 290 3162 290 3161 290 3062 290 3160 290 43 290 43 290 3160 290 44 290 3160 290 3162 290 44 290 44 290 3162 290 45 290 35 290 3154 290 36 290 36 290 3154 290 3131 290 39 290 3154 290 34 290 34 290 3154 290 35 290 41 290 3161 290 39 290 39 290 3161 290 3154 290 3070 290 3163 290 3071 290 3071 290 3163 290 3072 290 3058 290 3153 290 3059 290 3059 290 3153 290 3064 290 3072 290 3163 290 3058 290 3058 290 3163 290 3153 290 3159 290 3158 290 3073 290 3073 290 3158 290 3076 290 3076 290 3158 290 3077 290 3077 290 3158 290 3078 290 3074 290 3159 290 3073 290 3158 290 3157 290 3078 290 3078 290 3157 290 3069 290 3075 290 3156 290 3074 290 3074 290 3156 290 3159 290 3157 290 3163 290 3069 290 3069 290 3163 290 3070 290 3081 290 3156 290 3082 290 3082 290 3156 290 3075 290 3155 290 3156 290 3080 290 3080 290 3156 290 3081 290 3083 290 3155 290 3079 290 3079 290 3155 290 3080 290 3084 290 3132 290 3083 290 3083 290 3132 290 3155 290 3087 290 3132 290 3088 290 3088 290 3132 290 3084 290 3153 290 3130 290 3064 290 3064 290 3130 290 3065 290 3130 290 3152 290 3065 290 3065 290 3152 290 3066 290 3066 290 3152 290 3067 290 3067 290 3152 290 3068 290 3152 290 3151 290 3068 290 3068 290 3151 290 3060 290 3060 290 3151 290 3061 290 3061 290 3151 290 3063 290 3151 290 3160 290 3063 290 3063 290 3160 290 3062 290 3086 290 3146 290 3087 290 3087 290 3146 290 3132 290 3118 290 3145 290 8 290 8 290 3145 290 13 290 12 290 3118 290 10 290 10 290 3118 290 8 290 20 290 3143 290 12 290 12 290 3143 290 3118 290 27 290 3142 290 28 290 28 290 3142 290 29 290 3141 290 3142 290 26 290 26 290 3142 290 27 290 24 290 3141 290 26 290 22 290 3140 290 24 290 24 290 3140 290 3141 290 30 290 3140 290 21 290 21 290 3140 290 22 290 3139 290 3140 290 32 290 32 290 3140 290 30 290 37 290 3139 290 38 290 38 290 3139 290 32 290 36 290 3131 290 37 290 37 290 3131 290 3139 290</p>
        </triangles>
      </mesh>
    </geometry>
  </library_geometries>
  <library_images />
  <library_visual_scenes>
    <visual_scene id="Scene">
      <node id="node_1" sid="node_1" type="NODE">
        <matrix>1 0 0 0 0 1 0 0 0 0 1 0 0 0 0 1</matrix>
        <instance_geometry url="#mesh_1" />
      </node>
    </visual_scene>
  </library_visual_scenes>
  <library_animations />
  <scene>
    <instance_visual_scene url="#Scene" />
  </scene>
</COLLADA>