<?xml version="1.0" encoding="utf-8"?>
<COLLADA version="1.5.0" xmlns="http://www.collada.org/2008/03/COLLADASchema">
  <asset>
    <contributor />
    <unit meter="1" />
    <up_axis>Z_UP</up_axis>
  </asset>
  <library_lights />
  <library_materials />
  <library_effects />
  <library_cameras />
  <library_geometries>
    <geometry id="mesh_1">
      <mesh>
        <source id="mesh_1-position" name="position">
          <float_array id="mesh_1-position-array" count="4140">-2.6985241818877626E-10 0.004149999935179949 -0.023900002241134644 -2.6985241818877626E-10 0.004149999935179949 -0.020899996161460876 -0.0007880388875491917 0.0040744938887655735 -0.023900002241134644 -0.0007880388875491917 0.0040744938887655735 -0.020899996161460876 -0.0008228358929045498 0.004067609552294016 -0.023900002241134644 -0.0008228358929045498 0.004067609552294016 -0.020899996161460876 -0.0018006174359470606 0.0037390203215181828 -0.023900002241134644 -0.0018006174359470606 0.0037390203215181828 -0.020899996161460876 -0.0022415362764149904 0.003492566291242838 -0.023900002241134644 -0.0031410616356879473 -0.0027122371830046177 -0.020899996161460876 -0.0018124871421605349 -0.003733281511813402 -0.023900002241134644 -0.0032446004915982485 -0.002587482798844576 -0.020899996161460876 -0.0030966626945883036 -0.0027628219686448574 -0.023900002241134644 -0.0022415362764149904 0.003492566291242838 -0.020899996161460876 -0.0022827733773738146 0.0034657535143196583 -0.020899996161460876 -0.002444651210680604 0.0033535328693687916 -0.023900002241134644 -0.002444651210680604 0.0033535328693687916 -0.020899996161460876 -0.002496906789019704 0.00331480847671628 -0.023900002241134644 -0.002496906789019704 0.00331480847671628 -0.020899996161460876 -0.0032446004915982485 0.002587482798844576 -0.023900002241134644 -0.0032446004915982485 0.002587482798844576 -0.020899996161460876 -0.0035784852225333452 0.002101652789860964 -0.023900002241134644 -0.0035784852225333452 0.002101652789860964 -0.020899996161460876 -0.003609580220654607 0.0020477869547903538 -0.023900002241134644 -0.003609580220654607 0.0020477869547903538 -0.020899996161460876 -0.00366355967707932 0.0019495715387165546 -0.023900002241134644 -0.00366355967707932 0.0019495715387165546 -0.020899996161460876 -0.003684359835460782 0.0019099717028439045 -0.023900002241134644 -0.003684359835460782 0.0019099717028439045 -0.020899996161460876 -0.004045950714498758 0.0009234626777470112 -0.023900002241134644 -0.004045950714498758 0.0009234626777470112 -0.020899996161460876 -0.004128486383706331 0.00042201249743811786 -0.023900002241134644 -0.004128486383706331 0.00042201249743811786 -0.020899996161460876 -0.00413180748000741 0.0003881589218508452 -0.023900002241134644 -0.00413180748000741 0.0003881589218508452 -0.020899996161460876 -0.004045950714498758 -0.0009234617464244366 -0.023900002241134644 -0.004045950714498758 -0.0009234617464244366 -0.020899996161460876 -0.003979251254349947 -0.0011781607754528522 -0.023900002241134644 -0.003979251254349947 -0.0011781607754528522 -0.020899996161460876 -0.003968353848904371 -0.001214358489960432 -0.023900002241134644 -0.003968353848904371 -0.001214358489960432 -0.020899996161460876 -0.0032798696774989367 -0.0025426275096833706 -0.023900002241134644 -0.0032798696774989367 -0.0025426275096833706 -0.020899996161460876 -0.0032464175019413233 -0.0025852019898593426 -0.023900002241134644 -0.0032464175019413233 -0.0025852019898593426 -0.020899996161460876 -0.0032446004915982485 -0.002587482798844576 -0.023900002241134644 -0.0031410616356879473 -0.0027122371830046177 -0.023900002241134644 -0.0030966626945883036 -0.0027628219686448574 -0.020899996161460876 -0.003054716857150197 -0.0028091291896998882 -0.020899996161460876 -0.0018006174359470606 -0.0037390203215181828 -0.023900002241134644 -0.0018006174359470606 -0.0037390203215181828 -0.020899996161460876 -0.0017406458500772715 -0.003767313901335001 -0.023900002241134644 -0.0017406458500772715 -0.003767313901335001 -0.020899996161460876 -0.0015916398260742426 -0.0038326471112668514 -0.023900002241134644 -0.0015916398260742426 -0.0038326471112668514 -0.020899996161460876 -0.0015537769068032503 -0.0038481527008116245 -0.023900002241134644 -0.0015537769068032503 -0.0038481527008116245 -0.020899996161460876 -1.676128158578649E-05 -0.004149966407567263 -0.023900002241134644 -1.676128158578649E-05 -0.004149966407567263 -0.020899996161460876 -2.6985239043320064E-10 -0.004149999935179949 -0.023900002241134644 -2.6985239043320064E-10 -0.004149999935179949 -0.020899996161460876 -2.6985241818877626E-10 0.004149999935179949 0.020900003612041473 -2.6985241818877626E-10 0.004149999935179949 0.023900002241134644 -0.0007880388875491917 0.0040744938887655735 0.020900003612041473 -0.0007880388875491917 0.0040744938887655735 0.023900002241134644 -0.0008228358929045498 0.004067609552294016 0.020900003612041473 -0.0008228358929045498 0.004067609552294016 0.023900002241134644 -0.0018006174359470606 0.0037390203215181828 0.020900003612041473 -0.0018006174359470606 0.0037390203215181828 0.023900002241134644 -0.0022415362764149904 0.003492566291242838 0.020900003612041473 -0.0022415362764149904 0.003492566291242838 0.023900002241134644 -2.6985239043320064E-10 -0.004149999935179949 0.023900002241134644 -2.6985239043320064E-10 -0.004149999935179949 0.020900003612041473 -1.676128158578649E-05 -0.004149966407567263 0.023900002241134644 -1.676128158578649E-05 -0.004149966407567263 0.020900003612041473 -0.0015537769068032503 -0.0038481527008116245 0.023900002241134644 -0.0015537769068032503 -0.0038481527008116245 0.020900003612041473 -0.0015916398260742426 -0.0038326471112668514 0.023900002241134644 -0.0015916398260742426 -0.0038326471112668514 0.020900003612041473 -0.0017406458500772715 -0.003767313901335001 0.023900002241134644 -0.0017406458500772715 -0.003767313901335001 0.020900003612041473 -0.0018006174359470606 -0.0037390203215181828 0.023900002241134644 -0.0018006174359470606 -0.0037390203215181828 0.020900003612041473 -0.0018124871421605349 -0.003733281511813402 0.023900002241134644 -0.003054716857150197 -0.0028091291896998882 0.020900003612041473 -0.0030966626945883036 -0.0027628219686448574 0.023900002241134644 -0.0030966626945883036 -0.0027628219686448574 0.020900003612041473 -0.0031410616356879473 -0.0027122371830046177 0.023900002241134644 -0.0031410616356879473 -0.0027122371830046177 0.020900003612041473 -0.0032446004915982485 -0.002587482798844576 0.023900002241134644 -0.0032446004915982485 -0.002587482798844576 0.020900003612041473 -0.0032464175019413233 -0.0025852019898593426 0.023900002241134644 -0.0032464175019413233 -0.0025852019898593426 0.020900003612041473 -0.0032798696774989367 -0.0025426275096833706 0.023900002241134644 -0.0032798696774989367 -0.0025426275096833706 0.020900003612041473 -0.003968353848904371 -0.001214358489960432 0.023900002241134644 -0.003968353848904371 -0.001214358489960432 0.020900003612041473 -0.003979251254349947 -0.0011781607754528522 0.023900002241134644 -0.003979251254349947 -0.0011781607754528522 0.020900003612041473 -0.004045950714498758 -0.0009234617464244366 0.023900002241134644 -0.004045950714498758 -0.0009234617464244366 0.020900003612041473 -0.00413180748000741 0.0003881589218508452 0.023900002241134644 -0.00413180748000741 0.0003881589218508452 0.020900003612041473 -0.004128486383706331 0.00042201249743811786 0.023900002241134644 -0.004128486383706331 0.00042201249743811786 0.020900003612041473 -0.004045950714498758 0.0009234626777470112 0.023900002241134644 -0.004045950714498758 0.0009234626777470112 0.020900003612041473 -0.003684359835460782 0.0019099717028439045 0.023900002241134644 -0.003684359835460782 0.0019099717028439045 0.020900003612041473 -0.00366355967707932 0.0019495715387165546 0.023900002241134644 -0.00366355967707932 0.0019495715387165546 0.020900003612041473 -0.003609580220654607 0.0020477869547903538 0.023900002241134644 -0.003609580220654607 0.0020477869547903538 0.020900003612041473 -0.0035784852225333452 0.002101652789860964 0.023900002241134644 -0.0035784852225333452 0.002101652789860964 0.020900003612041473 -0.0032446004915982485 0.002587482798844576 0.023900002241134644 -0.0032446004915982485 0.002587482798844576 0.020900003612041473 -0.002496906789019704 0.00331480847671628 0.023900002241134644 -0.002496906789019704 0.00331480847671628 0.020900003612041473 -0.002444651210680604 0.0033535328693687916 0.023900002241134644 -0.002444651210680604 0.0033535328693687916 0.020900003612041473 -0.0022827733773738146 0.0034657535143196583 0.020900003612041473 0.05199999734759331 0.023900000378489494 0.004150025546550751 0.05199999734759331 0.020899998024106026 0.004150025546550751 0.05198323354125023 0.023900000378489494 0.004149988293647766 0.05198323354125023 0.020899998024106026 0.004149988293647766 0.050446223467588425 0.023900000378489494 0.0038481727242469788 0.050446223467588425 0.020899998024106026 0.0038481727242469788 0.05040835961699486 0.023900000378489494 0.0038326680660247803 0.05040835961699486 0.020899998024106026 0.0038326680660247803 0.05019937828183174 0.023900000378489494 0.0037390440702438354 0.05019937828183174 0.020899998024106026 0.0037390440702438354 0.049193765968084335 0.023900000378489494 0.0030573979020118713 0.049193765968084335 0.020899998024106026 0.0030573979020118713 0.049150627106428146 0.020899998024106026 0.003017239272594452 0.0489482544362545 0.023900000378489494 0.0028123855590820312 0.0489482544362545 0.020899998024106026 0.0028123855590820312 0.04875539615750313 0.023900000378489494 0.0025875046849250793 0.04875539615750313 0.020899998024106026 0.0025875046849250793 0.048753537237644196 0.023900000378489494 0.002585172653198242 0.048753537237644196 0.020899998024106026 0.002585172653198242 0.04872007668018341 0.023900000378489494 0.0025425851345062256 0.04872007668018341 0.020899998024106026 0.0025425851345062256 0.04803164675831795 0.023900000378489494 0.0012143850326538086 0.04803164675831795 0.020899998024106026 0.0012143850326538086 0.048020750284194946 0.023900000378489494 0.0011781901121139526 0.048020750284194946 0.020899998024106026 0.0011781901121139526 0.04795404523611069 0.023900000378489494 0.0009234845638275146 0.04795404523611069 0.020899998024106026 0.0009234845638275146 0.047868192195892334 0.023900000378489494 -0.00038814544677734375 0.047868192195892334 0.020899998024106026 -0.00038814544677734375 0.047871511429548264 0.023900000378489494 -0.0004220008850097656 0.047871511429548264 0.020899998024106026 -0.0004220008850097656 0.04795404523611069 0.023900000378489494 -0.0009234398603439331 0.04795404523611069 0.020899998024106026 -0.0009234398603439331 0.04831565171480179 0.023900000378489494 -0.0019099712371826172 0.04831565171480179 0.020899998024106026 -0.0019099712371826172 0.0483364500105381 0.023900000378489494 -0.0019495710730552673 0.0483364500105381 0.020899998024106026 -0.0019495710730552673 0.04875539615750313 0.023900000378489494 -0.002587459981441498 0.04875539615750313 0.020899998024106026 -0.002587459981441498 0.049157120287418365 0.023900000378489494 -0.003023311495780945 0.049157120287418365 0.020899998024106026 -0.003023311495780945 0.05199999734759331 0.020899998024106026 -0.004149980843067169 0.05199999734759331 0.023900000378489494 -0.004149980843067169 0.05121195316314697 0.020899998024106026 -0.004074469208717346 0.05121195316314697 0.023900000378489494 -0.004074469208717346 0.05117716267704964 0.020899998024106026 -0.004067584872245789 0.05117716267704964 0.023900000378489494 -0.004067584872245789 0.05019937828183174 0.020899998024106026 -0.003738999366760254 0.05019937828183174 0.023900000378489494 -0.003738999366760254 0.049758430570364 0.020899998024106026 -0.0034925267100334167 0.049758430570364 0.023900000378489494 -0.0034925267100334167 0.04971720650792122 0.020899998024106026 -0.003465719521045685 0.04971720650792122 0.023900000378489494 -0.003465719521045685 0.04956385865807533 0.020899998024106026 -0.0033596977591514587 0.04956385865807533 0.023900000378489494 -0.0033596977591514587 0.0492018461227417 0.023900000378489494 -0.003064751625061035 0.05199999734759331 -0.020899999886751175 0.004150025546550751 0.05199999734759331 -0.023900000378489494 0.004150025546550751 0.05198323354125023 -0.020899999886751175 0.004149988293647766 0.05198323354125023 -0.023900000378489494 0.004149988293647766 0.050446223467588425 -0.020899999886751175 0.0038481727242469788 0.050446223467588425 -0.023900000378489494 0.0038481727242469788 0.05040835961699486 -0.020899999886751175 0.0038326680660247803 0.05040835961699486 -0.023900000378489494 0.0038326680660247803 0.05019937828183174 -0.020899999886751175 0.0037390440702438354 0.05019937828183174 -0.023900000378489494 0.0037390440702438354 0.049193765968084335 -0.020899999886751175 0.0030573979020118713 0.049193765968084335 -0.023900000378489494 0.0030573979020118713 0.049150627106428146 -0.020899999886751175 0.003017239272594452 0.0489482544362545 -0.020899999886751175 0.0028123855590820312 0.0489482544362545 -0.023900000378489494 0.0028123855590820312 0.04875539615750313 -0.020899999886751175 0.0025875046849250793 0.04875539615750313 -0.023900000378489494 0.0025875046849250793 0.048753537237644196 -0.020899999886751175 0.002585172653198242 0.048753537237644196 -0.023900000378489494 0.002585172653198242 0.04872007668018341 -0.020899999886751175 0.0025425851345062256 0.04872007668018341 -0.023900000378489494 0.0025425851345062256 0.04803164675831795 -0.020899999886751175 0.0012143850326538086 0.04803164675831795 -0.023900000378489494 0.0012143850326538086 0.048020750284194946 -0.020899999886751175 0.0011781901121139526 0.048020750284194946 -0.023900000378489494 0.0011781901121139526 0.04795404523611069 -0.020899999886751175 0.0009234845638275146 0.04795404523611069 -0.023900000378489494 0.0009234845638275146 0.047868192195892334 -0.020899999886751175 -0.00038814544677734375 0.047868192195892334 -0.023900000378489494 -0.00038814544677734375 0.047871511429548264 -0.020899999886751175 -0.0004220008850097656 0.047871511429548264 -0.023900000378489494 -0.0004220008850097656 0.04795404523611069 -0.020899999886751175 -0.0009234398603439331 0.04795404523611069 -0.023900000378489494 -0.0009234398603439331 0.04831565171480179 -0.020899999886751175 -0.0019099712371826172 0.04831565171480179 -0.023900000378489494 -0.0019099712371826172 0.0483364500105381 -0.020899999886751175 -0.0019495710730552673 0.0483364500105381 -0.023900000378489494 -0.0019495710730552673 0.04875539615750313 -0.020899999886751175 -0.002587459981441498 0.04875539615750313 -0.023900000378489494 -0.002587459981441498 0.049157120287418365 -0.020899999886751175 -0.003023311495780945 0.049157120287418365 -0.023900000378489494 -0.003023311495780945 0.0492018461227417 -0.023900000378489494 -0.003064751625061035 0.04956385865807533 -0.020899999886751175 -0.0033596977591514587 0.04956385865807533 -0.023900000378489494 -0.0033596977591514587 0.04971720650792122 -0.020899999886751175 -0.003465719521045685 0.04971720650792122 -0.023900000378489494 -0.003465719521045685 0.049758430570364 -0.020899999886751175 -0.0034925267100334167 0.049758430570364 -0.023900000378489494 -0.0034925267100334167 0.05019937828183174 -0.020899999886751175 -0.003738999366760254 0.05019937828183174 -0.023900000378489494 -0.003738999366760254 0.05117716267704964 -0.020899999886751175 -0.004067584872245789 0.05117716267704964 -0.023900000378489494 -0.004067584872245789 0.05121195316314697 -0.020899999886751175 -0.004074469208717346 0.05121195316314697 -0.023900000378489494 -0.004074469208717346 0.05199999734759331 -0.020899999886751175 -0.004149980843067169 0.05199999734759331 -0.023900000378489494 -0.004149980843067169 0.025999998673796654 -0.012250000610947609 -0.01224999874830246 0.025999998673796654 -0.015090461820363998 0.007487006485462189 0.025999998673796654 -0.012250000610947609 0.012250006198883057 0.025999998673796654 -0.015090461820363998 0.008513003587722778 0.025999998673796654 -0.01575000025331974 0.009299002587795258 0.025999998673796654 -0.018950000405311584 0.012250006198883057 0.025999998673796654 -0.01676047220826149 0.009477205574512482 0.025999998673796654 -0.01764906756579876 0.008964203298091888 0.025999998673796654 -0.018000001087784767 0.008000001311302185 0.0332084484398365 -0.017328331246972084 0.009250104427337646 0.03338172659277916 -0.017816049978137016 0.008719205856323242 0.033053819090127945 -0.016630956903100014 0.009494103491306305 0.033380597829818726 -0.017813418060541153 0.012250006198883057 0.032999999821186066 -0.01590000092983246 0.012250006198883057 0.032999999821186066 -0.01590000092983246 0.00937480479478836 0.025999998673796654 -0.018950000405311584 -0.01224999874830246 0.025999998673796654 -0.01575000025331974 -0.00929899513721466 0.025999998673796654 -0.015090461820363998 -0.008512996137142181 0.025999998673796654 -0.01676047220826149 -0.009477198123931885 0.032999999821186066 -0.01590000092983246 -0.01224999874830246 0.025999998673796654 -0.015090461820363998 -0.007486999034881592 0.032999999821186066 -0.015245010145008564 -0.008821599185466766 0.032999999821186066 -0.01590000092983246 -0.009374797344207764 0.030949998646974564 -0.023900000378489494 -0.01224999874830246 0.032999999821186066 -0.015000000596046448 -0.007999993860721588 0.033053819090127945 -0.016630956903100014 -0.009494096040725708 0.033380597829818726 -0.017813418060541153 -0.01224999874830246 0.0332084484398365 -0.017328331246972084 -0.00925009697675705 0.03446446731686592 -0.01943553425371647 -0.01224999874830246 0.025999998673796654 -0.01764906756579876 -0.008964195847511292 0.03608657792210579 -0.020519398152828217 -0.01224999874830246 0.03338172659277916 -0.017816049978137016 -0.008719198405742645 0.03799999877810478 -0.020899999886751175 -0.01224999874830246 0.025999998673796654 -0.018000001087784767 -0.007999993860721588 0.043449997901916504 -0.023900000378489494 -0.01224999874830246 0.03346237912774086 -0.018000001087784767 -0.007999993860721588 0.03338172659277916 -0.017816049978137016 -0.007280796766281128 0.025999998673796654 -0.012250000610947609 -0.018950000405311584 0.025999998673796654 -0.009477212093770504 -0.01623949408531189 0.025999998673796654 -0.008964181877672672 -0.015350893139839172 0.025999998673796654 -0.009299038909375668 -0.017250001430511475 0.01899999938905239 -0.012250000610947609 -0.01590000092983246 0.025999998673796654 -0.00800000037997961 -0.015000000596046448 0.01899999938905239 -0.008821584284305573 -0.015244990587234497 0.01899999938905239 -0.012250000610947609 0.01590000092983246 0.025999998673796654 -0.012250000610947609 0.018950000405311584 0.021049998700618744 -0.012250000610947609 0.023900002241134644 0.021049998700618744 0.01224999874830246 0.023900002241134644 0.008984806947410107 -0.0001736502454150468 0.023900002241134644 0.032999999821186066 -0.015245010145008564 0.008821606636047363 0.032999999821186066 -0.015000000596046448 0.008000001311302185 0.032999999821186066 -0.010000000707805157 0.008000001311302185 0.032999999821186066 -0.015245010145008564 0.007178403437137604 0.025999998673796654 -0.01575000025331974 0.0067010000348091125 0.032999999821186066 -0.01590000092983246 0.0066252052783966064 0.025999998673796654 -0.01676047220826149 0.006522804498672485 0.033053819090127945 -0.016630956903100014 0.006505906581878662 0.0332084484398365 -0.017328331246972084 0.0067499056458473206 0.025999998673796654 0.018949998542666435 0.012250006198883057 0.025999998673796654 0.016239529475569725 0.009477205574512482 0.025999998673796654 0.01224999874830246 0.012250006198883057 0.025999998673796654 0.015350928530097008 0.008964203298091888 0.025999998673796654 0.017249999567866325 0.009299002587795258 0.032999999821186066 0.01589999906718731 0.012250006198883057 0.025999998673796654 0.014999998733401299 0.008000001311302185 0.032999999821186066 0.01524500921368599 0.008821606636047363 0.025999998673796654 -0.007486970629543066 0.015090465545654297 0.025999998673796654 -0.008513030596077442 0.015090465545654297 0.025999998673796654 -0.009299038909375668 0.015750005841255188 0.030949998646974564 -0.023900000378489494 0.012250006198883057 0.025999998673796654 -0.009477212093770504 0.01676047593355179 0.04301518574357033 -0.023900000378489494 0.00017360597848892212 0.025999998673796654 -0.008964181877672672 0.01764906942844391 0.018791548907756805 -0.009250110946595669 0.017328336834907532 0.025999998673796654 -0.01764906756579876 0.007035806775093079 0.03338172659277916 -0.017816049978137016 0.007280804216861725 0.025999998673796654 -0.01764906756579876 -0.007035799324512482 0.03346237912774086 -0.018000001087784767 0.008000001311302185 0.0332084484398365 -0.017328331246972084 -0.006749898195266724 0.025999998673796654 -0.01676047220826149 -0.006522797048091888 0.025999998673796654 -0.01575000025331974 -0.0067010000348091125 0.043449997901916504 -0.023900000378489494 0.012250006198883057 0.03799999877810478 -0.020899999886751175 0.012250006198883057 0.03608657792210579 -0.020519398152828217 0.012250006198883057 0.043449997901916504 -0.020899999886751175 0.012250006198883057 0.043357208371162415 -0.023900000378489494 0.0007660016417503357 0.03446446731686592 -0.01943553425371647 0.012250006198883057 0.04399999603629112 -0.023900000378489494 0.0010000020265579224 0.05113396793603897 -0.023900000378489494 0.007500000298023224 0.04464278742671013 -0.023900000378489494 0.0007660016417503357 0.05101518705487251 -0.023900000378489494 0.00817359983921051 0.04498480632901192 -0.023900000378489494 0.00017360597848892212 0.04486602544784546 -0.023900000378489494 -0.0004999935626983643 0.04434201866388321 -0.023900000378489494 -0.0009396970272064209 0.043657977133989334 -0.023900000378489494 -0.0009396970272064209 0.043133966624736786 -0.023900000378489494 -0.0004999935626983643 0.025999998673796654 0.01224999874830246 -0.01224999874830246 0.025999998673796654 0.016239529475569725 -0.009477198123931885 0.025999998673796654 0.018949998542666435 -0.01224999874830246 0.025999998673796654 0.017249999567866325 -0.00929899513721466 0.025999998673796654 0.015350928530097008 -0.008964195847511292 0.032999999821186066 0.01589999906718731 -0.01224999874830246 0.025999998673796654 0.017909539863467216 -0.008512996137142181 0.033053819090127945 0.016630960628390312 -0.009494096040725708 0.032999999821186066 0.01589999906718731 -0.009374797344207764 0.030949998646974564 0.023900000378489494 -0.01224999874830246 0.03338172659277916 0.017816049978137016 -0.008719198405742645 0.0332084484398365 0.017328327521681786 -0.00925009697675705 0.032999999821186066 0.01524500921368599 -0.008821599185466766 0.030949998646974564 0.023900000378489494 0.012250006198883057 0.033380597829818726 0.017813419923186302 -0.01224999874830246 0.025999998673796654 0.007999999448657036 -0.015000000596046448 0.025999998673796654 0.008964179083704948 -0.015350893139839172 0.025999998673796654 0.0070358202792704105 -0.015350893139839172 0.025999998673796654 -0.007035819347947836 -0.015350893139839172 0.025999998673796654 -0.00652278820052743 -0.01623949408531189 0.033053819090127945 -0.016630956903100014 -0.006505899131298065 0.032999999821186066 -0.01590000092983246 -0.0066251978278160095 0.032999999821186066 -0.015245010145008564 -0.007178395986557007 0.032999999821186066 -0.009649067185819149 -0.007035799324512482 0.032999999821186066 -0.010000000707805157 -0.007999993860721588 0.025999998673796654 -0.00997509341686964 -0.007727794349193573 0.025999998673796654 -0.009869372472167015 -0.008612193167209625 0.025999998673796654 -0.0095606604591012 -0.006939299404621124 0.032999999821186066 -0.009649067185819149 -0.008964195847511292 0.025999998673796654 -0.009489397518336773 -0.008322000503540039 0.025999998673796654 -0.009060660377144814 -0.0074393004179000854 0.025999998673796654 -0.009280776605010033 -0.009280793368816376 0.032999999821186066 -0.008760472759604454 -0.009477198123931885 0.01899999938905239 -0.009299038909375668 -0.00925000011920929 0.01899999938905239 -0.009477212093770504 -0.008239500224590302 0.025999998673796654 -0.008612225763499737 -0.009869396686553955 0.032999999821186066 -0.005000000353902578 0.003000006079673767 0.032999999821186066 -0.007090460974723101 0.0005130022764205933 0.032999999821186066 -0.005000000353902578 -0.00299999862909317 0.032999999821186066 -0.007090460974723101 -0.0005129948258399963 0.032999999821186066 -0.007750000339001417 0.0012990012764930725 0.025999998673796654 -0.005000000353902578 0.003000006079673767 0.032999999821186066 -0.007750000339001417 -0.0012989938259124756 0.032999999821186066 -0.008760472759604454 -0.0014771968126296997 0.032999999821186066 -0.008760472759604454 -0.006522797048091888 0.032999999821186066 -0.007750000339001417 -0.0067010000348091125 0.032999999821186066 -0.007090460974723101 -0.007486999034881592 0.032999999821186066 -0.0011490699835121632 -0.007035799324512482 0.032999999821186066 -0.001500000711530447 -0.007999993860721588 0.025999998673796654 -0.0012958399020135403 -0.007244497537612915 0.032999999821186066 -0.007090460974723101 -0.008512996137142181 0.025999998673796654 -0.0014790198765695095 -0.008249998092651367 0.025999998673796654 -0.000511030200868845 -0.0065896958112716675 0.032999999821186066 -0.0011490699835121632 -0.008964195847511292 0.025999998673796654 -0.0009682499803602695 -0.0073543936014175415 0.032999999821186066 -0.007750000339001417 -0.00929899513721466 0.032999999821186066 -0.00026046999846585095 -0.009477198123931885 0.043449997901916504 -0.020899999886751175 -0.01224999874830246 0.05346733704209328 -0.020899999886751175 -0.010901696979999542 0.05346733704209328 -0.023900000378489494 -0.010901696979999542 0.05165797844529152 -0.020899999886751175 -0.008939698338508606 0.05165797844529152 -0.023900000378489494 -0.008939698338508606 0.052342016249895096 -0.020899999886751175 -0.008939698338508606 0.043657977133989334 -0.020899999886751175 -0.0009396970272064209 0.052342016249895096 -0.023900000378489494 -0.008939698338508606 0.05113396793603897 -0.023900000378489494 -0.00849999487400055 0.052866026759147644 -0.020899999886751175 -0.00849999487400055 0.04434201866388321 -0.020899999886751175 -0.0009396970272064209 0.05101518705487251 -0.023900000378489494 -0.007826395332813263 0.056233566254377365 -0.020899999886751175 -0.010152697563171387 0.0529848076403141 -0.020899999886751175 -0.007826395332813263 0.01899999938905239 -0.009374773129820824 -0.01590000092983246 0.018946180120110512 -0.00949407834559679 -0.01663099229335785 0.018619397655129433 -0.012250000610947609 -0.01781339943408966 0.018791548907756805 -0.009250110946595669 -0.01732829213142395 0.021049998700618744 -0.012250000610947609 -0.023900002241134644 0.0186182651668787 -0.008719244971871376 -0.01781599223613739 0.025999998673796654 -0.008513030596077442 -0.017909497022628784 0.018537618219852448 -0.00800000037997961 -0.01799999177455902 0.025999998673796654 0.01224999874830246 -0.018950000405311584 0.025999998673796654 -0.007486970629543066 -0.017909497022628784 0.025999998673796654 0.007486969698220491 -0.017909497022628784 0.025999998673796654 0.008513029664754868 -0.017909497022628784 0.0186182651668787 -0.007280756253749132 -0.01781599223613739 0.018537618219852448 0.007999999448657036 -0.01799999177455902 0.0186182651668787 0.007280759979039431 -0.01781599223613739 0.0186182651668787 0.008719239383935928 -0.01781599223613739 0.018619397655129433 0.01224999874830246 -0.01781339943408966 0.017535533756017685 -0.012250000610947609 -0.019435495138168335 0.017535533756017685 0.01224999874830246 -0.019435495138168335 0.021049998700618744 0.01224999874830246 -0.023900002241134644 0.01591341570019722 -0.012250000610947609 -0.02051939070224762 0.01591341570019722 0.01224999874830246 -0.02051939070224762 0.013999998569488525 0.01224999874830246 -0.020899996161460876 0.013999998569488525 -0.012250000610947609 -0.020899996161460876 0.008984806947410107 -0.0001736502454150468 -0.020899996161460876 0.0088660242035985 0.0004999996162950993 -0.020899996161460876 0.008342018350958824 0.0009396900422871113 -0.020899996161460876 0.008549998514354229 0.01224999874830246 -0.020899996161460876 0.007657978683710098 0.0009396900422871113 -0.020899996161460876 0.025999998673796654 -0.006700962316244841 -0.017250001430511475 0.025999998673796654 0.006700959522277117 -0.017250001430511475 0.025999998673796654 0.006522790063172579 -0.01623949408531189 0.018946180120110512 -0.006505921948701143 -0.01663099229335785 0.01899999938905239 -0.00662522716447711 -0.01590000092983246 0.018791548907756805 -0.006749890279024839 -0.01732829213142395 0.01899999938905239 0.006625229958444834 -0.01590000092983246 0.01899999938905239 -0.007178416009992361 -0.015244990587234497 0.01899999938905239 -0.00800000037997961 -0.015000000596046448 0.01899999938905239 -0.008964181877672672 -0.007350899279117584 0.01899999938905239 -0.008513030596077442 -0.0014094933867454529 0.01899999938905239 -0.00800000037997961 -0.006999999284744263 0.01899999938905239 -0.007486970629543066 -0.0014094933867454529 0.01899999938905239 -0.009299038909375668 -0.0007499977946281433 0.01899999938905239 -0.007035819347947836 -0.007350899279117584 0.025999998673796654 -0.00914564449340105 -0.0009681954979896545 0.025999998673796654 -0.007219224702566862 -0.007219195365905762 0.01899999938905239 -0.003000000026077032 -0.004999995231628418 0.025999998673796654 -0.00950000062584877 -3.469446951953614E-17 0.01899999938905239 -0.009477212093770504 0.0002605020999908447 0.025999998673796654 -0.006630627904087305 -0.007887795567512512 0.01899999938905239 -0.00652278820052743 -0.008239500224590302 0.01899999938905239 -0.006700962316244841 -0.0007499977946281433 0.025999998673796654 -0.007244484964758158 -0.0012957975268363953 0.025999998673796654 -0.006589736323803663 -0.0005109980702400208 0.01899999938905239 -0.008513030596077442 -0.009909495711326599 0.01899999938905239 -0.007486970629543066 -0.009909495711326599 0.008549998514354229 -0.012250000610947609 0.023900002241134644 0.013999998569488525 -0.012250000610947609 0.020900003612041473 0.01591341570019722 -0.012250000610947609 0.020519405603408813 0.008549998514354229 -0.012250000610947609 0.020900003612041473 0.008642787113785744 -0.0007660402916371822 0.023900002241134644 0.017535533756017685 -0.012250000610947609 0.01943553239107132 0.007999998517334461 -0.0010000006295740604 0.023900002241134644 0.018619397655129433 -0.012250000610947609 0.01781342178583145 0.003246418898925185 -0.002585201058536768 0.023900002241134644 0.003244600957259536 -0.002587482798844576 0.023900002241134644 0.003051726846024394 -0.0028123767115175724 0.023900002241134644 0.000866029120516032 -0.007499999832361937 0.023900002241134644 0.0028062553610652685 -0.003057356458157301 0.023900002241134644 0.0032798710744827986 -0.0025426256470382214 0.023900002241134644 0.007357210852205753 -0.0007660402916371822 0.023900002241134644 0.0009848091285675764 -0.008173649199306965 0.023900002241134644 0.003968354314565659 -0.0012143575586378574 0.023900002241134644 0.003979251254349947 -0.001178158912807703 0.023900002241134644 0.007015190552920103 -0.0001736502454150468 0.023900002241134644 0.004045950714498758 -0.0009234617464244366 0.023900002241134644 0.00413180748000741 0.0003881589218508452 0.023900002241134644 0.0041284868493676186 0.00042201249743811786 0.023900002241134644 0.007133973762392998 0.0004999996162950993 0.023900002241134644 0.004045950714498758 0.0009234626777470112 0.023900002241134644 0.0036843603011220694 0.0019099717028439045 0.023900002241134644 0.0036635601427406073 0.0019495715387165546 0.023900002241134644 0.007657978683710098 0.0009396900422871113 0.023900002241134644 0.003244600957259536 0.002587482798844576 0.023900002241134644 0.0028429764788597822 0.0030232411809265614 0.023900002241134644 0.002798249712213874 0.0030646868981420994 0.023900002241134644 0.008342018350958824 0.0009396900422871113 0.023900002241134644 0.008549998514354229 0.01224999874830246 0.023900002241134644 0.002436162671074271 0.0033597038127481937 0.023900002241134644 0.0088660242035985 0.0004999996162950993 0.023900002241134644 0.025999998673796654 -0.00800000037997961 0.018000006675720215 0.025999998673796654 0.01224999874830246 0.018950000405311584 0.025999998673796654 0.007999999448657036 0.018000006675720215 0.025999998673796654 0.008964179083704948 0.01764906942844391 0.025999998673796654 -0.007035819347947836 0.01764906942844391 0.0186182651668787 -0.008719244971871376 0.017816051840782166 0.025999998673796654 0.00947720929980278 0.01676047593355179 0.0186182651668787 -0.007280756253749132 0.017816051840782166 0.025999998673796654 0.0070358202792704105 0.01764906942844391 0.018537618219852448 -0.00800000037997961 0.018000006675720215 0.025999998673796654 -0.00652278820052743 0.01676047593355179 0.025999998673796654 0.006522790063172579 0.01676047593355179 0.018791548907756805 0.006749889347702265 0.017328336834907532 0.025999998673796654 0.006700959522277117 0.015750005841255188 0.025999998673796654 -0.006700962316244841 0.015750005841255188 0.025999998673796654 0.007486969698220491 0.015090465545654297 0.032999999821186066 0.004999999422580004 0.003000006079673767 0.032999999821186066 -0.00026046999846585095 0.006522804498672485 0.032999999821186066 -0.0011490699835121632 0.007035806775093079 0.032999999821186066 0.0007500001229345798 0.0067010000348091125 0.032999999821186066 -0.007090460974723101 0.007487006485462189 0.025999998673796654 -0.000511030200868845 0.006589703261852264 0.032999999821186066 -0.007750000339001417 0.0067010000348091125 0.032999999821186066 -0.001500000711530447 0.008000001311302185 0.025999998673796654 -0.0012958399020135403 0.007244504988193512 0.032999999821186066 -0.007090460974723101 0.008513003587722778 0.025999998673796654 -0.0009682499803602695 0.007354401051998138 0.032999999821186066 -0.0011490699835121632 0.008964203298091888 0.025999998673796654 -0.0014790198765695095 0.008250005543231964 0.025999998673796654 4.4242101648883647E-10 0.00700000673532486 0.032999999821186066 -0.007750000339001417 0.009299002587795258 0.032999999821186066 -0.00026046999846585095 0.009477205574512482 0.032999999821186066 -0.008760472759604454 0.009477205574512482 0.032999999821186066 -0.009649067185819149 0.008964203298091888 0.032999999821186066 -0.008760472759604454 0.0014772042632102966 0.032999999821186066 -0.008760472759604454 0.006522804498672485 0.032999999821186066 -0.009649067185819149 0.0009642019867897034 0.032999999821186066 -0.009649067185819149 0.007035806775093079 0.025999998673796654 -0.0095606604591012 0.006939299404621124 0.025999998673796654 -0.008772212080657482 0.006524905562400818 0.025999998673796654 -0.00997509341686964 0.00772780179977417 0.025999998673796654 -0.007887776009738445 0.006630599498748779 0.025999998673796654 -0.009060660377144814 0.0074393004179000854 0.025999998673796654 -0.008178035728633404 0.007010601460933685 0.025999998673796654 -0.009489397518336773 0.008322000503540039 0.025999998673796654 -0.009869372472167015 0.008612200617790222 0.025999998673796654 -0.009280776605010033 0.009280800819396973 0.032999999821186066 0.01589999906718731 0.00937480479478836 0.033053819090127945 0.016630960628390312 0.009494103491306305 0.033380597829818726 0.017813419923186302 0.012250006198883057 0.0332084484398365 0.017328327521681786 0.009250104427337646 0.03338172659277916 0.017816049978137016 0.008719205856323242 0.025999998673796654 0.017909539863467216 0.008513003587722778 0.03346237912774086 0.018000001087784767 0.008000001311302185 0.025999998673796654 0.017909539863467216 0.007487006485462189 0.025999998673796654 0.017909539863467216 -0.007486999034881592 0.03338172659277916 0.017816049978137016 0.007280804216861725 0.03346237912774086 0.018000001087784767 -0.007999993860721588 0.03338172659277916 0.017816049978137016 -0.007280796766281128 0.03446446731686592 0.01943553052842617 0.012250006198883057 0.03446446731686592 0.01943553052842617 -0.01224999874830246 0.03608657792210579 0.020519400015473366 0.012250006198883057 0.03608657792210579 0.020519400015473366 -0.01224999874830246 0.03799999877810478 0.020899998024106026 -0.01224999874830246 0.03799999877810478 0.020899998024106026 0.012250006198883057 0.04301518574357033 0.020899998024106026 0.00017360597848892212 0.043133966624736786 0.020899998024106026 -0.0004999935626983643 0.043657977133989334 0.020899998024106026 -0.0009396970272064209 0.043449997901916504 0.020899998024106026 -0.01224999874830246 0.04434201866388321 0.020899998024106026 -0.0009396970272064209 0.025999998673796654 0.014999998733401299 -0.007999993860721588 0.01899999938905239 0.01224999874830246 0.01590000092983246 0.025999998673796654 0.015350928530097008 -0.007035799324512482 0.025999998673796654 0.015350928530097008 0.007035806775093079 0.032999999821186066 0.014999998733401299 -0.007999993860721588 0.025999998673796654 0.016239529475569725 0.006522804498672485 0.032999999821186066 0.01524500921368599 0.007178403437137604 0.018619397655129433 0.01224999874830246 0.01781342178583145 0.032999999821186066 0.01524500921368599 -0.007178395986557007 0.032999999821186066 0.01589999906718731 0.0066252052783966064 0.032999999821186066 0.014999998733401299 0.008000001311302185 0.017535533756017685 0.01224999874830246 0.01943553239107132 0.032999999821186066 0.009909538552165031 0.007487006485462189 0.01591341570019722 0.01224999874830246 0.020519405603408813 0.013999998569488525 0.01224999874830246 0.020900003612041473 0.025999998673796654 0.009299039840698242 0.015750005841255188 0.025999998673796654 0.008513029664754868 0.015090465545654297 0.01899999938905239 0.008821578696370125 0.015245012938976288 0.01899999938905239 0.009374769404530525 0.01590000092983246 0.01899999938905239 0.007999999448657036 0.015000000596046448 0.018946180120110512 0.009494079276919365 0.01663096249103546 0.018791548907756805 0.009250110015273094 0.017328336834907532 0.0186182651668787 0.008719239383935928 0.017816051840782166 0.018537618219852448 0.007999999448657036 0.018000006675720215 0.0186182651668787 0.007280759979039431 0.017816051840782166 0.032999999821186066 0.007350929547101259 0.008964203298091888 0.032999999821186066 0.001409540418535471 0.008513003587722778 0.032999999821186066 0.00699999975040555 0.008000001311302185 0.032999999821186066 0.001409540418535471 0.007487006485462189 0.032999999821186066 0.0007500001229345798 0.009299002587795258 0.032999999821186066 0.007350929547101259 0.007035806775093079 0.032999999821186066 0.00823953002691269 0.009477205574512482 0.025999998673796654 0.007219220045953989 0.007219202816486359 0.025999998673796654 0.007887769490480423 0.006630599498748779 0.032999999821186066 0.00823953002691269 0.006522804498672485 0.025999998673796654 0.008178038522601128 0.007010601460933685 0.032999999821186066 0.00925000011920929 0.009299002587795258 0.025999998673796654 0.008772209286689758 0.006524905562400818 0.025999998673796654 0.009060658514499664 0.0074393004179000854 0.032999999821186066 0.009909538552165031 0.008513003587722778 0.018946180120110512 -0.00949407834559679 0.01663096249103546 0.01899999938905239 -0.009374773129820824 0.01590000092983246 0.01899999938905239 -0.008821584284305573 0.015245012938976288 0.01899999938905239 -0.00800000037997961 0.015000000596046448 0.01899999938905239 -0.007178416009992361 0.015245012938976288 0.01899999938905239 -0.00662522716447711 0.01590000092983246 0.018946180120110512 -0.006505921948701143 0.01663096249103546 0.018791548907756805 -0.006749890279024839 0.017328336834907532 0.05346733704209328 -0.020899999886751175 0.01090170443058014 0.05346733704209328 -0.023900000378489494 0.01090170443058014 0.0513572059571743 -0.020899999886751175 0.00876600295305252 0.056233566254377365 -0.020899999886751175 0.010152705013751984 0.0513572059571743 -0.023900000378489494 0.00876600295305252 0.05199999734759331 -0.020899999886751175 0.009000003337860107 0.0529848076403141 -0.020899999886751175 0.00817359983921051 0.05199999734759331 -0.023900000378489494 0.009000003337860107 0.052642788738012314 -0.020899999886751175 0.00876600295305252 0.052642788738012314 -0.023900000378489494 0.00876600295305252 0.056233566254377365 -0.023900000378489494 0.010152705013751984 0.043357208371162415 -0.020899999886751175 0.0007660016417503357 0.04399999603629112 -0.020899999886751175 0.0010000020265579224 0.04301518574357033 -0.020899999886751175 0.00017360597848892212 0.04464278742671013 -0.020899999886751175 0.0007660016417503357 0.043133966624736786 -0.020899999886751175 -0.0004999935626983643 0.04498480632901192 -0.020899999886751175 0.00017360597848892212 0.04486602544784546 -0.020899999886751175 -0.0004999935626983643 0.05101518705487251 -0.020899999886751175 -0.007826395332813263 0.05165797844529152 -0.020899999886751175 0.007060304284095764 0.05509668216109276 -0.023900000378489494 0.002762816846370697 0.060735687613487244 -0.023900000378489494 0.006684906780719757 0.053812481462955475 -0.023900000378489494 0.003733307123184204 0.053800616413354874 -0.023900000378489494 0.0037390440702438354 0.0587124265730381 -0.023900000378489494 0.008714504539966583 0.053740642964839935 -0.023900000378489494 0.0037673339247703552 0.05596834793686867 -0.023900000378489494 0.0012143850326538086 0.059357207268476486 -0.023900000378489494 0.0007660016417503357 0.055279918015003204 -0.023900000378489494 0.0025425851345062256 0.05359163507819176 -0.023900000378489494 0.0038326680660247803 0.052866026759147644 -0.023900000378489494 0.007500000298023224 0.05597924441099167 -0.023900000378489494 0.0011781901121139526 0.0590151883661747 -0.023900000378489494 0.00017360597848892212 0.05613180249929428 -0.023900000378489494 -0.00038814544677734375 0.05604594945907593 -0.023900000378489494 0.0009234845638275146 0.0513572059571743 -0.023900000378489494 -0.007233999669551849 0.05282283201813698 -0.023900000378489494 -0.004067584872245789 0.052642788738012314 -0.023900000378489494 -0.007233999669551849 0.053800616413354874 -0.023900000378489494 -0.003738999366760254 0.05424156412482262 -0.023900000378489494 -0.0034925267100334167 0.05101518705487251 -0.020899999886751175 0.00817359983921051 0.05113396793603897 -0.020899999886751175 0.007500000298023224 0.0529848076403141 -0.023900000378489494 0.00817359983921051 0.05165797844529152 -0.023900000378489494 0.007060304284095764 0.052866026759147644 -0.020899999886751175 0.007500000298023224 0.052342016249895096 -0.020899999886751175 0.007060304284095764 0.052342016249895096 -0.023900000378489494 0.007060304284095764 0.052016761153936386 -0.020899999886751175 0.004149988293647766 0.05355377122759819 -0.023900000378489494 0.0038481727242469788 0.052016761153936386 -0.023900000378489494 0.004149988293647766 0.05355377122759819 -0.020899999886751175 0.0038481727242469788 0.05359163507819176 -0.020899999886751175 0.0038326680660247803 0.0587124265730381 -0.020899999886751175 0.008714504539966583 0.053740642964839935 -0.020899999886751175 0.0037673339247703552 0.053800616413354874 -0.020899999886751175 0.0037390440702438354 0.05505472794175148 -0.020899999886751175 0.0028091371059417725 0.05509668216109276 -0.020899999886751175 0.002762816846370697 0.060735687613487244 -0.020899999886751175 0.006684906780719757 0.055141087621450424 -0.020899999886751175 0.0027122274041175842 0.062165986746549606 -0.020899999886751175 0.0042015016078948975 0.032999999821186066 0.00823953002691269 -0.0014771968126296997 0.032999999821186066 0.00823953002691269 -0.006522797048091888 0.032999999821186066 0.00925000011920929 -0.0012989938259124756 0.032999999821186066 0.00925000011920929 -0.0067010000348091125 0.032999999821186066 0.01589999906718731 -0.0066251978278160095 0.032999999821186066 0.009909538552165031 -0.007486999034881592 0.032999999821186066 0.009909538552165031 -0.008512996137142181 0.032999999821186066 0.00925000011920929 -0.00929899513721466 0.032999999821186066 0.00823953002691269 -0.009477198123931885 0.032999999821186066 0.0007500001229345798 -0.00929899513721466 0.032999999821186066 0.007350929547101259 -0.008964195847511292 0.032999999821186066 0.001409540418535471 -0.008512996137142181 0.025999998673796654 0.007439339999109507 -0.009060695767402649 0.032999999821186066 0.00699999975040555 -0.007999993860721588 0.025999998673796654 0.008321959525346756 -0.009489394724369049 0.025999998673796654 0.007010600063949823 -0.008177995681762695 0.032999999821186066 0.001409540418535471 -0.007486999034881592 0.025999998673796654 0.007727789226919413 -0.009975098073482513 0.025999998673796654 0.006524909753352404 -0.008772194385528564 0.025999998673796654 0.0014790189452469349 -0.008249998092651367 0.032999999821186066 0.007350929547101259 -0.007035799324512482 0.025999998673796654 0.007219220045953989 -0.007219195365905762 0.025999998673796654 0.006939338985830545 -0.00956069678068161 0.025999998673796654 0.006630629766732454 -0.007887795567512512 0.025999998673796654 0.007887769490480423 -0.006630599498748779 0.043357208371162415 0.020899998024106026 0.0007660016417503357 0.043357208371162415 0.023900000378489494 0.0007660016417503357 0.04399999603629112 0.020899998024106026 0.0010000020265579224 0.04399999603629112 0.023900000378489494 0.0010000020265579224 0.04301518574357033 0.023900000378489494 0.00017360597848892212 0.04464278742671013 0.020899998024106026 0.0007660016417503357 0.043449997901916504 0.023900000378489494 0.012250006198883057 0.04464278742671013 0.023900000378489494 0.0007660016417503357 0.043133966624736786 0.023900000378489494 -0.0004999935626983643 0.04498480632901192 0.020899998024106026 0.00017360597848892212 0.04498480632901192 0.023900000378489494 0.00017360597848892212 0.043657977133989334 0.023900000378489494 -0.0009396970272064209 0.04486602544784546 0.020899998024106026 -0.0004999935626983643 0.04486602544784546 0.023900000378489494 -0.0004999935626983643 0.04434201866388321 0.023900000378489494 -0.0009396970272064209 0.043449997901916504 0.023900000378489494 -0.01224999874830246 0.025999998673796654 0.00947720929980278 -0.01623949408531189 0.025999998673796654 0.009299039840698242 -0.017250001430511475 0.01899999938905239 0.01224999874830246 -0.01590000092983246 0.018946180120110512 0.009494079276919365 -0.01663099229335785 0.01899999938905239 0.009374769404530525 -0.01590000092983246 0.018791548907756805 0.009250110015273094 -0.01732829213142395 0.01899999938905239 0.008821578696370125 -0.015244990587234497 0.01899999938905239 0.007999999448657036 -0.015000000596046448 0.01899999938905239 0.007178418803960085 -0.015244990587234497 0.018946180120110512 0.006505920086055994 -0.01663099229335785 0.018791548907756805 0.006749889347702265 -0.01732829213142395 0.032999999821186066 -0.010000000707805157 -3.469446951953614E-17 0.025999998673796654 -0.009910264983773232 0.0005110055208206177 0.032999999821186066 -0.009649067185819149 -0.0009641945362091064 0.025999998673796654 -0.009910264983773232 -0.0005109980702400208 0.025999998673796654 -0.009255515411496162 0.0012958049774169922 0.025999998673796654 -0.00914564449340105 0.0009682029485702515 0.025999998673796654 -0.008250000886619091 0.0014789998531341553 0.025999998673796654 -0.008772212080657482 -0.006524898111820221 0.025999998673796654 -0.007887776009738445 -0.006630599498748779 0.025999998673796654 -0.007010602857917547 -0.008177995681762695 0.025999998673796654 -0.00652490695938468 -0.008772194385528564 0.025999998673796654 -0.007439339999109507 -0.009060695767402649 0.025999998673796654 -0.00693933991715312 -0.00956069678068161 0.025999998673796654 -0.007727788295596838 -0.009975098073482513 0.025999998673796654 -0.008178035728633404 -0.007010594010353088 0.025999998673796654 -0.008321965113282204 -0.009489394724369049 0.01899999938905239 0.0029999990947544575 -0.004999995231628418 0.01899999938905239 4.4242101648883647E-10 -0.006999999284744263 0.01899999938905239 -0.0009641801007091999 -0.007350899279117584 0.01899999938905239 -0.0014772103168070316 -0.008239500224590302 0.025999998673796654 4.4242101648883647E-10 -0.006999999284744263 0.01899999938905239 0.0009641801007091999 -0.007350899279117584 0.01899999938905239 -0.001299039926379919 -0.00925000011920929 0.025999998673796654 0.0009682499803602695 -0.0073543936014175415 0.01899999938905239 -0.006700962316244841 -0.00925000011920929 0.01899999938905239 0.0014772103168070316 -0.008239500224590302 0.01899999938905239 -0.000513030681759119 -0.009909495711326599 0.01899999938905239 0.0012990389950573444 -0.00925000011920929 0.01899999938905239 0.0005130288191139698 -0.009909495711326599 0.025999998673796654 -0.007244484964758158 0.0012958049774169922 0.025999998673796654 -0.00735435588285327 0.0009682029485702515 0.025999998673796654 -0.006589736323803663 0.0005110055208206177 0.025999998673796654 -0.007000000681728125 -3.469446951953614E-17 0.01899999938905239 -0.007035819347947836 0.001149103045463562 0.025999998673796654 -0.00735435588285327 -0.0009681954979896545 0.01899999938905239 -0.00652278820052743 0.0002605020999908447 0.025999998673796654 -0.008250000886619091 -0.0014789998531341553 0.025999998673796654 -0.009255515411496162 -0.0012957975268363953 0.025999998673796654 0.004999999422580004 0.003000006079673767 0.025999998673796654 0.0029999990947544575 0.003000006079673767 0.025999998673796654 0.004999999422580004 -0.00299999862909317 0.025999998673796654 0.0029999990947544575 -0.00299999862909317 0.025999998673796654 -0.003000000026077032 0.003000006079673767 0.025999998673796654 -0.005000000353902578 -0.00299999862909317 0.025999998673796654 -0.003000000026077032 -0.00299999862909317 0.032999999821186066 0.004999999422580004 -0.00299999862909317 0.032999999821186066 -0.00026046999846585095 -0.006522797048091888 0.032999999821186066 0.0007500001229345798 -0.0067010000348091125 0.025999998673796654 0.000511030200868845 -0.0065896958112716675 0.025999998673796654 0.0012958389706909657 -0.007244497537612915 0.032999999821186066 0.007350929547101259 -0.0009641945362091064 0.025999998673796654 0.008772209286689758 -0.006524898111820221 0.032999999821186066 0.00699999975040555 -3.469446951953614E-17 0.025999998673796654 0.009560659527778625 -0.006939299404621124 0.025999998673796654 0.009975088760256767 -0.007727794349193573 0.025999998673796654 0.009869368746876717 -0.008612193167209625 0.025999998673796654 0.009280778467655182 -0.009280793368816376 0.025999998673796654 0.00861222855746746 -0.009869396686553955 0.025999998673796654 0.0012958389706909657 -0.00925549864768982 0.025999998673796654 0.0009682499803602695 -0.009145595133304596 0.025999998673796654 0.000511030200868845 -0.009910300374031067 0.025999998673796654 4.4242101648883647E-10 -0.009499996900558472 0.025999998673796654 -0.000511030200868845 -0.009910300374031067 0.025999998673796654 -0.0009682499803602695 -0.009145595133304596 0.025999998673796654 -0.0012958399020135403 -0.00925549864768982 0.056233566254377365 -0.023900000378489494 -0.010152697563171387 0.052866026759147644 -0.023900000378489494 -0.00849999487400055 0.0587124265730381 -0.023900000378489494 -0.008714497089385986 0.0587124265730381 -0.020899999886751175 -0.008714497089385986 0.060735687613487244 -0.023900000378489494 -0.00668489933013916 0.05444462224841118 -0.023900000378489494 -0.003353528678417206 0.05449686199426651 -0.023900000378489494 -0.0033148154616355896 0.060735687613487244 -0.020899999886751175 -0.00668489933013916 0.05524459853768349 -0.023900000378489494 -0.002587459981441498 0.05557847395539284 -0.023900000378489494 -0.0021016448736190796 0.062165986746549606 -0.023900000378489494 -0.0042014941573143005 0.05449686199426651 -0.020899999886751175 -0.0033148154616355896 0.05444462224841118 -0.020899999886751175 -0.003353528678417206 0.0556095689535141 -0.023900000378489494 -0.0020477846264839172 0.062165986746549606 -0.020899999886751175 -0.0042014941573143005 0.05557847395539284 -0.020899999886751175 -0.0021016448736190796 0.05524459853768349 -0.020899999886751175 -0.002587459981441498 0.055663544684648514 -0.023900000378489494 -0.0019495710730552673 0.059657976031303406 -0.023900000378489494 -0.0009396970272064209 0.06290627270936966 -0.023900000378489494 -0.0014328956604003906 0.0556095689535141 -0.020899999886751175 -0.0020477846264839172 0.06290627270936966 -0.020899999886751175 -0.0014328956604003906 0.055663544684648514 -0.020899999886751175 -0.0019495710730552673 0.059657976031303406 -0.020899999886751175 -0.0009396970272064209 0.06290627270936966 -0.023900000378489494 0.0014329031109809875 0.06034201756119728 -0.020899999886751175 -0.0009396970272064209 0.06290627270936966 -0.020899999886751175 0.0014329031109809875 0.062165986746549606 -0.023900000378489494 0.0042015016078948975 0.06098480895161629 -0.020899999886751175 0.00017360597848892212 0.05999999865889549 -0.023900000378489494 0.0010000020265579224 0.0606427863240242 -0.020899999886751175 0.0007660016417503357 0.05524645745754242 -0.023900000378489494 0.002585172653198242 0.05524459853768349 -0.023900000378489494 0.0025875046849250793 0.055141087621450424 -0.023900000378489494 0.0027122274041175842 0.0513572059571743 -0.020899999886751175 -0.007233999669551849 0.05199999734759331 -0.023900000378489494 -0.006999999284744263 0.05199999734759331 -0.020899999886751175 -0.006999999284744263 0.05278804153203964 -0.023900000378489494 -0.004074469208717346 0.052642788738012314 -0.020899999886751175 -0.007233999669551849 0.05278804153203964 -0.020899999886751175 -0.004074469208717346 0.05113396793603897 -0.020899999886751175 -0.00849999487400055 0.0529848076403141 -0.023900000378489494 -0.007826395332813263 0.05282283201813698 -0.020899999886751175 -0.004067584872245789 0.05424156412482262 -0.020899999886751175 -0.0034925267100334167 0.053800616413354874 -0.020899999886751175 -0.003738999366760254 0.054282788187265396 -0.020899999886751175 -0.003465719521045685 0.008549998514354229 -0.012250000610947609 -0.020899996161460876 -0.0014673408586531878 -0.010901693254709244 -0.020899996161460876 0.008549998514354229 -0.012250000610947609 -0.023900002241134644 -0.0014673408586531878 -0.010901693254709244 -0.023900002241134644 0.0006427892367355525 -0.008766044862568378 -0.020899996161460876 0.0006427892367355525 -0.008766044862568378 -0.023900002241134644 0.0009848091285675764 -0.008173649199306965 -0.020899996161460876 -1.2011749372931035E-09 -0.009000000543892384 -0.020899996161460876 0.0009848091285675764 -0.008173649199306965 -0.023900002241134644 -0.0006427907501347363 -0.008766044862568378 -0.020899996161460876 0.000866029120516032 -0.007499999832361937 -0.023900002241134644 -0.000984811456874013 -0.008173649199306965 -0.020899996161460876 -0.004233571235090494 -0.010152681730687618 -0.023900002241134644 -0.004233571235090494 -0.010152681730687618 -0.020899996161460876 -0.00671243155375123 -0.008714542724192142 -0.023900002241134644 -0.00671243155375123 -0.008714542724192142 -0.020899996161460876 -0.008735690265893936 -0.0066848923452198505 -0.023900002241134644 -0.0008660315652377903 -0.007499999832361937 -0.020899996161460876 -0.008735690265893936 -0.0066848923452198505 -0.020899996161460876 -0.010165991261601448 -0.0042015002109110355 -0.023900002241134644 -0.010165991261601448 -0.0042015002109110355 -0.020899996161460876 -0.010906271636486053 -0.001432920340448618 -0.023900002241134644 -0.010906271636486053 -0.001432920340448618 -0.020899996161460876 -0.010906271636486053 0.001432920340448618 -0.023900002241134644 -0.00898481160402298 -0.0001736502454150468 -0.023900002241134644 -0.010906271636486053 0.001432920340448618 -0.020899996161460876 -0.008642790839076042 -0.0007660402916371822 -0.023900002241134644 -0.010165991261601448 0.0042015002109110355 -0.023900002241134644 -0.008000001311302185 -0.0010000006295740604 -0.023900002241134644 -0.010165991261601448 0.0042015002109110355 -0.020899996161460876 -0.008735690265893936 0.006684890482574701 -0.023900002241134644 -0.008735690265893936 0.006684890482574701 -0.020899996161460876 -0.007657981012016535 0.0009396900422871113 -0.023900002241134644 -0.00671243155375123 0.008714539930224419 -0.023900002241134644 -0.00671243155375123 0.008714539930224419 -0.020899996161460876 -0.004233571235090494 0.010152678936719894 -0.023900002241134644 -0.000984811456874013 0.007826348766684532 -0.023900002241134644 -0.004233571235090494 0.010152678936719894 -0.020899996161460876 -0.0014673408586531878 0.010901689529418945 -0.023900002241134644 -0.0014673408586531878 0.010901689529418945 -0.020899996161460876 0.008549998514354229 0.01224999874830246 -0.023900002241134644 0.008342018350958824 0.0009396900422871113 -0.023900002241134644 0.008642787113785744 -0.0007660402916371822 -0.020899996161460876 0.008642787113785744 -0.0007660402916371822 -0.023900002241134644 0.007999998517334461 -0.0010000006295740604 -0.020899996161460876 0.007999998517334461 -0.0010000006295740604 -0.023900002241134644 0.008984806947410107 -0.0001736502454150468 -0.023900002241134644 0.007357210852205753 -0.0007660402916371822 -0.020899996161460876 0.007357210852205753 -0.0007660402916371822 -0.023900002241134644 0.0088660242035985 0.0004999996162950993 -0.023900002241134644 0.007015190552920103 -0.0001736502454150468 -0.020899996161460876 0.0032798710744827986 -0.0025426256470382214 -0.023900002241134644 0.003246418898925185 -0.002585201058536768 -0.023900002241134644 0.007015190552920103 -0.0001736502454150468 -0.023900002241134644 0.003968354314565659 -0.0012143575586378574 -0.023900002241134644 0.007133973762392998 0.0004999996162950993 -0.020899996161460876 0.003979251254349947 -0.001178158912807703 -0.023900002241134644 0.007133973762392998 0.0004999996162950993 -0.023900002241134644 0.00413180748000741 0.0003881589218508452 -0.023900002241134644 0.004045950714498758 -0.0009234617464244366 -0.023900002241134644 0.007657978683710098 0.0009396900422871113 -0.023900002241134644 0.0041284868493676186 0.00042201249743811786 -0.023900002241134644 0.002798249712213874 0.0030646868981420994 -0.023900002241134644 0.0028429764788597822 0.0030232411809265614 -0.023900002241134644 0.0036843603011220694 0.0019099717028439045 -0.023900002241134644 0.004045950714498758 0.0009234626777470112 -0.023900002241134644 0.003244600957259536 0.002587482798844576 -0.023900002241134644 0.0036635601427406073 0.0019495715387165546 -0.023900002241134644 0.002436162671074271 0.0033597038127481937 -0.023900002241134644 0.003246418898925185 -0.002585201058536768 -0.020899996161460876 0.003244600957259536 -0.002587482798844576 -0.020899996161460876 0.003051726846024394 -0.0028123767115175724 -0.020899996161460876 0.002849387703463435 -0.0030171996913850307 -0.020899996161460876 0.0032798710744827986 -0.0025426256470382214 -0.020899996161460876 0.003968354314565659 -0.0012143575586378574 -0.020899996161460876 0.003979251254349947 -0.001178158912807703 -0.020899996161460876 0.004045950714498758 -0.0009234617464244366 -0.020899996161460876 0.00413180748000741 0.0003881589218508452 -0.020899996161460876 0.0041284868493676186 0.00042201249743811786 -0.020899996161460876 0.004045950714498758 0.0009234626777470112 -0.020899996161460876 0.0036843603011220694 0.0019099717028439045 -0.020899996161460876 0.0036635601427406073 0.0019495715387165546 -0.020899996161460876 0.003244600957259536 0.002587482798844576 -0.020899996161460876 0.0028429764788597822 0.0030232411809265614 -0.020899996161460876 0.002436162671074271 0.0033597038127481937 -0.020899996161460876 0.0022827719803899527 0.0034657535143196583 -0.020899996161460876 0.0009848091285675764 0.007826348766684532 -0.020899996161460876 0.0006427892367355525 0.007233959157019854 -0.020899996161460876 0.0022415348794311285 0.003492566291242838 -0.020899996161460876 0.000866029120516032 0.008499998599290848 -0.020899996161460876 0.0003420186403673142 0.00893968902528286 -0.020899996161460876 -0.00034202102688141167 0.00893968902528286 -0.020899996161460876 -0.0008660315652377903 0.008499998599290848 -0.020899996161460876 -0.000984811456874013 0.007826348766684532 -0.020899996161460876 -0.0006427907501347363 0.007233959157019854 -0.020899996161460876 -0.007657981012016535 0.0009396900422871113 -0.020899996161460876 -0.007133970502763987 0.0004999996162950993 -0.020899996161460876 -0.008342020213603973 0.0009396900422871113 -0.020899996161460876 -0.008866030722856522 0.0004999996162950993 -0.020899996161460876 -0.00898481160402298 -0.0001736502454150468 -0.020899996161460876 -0.008642790839076042 -0.0007660402916371822 -0.020899996161460876 -0.008000001311302185 -0.0010000006295740604 -0.020899996161460876 0.01899999938905239 -0.003000000026077032 0.005000002682209015 0.01899999938905239 -0.007486970629543066 0.0070905014872550964 0.01899999938905239 -0.006700962316244841 0.007750004529953003 0.01899999938905239 -0.00800000037997961 0.0015000030398368835 0.01899999938905239 -0.008513030596077442 0.0070905014872550964 0.01899999938905239 -0.008964181877672672 0.001149103045463562 0.01899999938905239 -0.009299038909375668 0.007750004529953003 0.01899999938905239 -0.009477212093770504 0.008760504424571991 0.01899999938905239 -0.008964181877672672 0.009649105370044708 0.01899999938905239 -0.00800000037997961 0.01000000536441803 0.018946180120110512 0.006505920086055994 0.01663096249103546 0.01899999938905239 0.006625229958444834 0.01590000092983246 0.01899999938905239 0.007178418803960085 0.015245012938976288 -0.0014673408586531878 -0.010901693254709244 0.020900003612041473 -0.0014673408586531878 -0.010901693254709244 0.023900002241134644 0.0006427892367355525 -0.008766044862568378 0.020900003612041473 -0.004233571235090494 -0.010152681730687618 0.020900003612041473 0.0006427892367355525 -0.008766044862568378 0.023900002241134644 -1.2011749372931035E-09 -0.009000000543892384 0.020900003612041473 -0.000984811456874013 -0.008173649199306965 0.020900003612041473 -1.2011749372931035E-09 -0.009000000543892384 0.023900002241134644 -0.0006427907501347363 -0.008766044862568378 0.020900003612041473 -0.0006427907501347363 -0.008766044862568378 0.023900002241134644 -0.004233571235090494 -0.010152681730687618 0.023900002241134644 0.008642787113785744 -0.0007660402916371822 0.020900003612041473 0.007999998517334461 -0.0010000006295740604 0.020900003612041473 0.008984806947410107 -0.0001736502454150468 0.020900003612041473 0.007357210852205753 -0.0007660402916371822 0.020900003612041473 0.003246418898925185 -0.002585201058536768 0.020900003612041473 0.003244600957259536 -0.002587482798844576 0.020900003612041473 0.003051726846024394 -0.0028123767115175724 0.020900003612041473 0.0088660242035985 0.0004999996162950993 0.020900003612041473 0.0032798710744827986 -0.0025426256470382214 0.020900003612041473 0.007015190552920103 -0.0001736502454150468 0.020900003612041473 0.008342018350958824 0.0009396900422871113 0.020900003612041473 0.003979251254349947 -0.001178158912807703 0.020900003612041473 0.003968354314565659 -0.0012143575586378574 0.020900003612041473 0.007133973762392998 0.0004999996162950993 0.020900003612041473 0.00413180748000741 0.0003881589218508452 0.020900003612041473 0.004045950714498758 -0.0009234617464244366 0.020900003612041473 0.007657978683710098 0.0009396900422871113 0.020900003612041473 0.0041284868493676186 0.00042201249743811786 0.020900003612041473 0.0036843603011220694 0.0019099717028439045 0.020900003612041473 0.004045950714498758 0.0009234626777470112 0.020900003612041473 0.0036635601427406073 0.0019495715387165546 0.020900003612041473 0.0028429764788597822 0.0030232411809265614 0.020900003612041473 0.003244600957259536 0.002587482798844576 0.020900003612041473 0.002436162671074271 0.0033597038127481937 0.020900003612041473 0.008549998514354229 0.01224999874830246 0.020900003612041473 0.0022827719803899527 0.0034657535143196583 0.020900003612041473 0.0009848091285675764 0.007826348766684532 0.020900003612041473 1.675888051977381E-05 -0.004149966407567263 0.020900003612041473 0.0015537708532065153 -0.0038481545634567738 0.020900003612041473 0.0003420186403673142 -0.007060307543724775 0.020900003612041473 0.0015916347038000822 -0.0038326489739120007 0.023900002241134644 0.001800617901608348 -0.0037390203215181828 0.023900002241134644 -0.008735690265893936 -0.0066848923452198505 0.023900002241134644 -0.00671243155375123 -0.008714542724192142 0.023900002241134644 -0.007357212249189615 -0.0007660402916371822 0.023900002241134644 -0.0008660315652377903 -0.007499999832361937 0.023900002241134644 -0.007015191484242678 -0.0001736502454150468 0.023900002241134644 0.0022415348794311285 0.003492566291242838 0.023900002241134644 0.0006427892367355525 0.007233959157019854 0.023900002241134644 0.001800617901608348 0.0037390203215181828 0.023900002241134644 0.0008228334481827915 0.004067609552294016 0.023900002241134644 -0.0006427907501347363 0.007233959157019854 0.023900002241134644 0.0009848091285675764 -0.008173649199306965 0.020900003612041473 0.000866029120516032 -0.007499999832361937 0.020900003612041473 0.002849387703463435 -0.0030171996913850307 0.020900003612041473 -0.000984811456874013 -0.008173649199306965 0.023900002241134644 0.0028062553610652685 -0.003057356458157301 0.020900003612041473 0.001800617901608348 -0.0037390203215181828 0.020900003612041473 0.0015916347038000822 -0.0038326489739120007 0.020900003612041473 0.0003420186403673142 -0.007060307543724775 0.023900002241134644 -0.0008660315652377903 -0.007499999832361937 0.020900003612041473 0.0015537708532065153 -0.0038481545634567738 0.023900002241134644 -0.00034202102688141167 -0.007060307543724775 0.020900003612041473 -0.00034202102688141167 -0.007060307543724775 0.023900002241134644 1.675888051977381E-05 -0.004149966407567263 0.023900002241134644 -0.00671243155375123 -0.008714542724192142 0.020900003612041473 -0.008735690265893936 -0.0066848923452198505 0.020900003612041473 -0.010165991261601448 -0.0042015002109110355 0.020900003612041473 -0.0014673408586531878 0.010901689529418945 0.020900003612041473 -0.0014673408586531878 0.010901689529418945 0.023900002241134644 0.0003420186403673142 0.00893968902528286 0.020900003612041473 0.0003420186403673142 0.00893968902528286 0.023900002241134644 -0.00034202102688141167 0.00893968902528286 0.020900003612041473 -0.00034202102688141167 0.00893968902528286 0.023900002241134644 0.000866029120516032 0.008499998599290848 0.023900002241134644 -0.0008660315652377903 0.008499998599290848 0.020900003612041473 0.0009848091285675764 0.007826348766684532 0.023900002241134644 -0.004233571235090494 0.010152678936719894 0.020900003612041473 0.0022827719803899527 0.0034657535143196583 0.023900002241134644 -0.000984811456874013 0.007826348766684532 0.020900003612041473 0.025999998673796654 -0.0012958399020135403 0.009255506098270416 0.025999998673796654 -0.0009682499803602695 0.009145602583885193 0.025999998673796654 -0.000511030200868845 0.009910300374031067 0.025999998673796654 4.4242101648883647E-10 0.009500004351139069 0.025999998673796654 0.000511030200868845 0.009910300374031067 0.025999998673796654 0.0009682499803602695 0.009145602583885193 0.025999998673796654 0.0012958389706909657 0.009255506098270416 0.025999998673796654 0.0014790189452469349 0.008250005543231964 0.01899999938905239 0.0014772103168070316 0.008760504424571991 0.01899999938905239 0.0009641801007091999 0.009649105370044708 0.025999998673796654 0.0012958389706909657 0.007244504988193512 0.025999998673796654 0.0009682499803602695 0.007354401051998138 0.025999998673796654 0.000511030200868845 0.006589703261852264 0.025999998673796654 -0.008612225763499737 0.009869404137134552 0.025999998673796654 -0.008321965113282204 0.009489402174949646 0.025999998673796654 -0.007727788295596838 0.00997510552406311 0.025999998673796654 -0.007439339999109507 0.009060703217983246 0.025999998673796654 -0.00693933991715312 0.009560704231262207 0.025999998673796654 -0.00652490695938468 0.008772201836109161 0.025999998673796654 -0.007010602857917547 0.008178003132343292 0.01899999938905239 -0.00652278820052743 0.008760504424571991 0.025999998673796654 -0.006630627904087305 0.007887803018093109 0.025999998673796654 -0.007219224702566862 0.007219202816486359 0.01899999938905239 -0.0009641801007091999 0.009649105370044708 0.01899999938905239 4.4242101648883647E-10 0.01000000536441803 0.01899999938905239 0.0070358202792704105 0.009649105370044708 0.01899999938905239 -0.0014772103168070316 0.008760504424571991 0.01899999938905239 0.006522790063172579 0.008760504424571991 0.025999998673796654 0.006939338985830545 0.009560704231262207 0.01899999938905239 -0.001299039926379919 0.007750004529953003 0.025999998673796654 0.006524909753352404 0.008772201836109161 0.025999998673796654 0.006630629766732454 0.007887803018093109 0.01899999938905239 -0.000513030681759119 0.0070905014872550964 0.01899999938905239 0.006700959522277117 0.007750004529953003 0.01899999938905239 0.0005130288191139698 0.0070905014872550964 0.01899999938905239 0.0012990389950573444 0.007750004529953003 0.01899999938905239 -0.007035819347947836 0.009649105370044708 0.043449997901916504 0.020899998024106026 0.012250006198883057 0.05346733704209328 0.020899998024106026 0.01090170443058014 0.05346733704209328 0.023900000378489494 0.01090170443058014 0.0513572059571743 0.020899998024106026 0.00876600295305252 0.0513572059571743 0.023900000378489494 0.00876600295305252 0.05101518705487251 0.020899998024106026 0.00817359983921051 0.05199999734759331 0.020899998024106026 0.009000003337860107 0.05101518705487251 0.023900000378489494 0.00817359983921051 0.052642788738012314 0.020899998024106026 0.00876600295305252 0.05113396793603897 0.023900000378489494 0.007500000298023224 0.0529848076403141 0.020899998024106026 0.00817359983921051 0.025999998673796654 0.017249999567866325 0.0067010000348091125 0.025999998673796654 0.017249999567866325 -0.0067010000348091125 0.025999998673796654 0.016239529475569725 -0.006522797048091888 0.033053819090127945 0.016630960628390312 0.006505906581878662 0.0332084484398365 0.017328327521681786 0.0067499056458473206 0.033053819090127945 0.016630960628390312 -0.006505899131298065 0.0332084484398365 0.017328327521681786 -0.006749898195266724 0.056233566254377365 0.023900000378489494 0.010152705013751984 0.056233566254377365 0.020899998024106026 0.010152705013751984 0.0587124265730381 0.023900000378489494 0.008714504539966583 0.0587124265730381 0.020899998024106026 0.008714504539966583 0.060735687613487244 0.023900000378489494 0.006684906780719757 0.052866026759147644 0.020899998024106026 0.007500000298023224 0.053812481462955475 0.023900000378489494 0.003733307123184204 0.053800616413354874 0.023900000378489494 0.0037390440702438354 0.053740642964839935 0.023900000378489494 0.0037673339247703552 0.060735687613487244 0.020899998024106026 0.006684906780719757 0.053740642964839935 0.020899998024106026 0.0037673339247703552 0.05359163507819176 0.020899998024106026 0.0038326680660247803 0.062165986746549606 0.023900000378489494 0.0042015016078948975 0.05509668216109276 0.020899998024106026 0.002762816846370697 0.05505472794175148 0.020899998024106026 0.0028091371059417725 0.053800616413354874 0.020899998024106026 0.0037390440702438354 0.062165986746549606 0.020899998024106026 0.0042015016078948975 0.055141087621450424 0.020899998024106026 0.0027122274041175842 0.06290627270936966 0.023900000378489494 0.0014329031109809875 0.06290627270936966 0.020899998024106026 0.0014329031109809875 0.06290627270936966 0.023900000378489494 -0.0014328956604003906 0.06098480895161629 0.023900000378489494 0.00017360597848892212 0.06290627270936966 0.020899998024106026 -0.0014328956604003906 0.0606427863240242 0.023900000378489494 0.0007660016417503357 0.062165986746549606 0.023900000378489494 -0.0042014941573143005 0.05999999865889549 0.023900000378489494 0.0010000020265579224 0.062165986746549606 0.020899998024106026 -0.0042014941573143005 0.060735687613487244 0.023900000378489494 -0.00668489933013916 0.0556095689535141 0.023900000378489494 -0.0020477846264839172 0.05557847395539284 0.023900000378489494 -0.0021016448736190796 0.060735687613487244 0.020899998024106026 -0.00668489933013916 0.055663544684648514 0.023900000378489494 -0.0019495710730552673 0.059657976031303406 0.023900000378489494 -0.0009396970272064209 0.0587124265730381 0.023900000378489494 -0.008714497089385986 0.0587124265730381 0.020899998024106026 -0.008714497089385986 0.056233566254377365 0.023900000378489494 -0.010152697563171387 0.0529848076403141 0.023900000378489494 -0.007826395332813263 0.056233566254377365 0.020899998024106026 -0.010152697563171387 0.05346733704209328 0.023900000378489494 -0.010901696979999542 0.05346733704209328 0.020899998024106026 -0.010901696979999542 0.05101518705487251 0.020899998024106026 -0.007826395332813263 0.0513572059571743 0.020899998024106026 -0.007233999669551849 0.05113396793603897 0.020899998024106026 -0.00849999487400055 0.05165797844529152 0.020899998024106026 -0.008939698338508606 0.052342016249895096 0.020899998024106026 -0.008939698338508606 0.052866026759147644 0.020899998024106026 -0.00849999487400055 0.0529848076403141 0.020899998024106026 -0.007826395332813263 0.054282788187265396 0.020899998024106026 -0.003465719521045685 0.05444462224841118 0.020899998024106026 -0.003353528678417206 0.05424156412482262 0.020899998024106026 -0.0034925267100334167 0.052642788738012314 0.020899998024106026 -0.007233999669551849 0.05449686199426651 0.020899998024106026 -0.0033148154616355896 0.05524459853768349 0.020899998024106026 -0.002587459981441498 0.05557847395539284 0.020899998024106026 -0.0021016448736190796 0.0556095689535141 0.020899998024106026 -0.0020477846264839172 0.055663544684648514 0.020899998024106026 -0.0019495710730552673 0.059657976031303406 0.020899998024106026 -0.0009396970272064209 0.05913396552205086 0.020899998024106026 -0.0004999935626983643 0.05568434298038483 0.020899998024106026 -0.0019099712371826172 0.06034201756119728 0.020899998024106026 -0.0009396970272064209 0.06086602807044983 0.020899998024106026 -0.0004999935626983643 0.06098480895161629 0.020899998024106026 0.00017360597848892212 0.0606427863240242 0.020899998024106026 0.0007660016417503357 0.05999999865889549 0.020899998024106026 0.0010000020265579224 0.05524645745754242 0.020899998024106026 0.002585172653198242 0.05524459853768349 0.020899998024106026 0.0025875046849250793 0.032999999821186066 0.007350929547101259 0.0009642019867897034 0.032999999821186066 0.00823953002691269 0.0014772042632102966 0.025999998673796654 0.00699999975040555 -3.469446951953614E-17 0.025999998673796654 0.007354360539466143 0.0009682029485702515 0.032999999821186066 0.00925000011920929 0.0012990012764930725 0.032999999821186066 0.00925000011920929 0.0067010000348091125 0.025999998673796654 0.009560659527778625 0.006939299404621124 0.032999999821186066 0.009909538552165031 0.0005130022764205933 0.025999998673796654 0.009975088760256767 0.00772780179977417 0.032999999821186066 0.009909538552165031 -0.0005129948258399963 0.025999998673796654 0.009489398449659348 0.008322000503540039 0.025999998673796654 0.009869368746876717 0.008612200617790222 0.01899999938905239 0.0029999990947544575 0.005000002682209015 0.025999998673796654 -0.003000000026077032 0.005000002682209015 0.01899999938905239 0.007486969698220491 0.0070905014872550964 0.01899999938905239 0.0070358202792704105 0.001149103045463562 0.01899999938905239 0.007999999448657036 0.0015000030398368835 0.025999998673796654 0.00724447937682271 0.0012958049774169922 0.01899999938905239 0.008513029664754868 0.0070905014872550964 0.025999998673796654 0.008249999955296516 0.0014789998531341553 0.025999998673796654 0.006589739117771387 0.0005110055208206177 0.01899999938905239 0.008964179083704948 0.001149103045463562 0.01899999938905239 0.009299039840698242 0.007750004529953003 0.025999998673796654 0.009145639836788177 0.0009682029485702515 0.01899999938905239 0.00947720929980278 0.0002605020999908447 0.01899999938905239 0.00947720929980278 0.008760504424571991 0.01899999938905239 0.008964179083704948 0.009649105370044708 0.01899999938905239 0.007999999448657036 0.01000000536441803 0.025999998673796654 0.007727789226919413 0.00997510552406311 0.025999998673796654 0.00861222855746746 0.009869404137134552 0.025999998673796654 0.009280778467655182 0.009280800819396973 0.025999998673796654 0.007010600063949823 0.008178003132343292 0.025999998673796654 0.007439339999109507 0.009060703217983246 0.025999998673796654 0.008321959525346756 0.009489402174949646 0.059357207268476486 -0.020899999886751175 0.0007660016417503357 0.05999999865889549 -0.020899999886751175 0.0010000020265579224 0.0590151883661747 -0.020899999886751175 0.00017360597848892212 0.0606427863240242 -0.023900000378489494 0.0007660016417503357 0.05524645745754242 -0.020899999886751175 0.002585172653198242 0.055279918015003204 -0.020899999886751175 0.0025425851345062256 0.05596834793686867 -0.020899999886751175 0.0012143850326538086 0.05597924441099167 -0.020899999886751175 0.0011781901121139526 0.05524459853768349 -0.020899999886751175 0.0025875046849250793 0.05913396552205086 -0.020899999886751175 -0.0004999935626983643 0.05604594945907593 -0.020899999886751175 0.0009234845638275146 0.05613180249929428 -0.020899999886751175 -0.00038814544677734375 0.06098480895161629 -0.023900000378489494 0.00017360597848892212 0.05913396552205086 -0.023900000378489494 -0.0004999935626983643 0.05612848326563835 -0.020899999886751175 -0.0004220008850097656 0.05612848326563835 -0.023900000378489494 -0.0004220008850097656 0.05604594945907593 -0.020899999886751175 -0.0009234398603439331 0.05568434298038483 -0.020899999886751175 -0.0019099712371826172 0.06086602807044983 -0.023900000378489494 -0.0004999935626983643 0.05568434298038483 -0.023900000378489494 -0.0019099712371826172 0.05604594945907593 -0.023900000378489494 -0.0009234398603439331 0.06034201756119728 -0.023900000378489494 -0.0009396970272064209 0.06086602807044983 -0.020899999886751175 -0.0004999935626983643 0.025999998673796654 0.008249999955296516 -0.0014789998531341553 0.025999998673796654 0.00724447937682271 -0.0012957975268363953 0.025999998673796654 0.007354360539466143 -0.0009681954979896545 0.025999998673796654 0.006589739117771387 -0.0005109980702400208 0.025999998673796654 0.009255519136786461 -0.0012957975268363953 0.025999998673796654 0.009145639836788177 -0.0009681954979896545 0.025999998673796654 0.009910259395837784 -0.0005109980702400208 0.025999998673796654 0.009499998763203621 -3.469446951953614E-17 0.025999998673796654 0.009910259395837784 0.0005110055208206177 0.01899999938905239 0.009299039840698242 -0.0007499977946281433 0.025999998673796654 0.009255519136786461 0.0012958049774169922 0.01899999938905239 0.006522790063172579 0.0002605020999908447 0.01899999938905239 0.006700959522277117 -0.0007499977946281433 0.01899999938905239 0.007486969698220491 -0.0014094933867454529 0.01899999938905239 0.0070358202792704105 -0.007350899279117584 0.01899999938905239 0.006522790063172579 -0.008239500224590302 0.01899999938905239 0.006700959522277117 -0.00925000011920929 0.01899999938905239 0.007486969698220491 -0.009909495711326599 0.01899999938905239 0.008513029664754868 -0.009909495711326599 0.01899999938905239 0.009299039840698242 -0.00925000011920929 0.025999998673796654 0.009489398449659348 -0.008322000503540039 0.01899999938905239 0.00947720929980278 -0.008239500224590302 0.025999998673796654 0.009060658514499664 -0.0074393004179000854 0.01899999938905239 0.008964179083704948 -0.007350899279117584 0.01899999938905239 0.008513029664754868 -0.0014094933867454529 0.01899999938905239 0.007999999448657036 -0.006999999284744263 0.025999998673796654 0.008178038522601128 -0.007010594010353088 0.05199999734759331 0.023900000378489494 0.009000003337860107 0.052642788738012314 0.023900000378489494 0.00876600295305252 0.05113396793603897 0.020899998024106026 0.007500000298023224 0.0529848076403141 0.023900000378489494 0.00817359983921051 0.05165797844529152 0.023900000378489494 0.007060304284095764 0.05165797844529152 0.020899998024106026 0.007060304284095764 0.052866026759147644 0.023900000378489494 0.007500000298023224 0.052342016249895096 0.023900000378489494 0.007060304284095764 0.052342016249895096 0.020899998024106026 0.007060304284095764 0.05359163507819176 0.023900000378489494 0.0038326680660247803 0.052016761153936386 0.023900000378489494 0.004149988293647766 0.05355377122759819 0.020899998024106026 0.0038481727242469788 0.05355377122759819 0.023900000378489494 0.0038481727242469788 0.052016761153936386 0.020899998024106026 0.004149988293647766 0.055279918015003204 0.020899998024106026 0.0025425851345062256 0.05596834793686867 0.020899998024106026 0.0012143850326538086 0.059357207268476486 0.020899998024106026 0.0007660016417503357 0.05597924441099167 0.020899998024106026 0.0011781901121139526 0.0590151883661747 0.020899998024106026 0.00017360597848892212 0.05613180249929428 0.020899998024106026 -0.00038814544677734375 0.05604594945907593 0.020899998024106026 0.0009234845638275146 0.05604594945907593 0.020899998024106026 -0.0009234398603439331 0.05612848326563835 0.020899998024106026 -0.0004220008850097656 0.0513572059571743 0.023900000378489494 -0.007233999669551849 0.05199999734759331 0.020899998024106026 -0.006999999284744263 0.05278804153203964 0.020899998024106026 -0.004074469208717346 0.05199999734759331 0.023900000378489494 -0.006999999284744263 0.05101518705487251 0.023900000378489494 -0.007826395332813263 0.05282283201813698 0.020899998024106026 -0.004067584872245789 0.052642788738012314 0.023900000378489494 -0.007233999669551849 0.05278804153203964 0.023900000378489494 -0.004074469208717346 0.05113396793603897 0.023900000378489494 -0.00849999487400055 0.053800616413354874 0.020899998024106026 -0.003738999366760254 0.05282283201813698 0.023900000378489494 -0.004067584872245789 0.05424156412482262 0.023900000378489494 -0.0034925267100334167 0.053800616413354874 0.023900000378489494 -0.003738999366760254 0.05165797844529152 0.023900000378489494 -0.008939698338508606 0.05444462224841118 0.023900000378489494 -0.003353528678417206 0.052866026759147644 0.023900000378489494 -0.00849999487400055 0.05449686199426651 0.023900000378489494 -0.0033148154616355896 0.052342016249895096 0.023900000378489494 -0.008939698338508606 0.05524459853768349 0.023900000378489494 -0.002587459981441498 0.025999998673796654 -0.003000000026077032 -0.004999995231628418 0.025999998673796654 0.0029999990947544575 -0.004999995231628418 0.025999998673796654 0.0029999990947544575 0.005000002682209015 -1.2011749372931035E-09 -0.009000000543892384 -0.023900002241134644 -0.0006427907501347363 -0.008766044862568378 -0.023900002241134644 0.000866029120516032 -0.007499999832361937 -0.020899996161460876 -0.000984811456874013 -0.008173649199306965 -0.023900002241134644 0.0028062553610652685 -0.003057356458157301 -0.020899996161460876 0.0003420186403673142 -0.007060307543724775 -0.023900002241134644 0.0003420186403673142 -0.007060307543724775 -0.020899996161460876 0.0015916347038000822 -0.0038326489739120007 -0.023900002241134644 0.0015537708532065153 -0.0038481545634567738 -0.023900002241134644 -0.0008660315652377903 -0.007499999832361937 -0.023900002241134644 0.0015537708532065153 -0.0038481545634567738 -0.020899996161460876 0.0015916347038000822 -0.0038326489739120007 -0.020899996161460876 -0.00034202102688141167 -0.007060307543724775 -0.023900002241134644 0.0028062553610652685 -0.003057356458157301 -0.023900002241134644 0.001800617901608348 -0.0037390203215181828 -0.023900002241134644 -0.00034202102688141167 -0.007060307543724775 -0.020899996161460876 1.675888051977381E-05 -0.004149966407567263 -0.020899996161460876 1.675888051977381E-05 -0.004149966407567263 -0.023900002241134644 0.003051726846024394 -0.0028123767115175724 -0.023900002241134644 0.003244600957259536 -0.002587482798844576 -0.023900002241134644 -0.007357212249189615 -0.0007660402916371822 -0.020899996161460876 -0.007357212249189615 -0.0007660402916371822 -0.023900002241134644 -0.007015191484242678 -0.0001736502454150468 -0.023900002241134644 -0.007015191484242678 -0.0001736502454150468 -0.020899996161460876 -0.007133970502763987 0.0004999996162950993 -0.023900002241134644 -0.008866030722856522 0.0004999996162950993 -0.023900002241134644 -0.008342020213603973 0.0009396900422871113 -0.023900002241134644 0.001800617901608348 -0.0037390203215181828 -0.020899996161460876 0.001800617901608348 0.0037390203215181828 -0.020899996161460876 0.0008228334481827915 0.004067609552294016 -0.020899996161460876 0.0008228334481827915 0.004067609552294016 -0.023900002241134644 0.0006427892367355525 0.007233959157019854 -0.023900002241134644 0.001800617901608348 0.0037390203215181828 -0.023900002241134644 0.0022415348794311285 0.003492566291242838 -0.023900002241134644 0.0007880364428274333 0.0040744938887655735 -0.020899996161460876 -1.2011749372931035E-09 0.00699999975040555 -0.020899996161460876 -1.2011749372931035E-09 0.00699999975040555 -0.023900002241134644 0.0009848091285675764 0.007826348766684532 -0.023900002241134644 0.0007880364428274333 0.0040744938887655735 -0.023900002241134644 0.0022827719803899527 0.0034657535143196583 -0.023900002241134644 -0.0006427907501347363 0.007233959157019854 -0.023900002241134644 0.000866029120516032 0.008499998599290848 -0.023900002241134644 0.0003420186403673142 0.00893968902528286 -0.023900002241134644 -0.0008660315652377903 0.008499998599290848 -0.023900002241134644 -0.00034202102688141167 0.00893968902528286 -0.023900002241134644 -0.004233571235090494 0.010152678936719894 0.023900002241134644 -0.0008660315652377903 0.008499998599290848 0.023900002241134644 -0.00671243155375123 0.008714539930224419 0.023900002241134644 -0.00671243155375123 0.008714539930224419 0.020900003612041473 -0.008735690265893936 0.006684890482574701 0.023900002241134644 -0.008735690265893936 0.006684890482574701 0.020900003612041473 -0.010165991261601448 0.0042015002109110355 0.023900002241134644 -0.010165991261601448 0.0042015002109110355 0.020900003612041473 -0.007657981012016535 0.0009396900422871113 0.023900002241134644 -0.010906271636486053 0.001432920340448618 0.023900002241134644 -0.010906271636486053 0.001432920340448618 0.020900003612041473 -0.007657981012016535 0.0009396900422871113 0.020900003612041473 -0.010906271636486053 -0.001432920340448618 0.023900002241134644 -0.008342020213603973 0.0009396900422871113 0.020900003612041473 -0.010906271636486053 -0.001432920340448618 0.020900003612041473 -0.010165991261601448 -0.0042015002109110355 0.023900002241134644 -0.00898481160402298 -0.0001736502454150468 0.020900003612041473 -0.008000001311302185 -0.0010000006295740604 0.023900002241134644 -0.008642790839076042 -0.0007660402916371822 0.020900003612041473 0.0006427892367355525 0.007233959157019854 0.020900003612041473 -1.2011749372931035E-09 0.00699999975040555 0.023900002241134644 -1.2011749372931035E-09 0.00699999975040555 0.020900003612041473 0.0007880364428274333 0.0040744938887655735 0.023900002241134644 0.0007880364428274333 0.0040744938887655735 0.020900003612041473 0.0008228334481827915 0.004067609552294016 0.020900003612041473 0.0022415348794311285 0.003492566291242838 0.020900003612041473 -0.0006427907501347363 0.007233959157019854 0.020900003612041473 0.001800617901608348 0.0037390203215181828 0.020900003612041473 0.000866029120516032 0.008499998599290848 0.020900003612041473 -0.000984811456874013 0.007826348766684532 0.023900002241134644 -0.007357212249189615 -0.0007660402916371822 0.020900003612041473 -0.008000001311302185 -0.0010000006295740604 0.020900003612041473 -0.007015191484242678 -0.0001736502454150468 0.020900003612041473 -0.008642790839076042 -0.0007660402916371822 0.023900002241134644 -0.007133970502763987 0.0004999996162950993 0.020900003612041473 -0.00898481160402298 -0.0001736502454150468 0.023900002241134644 -0.007133970502763987 0.0004999996162950993 0.023900002241134644 -0.008866030722856522 0.0004999996162950993 0.023900002241134644 -0.008342020213603973 0.0009396900422871113 0.023900002241134644 -0.008866030722856522 0.0004999996162950993 0.020900003612041473 0.059357207268476486 0.023900000378489494 0.0007660016417503357 0.0590151883661747 0.023900000378489494 0.00017360597848892212 0.05524645745754242 0.023900000378489494 0.002585172653198242 0.055279918015003204 0.023900000378489494 0.0025425851345062256 0.05596834793686867 0.023900000378489494 0.0012143850326538086 0.05597924441099167 0.023900000378489494 0.0011781901121139526 0.05524459853768349 0.023900000378489494 0.0025875046849250793 0.055141087621450424 0.023900000378489494 0.0027122274041175842 0.05913396552205086 0.023900000378489494 -0.0004999935626983643 0.05604594945907593 0.023900000378489494 0.0009234845638275146 0.05613180249929428 0.023900000378489494 -0.00038814544677734375 0.05509668216109276 0.023900000378489494 0.002762816846370697 0.05612848326563835 0.023900000378489494 -0.0004220008850097656 0.05604594945907593 0.023900000378489494 -0.0009234398603439331 0.05568434298038483 0.023900000378489494 -0.0019099712371826172 0.06086602807044983 0.023900000378489494 -0.0004999935626983643 0.06034201756119728 0.023900000378489494 -0.0009396970272064209 </float_array>
          <technique_common>
            <accessor source="#mesh_1-position-array" count="1380" stride="3">
              <param name="X" type="float" />
              <param name="Y" type="float" />
              <param name="Z" type="float" />
            </accessor>
          </technique_common>
        </source>
        <source id="mesh_1-normal" name="normal">
          <float_array id="mesh_1-normal-array" count="2271">0.0953783467411995 -0.9954410791397095 0 0.1940809041261673 -0.9809855222702026 0 0.3185494542121887 -0.9479062557220459 0 0.4879091680049896 -0.8728944063186646 0 0.7637087106704712 0.633833646774292 0.1224903091788292 0.6028235554695129 0.7976955771446228 -0.0168955959379673 0.545112133026123 -0.8383631706237793 0 0.5648500323295593 -0.825193464756012 0.00038901533116586506 0.5697293877601624 -0.8218323588371277 0 0.5953919291496277 -0.8034354448318481 0 0.6972761154174805 -0.7168026566505432 0 0.8241396546363831 -0.5663866400718689 0 0.8660564422607422 -0.499946266412735 0 0.8763629198074341 -0.4816513955593109 0 0.8853036165237427 -0.46501344442367554 0 0.9389160871505737 -0.34414613246917725 0 0.9867235422134399 -0.1624087393283844 0 0.9952224493026733 -0.09763310104608536 0 0.9978644251823425 0.06531874090433121 0 0.9673791527748108 0.2533330023288727 0 0.9575484991073608 0.2882722020149231 0 0.8878223299980164 0.4601864516735077 0 0.786311149597168 0.6178306937217712 0 0.7821446657180786 0.6230968832969666 0 0.7695032954216003 0.6386428475379944 0 0.7515643835067749 0.6596580743789673 -0.0014930374454706907 0.747194230556488 0.6558223366737366 0.10769295692443848 0.73746258020401 0.668005645275116 0.0995861142873764 0.4332408905029297 0.8960816860198975 -0.09664355218410492 0.5956115126609802 0.8032726049423218 0 0.4266815483570099 0.904401957988739 0 0.4015567898750305 0.9158341288566589 0 0.37897229194641113 0.9254080057144165 0 0.19268378615379333 0.9812608957290649 0 0.002000329317525029 0.9999979734420776 0 0.43527841567993164 0.9002959132194519 0 0.5956113338470459 0.8032723665237427 0.0008199685253202915 0.6029050946235657 0.7978034615516663 -0.0038849024567753077 0.7411468625068665 0.6713429093360901 0 0.7515652179718018 0.6596587896347046 0 0.5648500919342041 -0.8251935839653015 0 0.5697293281555176 -0.8218322396278381 -0.0004861268971581012 0.0022222166880965233 0 -0.9999975562095642 0.19268560409545898 0 -0.9812605381011963 0.3789448142051697 2.7755575615628914E-17 -0.925419270992279 0.4088475704193115 0 -0.9126026630401611 0.5610878467559814 0 -0.8277562260627747 0.681371808052063 0 -0.7319374680519104 0.7063866257667542 -0.000682466197758913 -0.7078258395195007 0.711401641368866 0 -0.7027856707572937 0.7590844035148621 0 -0.6509922742843628 0.7819644212722778 -5.551115123125783E-17 -0.6233230829238892 0.7863278985023499 5.551115123125783E-17 -0.6178094148635864 0.8878272771835327 0 -0.4601767957210541 0.9575491547584534 5.551115123125783E-17 -0.2882699966430664 0.9673755168914795 -5.551115123125783E-17 -0.2533467710018158 0.9978646636009216 5.551115123125783E-17 -0.06531545519828796 0.9952282905578613 0 0.09757354855537415 0.9867236018180847 0 0.16240869462490082 0.9389137625694275 5.551115123125783E-17 0.3441525399684906 0.885320782661438 0 0.4649807810783386 0.8358485698699951 0 0.5489600896835327 0.735308051109314 5.551115123125783E-17 0.6777330636978149 0.09538467228412628 6.938893903907228E-18 0.9954404830932617 0.19411590695381165 0 0.9809786081314087 0.3185453712940216 0 0.9479076266288757 0.4879129230976105 -2.7755575615628914E-17 0.8728923201560974 0.5451534390449524 0 0.8383362889289856 0.5686944723129272 -5.551115123125783E-17 0.8225488066673279 0.6373149156570435 0 0.7706034779548645 0.6316376328468323 0.0012921544257551432 0.775262713432312 0.6796492338180542 0 0.7335372567176819 0.19268560409545898 -1.3877787807814457E-17 -0.9812605381011963 0.7114014029502869 0.0008220493909902871 -0.7027854323387146 0.7063868045806885 -5.551115123125783E-17 -0.7078260183334351 0.7590844035148621 -5.551115123125783E-17 -0.6509922742843628 0.9575491547584534 0 -0.2882699966430664 0.9978646636009216 0 -0.06531545519828796 0.885320782661438 -5.551115123125783E-17 0.4649807810783386 0.8358485698699951 -5.551115123125783E-17 0.5489600896835327 0.63731449842453 -0.0011431549210101366 0.7706030011177063 0.6316381692886353 0 0.7752633690834045 0.4879129230976105 2.7755575615628914E-17 0.8728923201560974 -1 0 -0 0.012101519852876663 0.4999428391456604 -0.8659738302230835 0.009905142709612846 0.9396489262580872 -0.3419966697692871 -0.0037882321048527956 0.32950058579444885 -0.9441477656364441 -0.005850804504007101 0.7354551553726196 -0.6775481700897217 0.9746049046516418 0.2230488508939743 -0.01986117847263813 0.9423124194145203 0.334734708070755 5.16210166097153E-05 0.9802650809288025 0.19498559832572937 -0.03257327899336815 0.997300386428833 0.07342981547117233 0 0 0 -1 0.011424500495195389 -0.7659909129142761 0.6427499055862427 0.006942520849406719 -0.17367182672023773 0.9847791194915771 0.01292194239795208 -0.9999164938926697 0 -0.0055536129511892796 -0.6452358961105347 0.7639632225036621 -0.008558747358620167 -0.9582622647285461 0.28576239943504333 0.005314933601766825 -0.16069439053535461 0.9869899153709412 1 0 0 -0.0037882321048527956 0.32950058579444885 0.9441477656364441 0.9802650809288025 0.19498559832572937 0.03257327899336815 0.012101519852876663 0.4999428391456604 0.8659738302230835 -0.005850804504007101 0.7354551553726196 0.6775481700897217 0.009905142709612846 0.9396489262580872 0.3419966697692871 0 0.9688132405281067 0.24779216945171356 5.551115123125783E-17 0.9688125848770142 -0.24779456853866577 0 -1 0 -0.007249969989061356 0.34197601675987244 -0.9396806955337524 0.70710688829422 0 0.7071066498756409 0 0 1 0.005314933601766825 -0.16069439053535461 -0.9869899153709412 0.006942520849406719 -0.17367182672023773 -0.9847791194915771 -0.0055536129511892796 -0.6452358961105347 -0.7639632225036621 0.011424500495195389 -0.7659909129142761 -0.6427499055862427 -0.008558747358620167 -0.9582622647285461 -0.28576239943504333 -0.008558626286685467 -0.9582615494728088 0.28576478362083435 0.011424276977777481 -0.7659938931465149 0.6427463293075562 -0.005554425995796919 -0.6452358961105347 0.7639632225036621 0.006941637024283409 -0.17366479337215424 0.9847803711891174 0.007251577917486429 0.9396713376045227 -0.34200167655944824 -0.7071067690849304 -0.7071068286895752 0 -0.01210368424654007 0.8659615516662598 -0.4999640882015228 0.009905045852065086 0.9396480917930603 0.34199902415275574 5.551115123125783E-17 0.9688125848770142 0.24779456853866577 0.009905045852065086 0.9396480917930603 -0.34199902415275574 0 0.9688132405281067 -0.24779216945171356 0.9158320426940918 0.40156155824661255 -6.680394108116161E-06 0.011995963752269745 -0.1736638993024826 0.984731912612915 0.01158126164227724 0.4999432861804962 0.8659806847572327 0.008253650739789009 -0.7660140991210938 0.6427707672119141 -0.0066005028784275055 0.16154655814170837 0.9868429899215698 -0.0028216205537319183 -0.3296959698200226 0.9440829753875732 -0.005799368489533663 0.6452350616455078 0.7639620900154114 -0.70710688829422 0.7071066498756409 -0 0.003422956680878997 -0.7369695901870728 0.6759172081947327 0.9973004460334778 -0.07342927902936935 0 0.9746044278144836 -0.22305096685886383 0.01986033469438553 0.9802651405334473 -0.19498521089553833 0.032573554664850235 0.9423132538795471 -0.33473238348960876 -5.190997399040498E-05 0.9762885570526123 0.21647308766841888 0 -0.008558626286685467 -0.9582615494728088 -0.28576478362083435 0.9422946572303772 0.334784597158432 0 0.9158416390419006 0.4015396535396576 0 0.8199782371520996 0.5723947286605835 0 0.8314390182495117 0.5555526614189148 0.008391083218157291 0.9158320426940918 0.40156155824661255 6.680394108116161E-06 0.5555717349052429 0.8314685821533203 0 0.8314390182495117 0.5555526614189148 -0.008391083218157291 0.9423124194145203 0.334734708070755 -5.16210166097153E-05 0.9746049046516418 0.2230488508939743 0.01986117847263813 0.19509007036685944 0.9807853102684021 0 -0.009955466724932194 0.9396476149559021 -0.3419988453388214 0.008148218505084515 0.9928978085517883 0.11869090050458908 0.00476554362103343 0.8851691484451294 -0.46524491906166077 -0.012374783866107464 0.9396231174468994 0.341987282037735 0.009604616090655327 0.7505518794059753 0.6607417464256287 -0.012862839736044407 0.4999380111694336 0.8659656643867493 -0.0016139590879902244 0.9771353006362915 0.21261246502399445 -0.0035833483561873436 0.8995035290718079 -0.43689876794815063 0.0015777589287608862 0.6608033180236816 0.7505574822425842 0.003760825376957655 0.9848015904426575 0.17364247143268585 0 1 0 -0.009505466558039188 0.9396525025367737 -0.3419983386993408 0.009349427185952663 0.9837645888328552 -0.17922015488147736 0.009459522552788258 0.640613853931427 -0.7678049206733704 -0.009397970512509346 0.9396542906761169 0.34199634194374084 0.13339391350746155 1.3877787807814457E-17 -0.991063117980957 0.0058015515096485615 0.7639774084091187 -0.6452169418334961 -0.0115750627592206 0.8659687638282776 -0.4999640882015228 0.00660661468282342 0.9868425726890564 -0.1615491360425949 -0.9973006844520569 -5.551115123125783E-17 0.07342566549777985 -0.011991328559815884 0.9847379326820374 0.1736299693584442 -0.98026442527771 0.032576434314250946 0.19498831033706665 0.002827366814017296 0.9440866112709045 0.32968541979789734 -0.9745998382568359 0.019855864346027374 0.22307153046131134 -0.0034162388183176517 0.6759241223335266 0.7369633316993713 -0.9423076510429382 -5.6298951676581055E-05 0.33474814891815186 -0.008251995779573917 0.6427407264709473 0.7660393118858337 -0.915888249874115 1.1417214409448206E-06 0.40143337845802307 0.005330628715455532 0.24839919805526733 0.968643069267273 0.70710688829422 0 -0.7071066498756409 -0.012125903740525246 0 0.9999265074729919 0.005330619402229786 -0.2483994960784912 0.9686430096626282 -0.9158898591995239 0 0.4014296531677246 0.005330738145858049 -0.2484007179737091 0.9686427116394043 -0.915888249874115 -1.1417203040764434E-06 0.40143337845802307 -0.8199736475944519 -5.551115123125783E-17 0.5724012851715088 -0.8314369916915894 -0.00839274376630783 0.5555557012557983 -0.8314369916915894 0.008392740972340107 0.5555557012557983 -0.5555813908576965 0 0.8314621448516846 -0.1950918585062027 -1.3877787807814457E-17 0.9807849526405334 -0.011991352774202824 -0.9847378730773926 0.17363040149211884 -0.008251556195318699 0.6427398324012756 0.7660400867462158 0.00660661468282342 -0.9868425726890564 -0.1615491360425949 0.002827359363436699 -0.9440864324569702 0.3296859860420227 0.005330738145858049 0.2484007179737091 0.9686427116394043 -0.008251995779573917 -0.6427407264709473 0.7660393118858337 -0.011575082316994667 -0.8659685850143433 -0.4999644160270691 -0.0034162388183176517 -0.6759241223335266 0.7369633316993713 0.005801500752568245 -0.7639774084091187 -0.6452169418334961 -0.0072499848902225494 -0.3419763147830963 -0.9396805763244629 2.7755575615628914E-17 -0.28575819730758667 -0.9583017826080322 0 0.28575804829597473 -0.9583017826080322 0.009793504141271114 0.642731785774231 0.7660287022590637 0.008719589561223984 -0.3419787287712097 -0.9396672248840332 -0.009864481166005135 0.9390340447425842 0.3436826765537262 -0.00723341153934598 -0.7505666017532349 -0.6607552170753479 0.009667609818279743 0.9847625494003296 0.1736355721950531 0.011779118329286575 -0.8659664988517761 -0.4999632239341736 0.009822705760598183 -0.6427316069602966 0.7660284638404846 -0.009671145118772984 -0.7678247690200806 0.6405869126319885 -0.009907452389597893 0.3420066833496094 -0.9396452903747559 -0.009907440282404423 -0.34200698137283325 -0.9396451711654663 0.005846313666552305 0.6775668859481812 -0.7354379296302795 -1.3877787807814457E-17 0.24778525531291962 -0.9688149690628052 -1.3877787807814457E-17 -0.2477855533361435 -0.9688149094581604 -0.9423096776008606 -5.277190575725399E-05 -0.3347424566745758 -0.9158461689949036 5.462234184960835E-06 -0.40152937173843384 -0.012103931047022343 0.8659617304801941 -0.49996376037597656 -0.009619195945560932 0.49995407462120056 0.8659985065460205 0.009459522552788258 0.640613853931427 0.7678049206733704 -0.009505466558039188 0.9396525025367737 0.3419983386993408 0.009349427185952663 0.9837645888328552 0.17922015488147736 -0.009397970512509346 0.9396542906761169 -0.34199634194374084 -0.005625259131193161 0.4999714493751526 0.866023600101471 -0.0005145648610778153 0.46523725986480713 0.8851858377456665 0.004765118472278118 0.8851709961891174 0.4652414917945862 -0.006486069411039352 -0.173665389418602 0.9847833514213562 0.0004970373120158911 -0.11865994334220886 0.9929348230361938 -0.009955466724932194 0.9396476149559021 0.3419988453388214 0.008148218505084515 0.9928978085517883 -0.11869090050458908 -0.012374783866107464 0.9396231174468994 -0.341987282037735 0.009604616090655327 0.7505518794059753 -0.6607417464256287 -0.012862839736044407 0.4999380111694336 -0.8659656643867493 -0.005799368489533663 0.6452350616455078 -0.7639620900154114 0.01158126164227724 0.4999432861804962 -0.8659806847572327 -0.0066005028784275055 0.16154655814170837 -0.9868429899215698 0.011995963752269745 -0.1736638993024826 -0.984731912612915 0.9802651405334473 -0.19498521089553833 -0.032573554664850235 -0.0028216205537319183 -0.3296959698200226 -0.9440829753875732 0.9746044278144836 -0.22305096685886383 -0.01986033469438553 0.003422956680878997 -0.7369695901870728 -0.6759172081947327 0.9423132538795471 -0.33473238348960876 5.190997399040498E-05 0.008253650739789009 -0.7660140991210938 -0.6427707672119141 0.9158333539962769 -0.401558518409729 -6.33344825473614E-06 -0.005330586340278387 -0.9686554670333862 -0.24835099279880524 0.0121214110404253 -0.9999265074729919 0 -0.0053305113688111305 -0.9686548113822937 0.24835339188575745 0.9158424735069275 -0.4015377461910248 0 -0.005330586340278387 -0.9686554670333862 0.24835099279880524 0.9158333539962769 -0.401558518409729 6.33344825473614E-06 0.8199774026870728 -0.572395920753479 0 0.8314380049705505 -0.5555541515350342 0.008390910923480988 0.8314380049705505 -0.5555541515350342 -0.008390910923480988 0.5555737018585205 -0.8314672708511353 0 0.19508801400661469 -0.9807857275009155 0 0.007251577917486429 0.9396713376045227 0.34200167655944824 0 0.9582972526550293 0.28577330708503723 0.007251517381519079 0.9396705031394958 0.3420040011405945 0 0.958296537399292 -0.28577569127082825 0 0.958296537399292 0.28577569127082825 0 0.9582972526550293 -0.28577330708503723 -0.011419424787163734 -0.6427453756332397 0.7659947872161865 -0.006933155935257673 -0.984784722328186 0.17364051938056946 -0.01292248535901308 8.673617379884035E-19 0.9999164938926697 0.005560967605561018 -0.7639665007591248 0.6452319622039795 0.008560201153159142 -0.2857731580734253 0.9582590460777283 -0.005311212968081236 -0.9869876503944397 0.1607082188129425 -0.9973004460334778 -5.551115123125783E-17 -0.07342864573001862 0.0037911494728177786 -0.9441604614257812 -0.32946422696113586 -0.9802649617195129 -0.03257376700639725 -0.19498613476753235 -0.9746044874191284 -0.01986118033528328 -0.22305063903331757 -0.012103931047022343 -0.8659617304801941 -0.49996376037597656 -0.9423096776008606 5.277185482555069E-05 -0.3347424566745758 0.005846397019922733 -0.6775636672973633 -0.7354409098625183 -0.9158461689949036 -5.462228727992624E-06 -0.40152937173843384 -0.009907298721373081 -0.34200727939605713 -0.9396450519561768 0 -0.2477867603302002 -0.9688146114349365 0 0.2477867603302002 -0.9688146114349365 -0.009907298721373081 0.34200727939605713 -0.9396450519561768 0.005846397019922733 0.6775636672973633 -0.7354409098625183 -0.008720089681446552 0.9396594762802124 0.34199997782707214 0.007230538874864578 0.6607874035835266 0.7505382895469666 -0.011787387542426586 0.4999420940876007 0.8659785985946655 0.00932726263999939 0.11865436285734177 0.992891788482666 -0.005310582462698221 0.9869886636734009 0.16070213913917542 -0.006933784112334251 0.9847840070724487 0.17364448308944702 0.003791613969951868 0.944161057472229 -0.3294624388217926 0.005560369696468115 0.7639675736427307 0.6452306509017944 -0.9746044874191284 0.01986118033528328 -0.22305060923099518 -0.9802649617195129 0.03257373720407486 -0.19498613476753235 -0.011419950984418392 0.6427462697029114 0.7659940123558044 0.008560075424611568 0.28577151894569397 0.9582595229148865 -0.01292248535901308 -8.673617379884035E-19 0.9999164938926697 0.008560048416256905 -0.2857716679573059 0.9582595229148865 -0.011419993825256824 -0.6427462697029114 0.7659940123558044 0.005560318939387798 -0.7639675736427307 0.6452306509017944 -0.006933839526027441 -0.9847838878631592 0.17364493012428284 -0.005310582462698221 -0.9869886636734009 0.16070213913917542 0.003791624680161476 -0.9441608786582947 -0.32946300506591797 -0.012103660963475704 -0.8659613728523254 -0.4999644458293915 0.005846313666552305 -0.6775668859481812 -0.7354379296302795 0.13339391350746155 1.3877787807814457E-17 0.991063117980957 0.2613544762134552 2.7755575615628914E-17 0.9652429223060608 0.34207797050476074 0 -0.9396715760231018 0.866023600101471 0 -0.5000030994415283 -0.34207624197006226 -2.7755575615628914E-17 -0.9396722316741943 0.9848060011863708 0 0.17365825176239014 -0.866025984287262 -5.551115123125783E-17 -0.4999990165233612 0.6427931189537048 5.551115123125783E-17 0.7660397887229919 -0.9848060011863708 0 0.17365825176239014 -0.6427958011627197 5.551115123125783E-17 0.7660375833511353 0.34207624197006226 2.7755575615628914E-17 -0.9396722316741943 0.8660286664962769 0 -0.49999430775642395 -0.8660286664962769 0 -0.49999430775642395 0.6427867412567139 0 0.7660451531410217 -0.6427867412567139 0 0.7660451531410217 -0.005624123848974705 0.49996891617774963 0.8660250902175903 0.003577501280233264 0.4368993639945984 0.8995032906532288 0.005337742622941732 0.8994953632354736 0.4368976652622223 -0.007273727096617222 0.9396712183952332 0.34200161695480347 -0.009925013408064842 -0.9999507665634155 0 0.006885963026434183 0.9771140217781067 -0.21260476112365723 -0.008720089681446552 0.9396594762802124 -0.34199997782707214 0.007230736315250397 0.6607826352119446 -0.7505424618721008 0.866023600101471 5.551115123125783E-17 -0.5000030994415283 -0.011991631239652634 -0.9847386479377747 0.17362600564956665 -0.011574928648769855 -0.8659690022468567 -0.4999637305736542 -0.008251556195318699 -0.6427398324012756 0.7660400867462158 0.006606435403227806 -0.9868415594100952 -0.1615552455186844 0.0028275889344513416 -0.9440860152244568 0.32968705892562866 0.0058018662966787815 -0.7639763355255127 -0.6452181935310364 -0.003416117513552308 -0.6759209036827087 0.7369662523269653 -0.9973006844520569 5.551115123125783E-17 0.07342566549777985 -0.9745998382568359 -0.019855864346027374 0.22307157516479492 -0.007249795366078615 -0.3419766128063202 -0.9396805167198181 -0.98026442527771 -0.032576464116573334 0.19498831033706665 -0.9423076510429382 5.629889710689895E-05 0.33474814891815186 -2.7755575615628914E-17 -0.28575968742370605 -0.958301305770874 2.7755575615628914E-17 0.2857590913772583 -0.9583014845848083 0.005801704246550798 0.7639774084091187 -0.6452169418334961 -0.011574928648769855 0.8659690022468567 -0.4999637305736542 -0.0072498866356909275 0.3419766128063202 -0.9396805167198181 0.006606435403227806 0.9868415594100952 -0.1615552455186844 -0.011991631239652634 0.9847386479377747 0.17362600564956665 -0.9762831330299377 0 0.2164977490901947 0.0028275889344513416 0.9440860152244568 0.32968705892562866 -0.9762831330299377 -5.551115123125783E-17 0.2164977490901947 -0.003416117513552308 0.6759209036827087 0.7369662523269653 -0.9422882795333862 -5.551115123125783E-17 0.3348025679588318 -0.012919855304062366 0.9396166205406189 -0.34198492765426636 0.012818333692848682 0.9999178647994995 0 0.012822129763662815 0.7677973508834839 -0.6405644416809082 -0.012919672764837742 0.939615786075592 0.3419872522354126 -0.012915033847093582 0.49993768334388733 -0.8659650683403015 0.012817555107176304 0.179224893450737 -0.9837246537208557 -0.005624337587505579 0.4999714493751526 -0.866023600101471 -0.009732965379953384 0.9390360713005066 -0.34368079900741577 -0.01291678473353386 -0.17366158962249756 -0.9847206473350525 -0.0005145768518559635 0.4652438163757324 -0.8851824402809143 0.0004970508744008839 -0.11866819113492966 -0.9929338693618774 -0.006485918071120977 -0.17367242276668549 -0.9847820997238159 0.00983975175768137 -0.9770894646644592 -0.21260131895542145 -0.00933271273970604 -0.992887556552887 -0.11868967860937119 -0.011407557874917984 -0.9999349117279053 0 -0.010499968193471432 -0.7659984230995178 -0.6427567005157471 0.010646410286426544 -0.8994583487510681 0.4368768036365509 0.005457313731312752 -0.6607896089553833 -0.7505513429641724 -0.012113608419895172 -0.7659844756126404 0.6427449584007263 0.011231452226638794 -0.43687254190444946 0.8994532823562622 -0.006885693408548832 -0.2125844657421112 -0.9771184325218201 -0.012594635598361492 -0.17366230487823486 0.9847247004508972 0.007275617215782404 0.341982364654541 -0.9396781921386719 0.011614097282290459 0.2125750631093979 0.9770756959915161 -0.005337807349860668 0.4369000196456909 -0.8994942307472229 0.005621770396828651 0.8660131096839905 -0.49998968839645386 2.7755575615628914E-17 0.34199172258377075 -0.9397029876708984 0 -0.34199202060699463 -0.9397028684616089 -0.0002689350803848356 -0.3437155485153198 -0.9390738010406494 0.00025392486713826656 -0.8660269975662231 -0.49999722838401794 0.01291501522064209 -0.9847263097763062 0.17362965643405914 -0.0005185137852095068 -0.8686626553535461 -0.49540385603904724 -0.009493388235569 -0.885141134262085 0.46522581577301025 0.0005148597992956638 -0.9848088026046753 0.17364147305488586 0.012112505733966827 -0.6427154541015625 0.7660092115402222 -0.00770961120724678 -0.4652300477027893 0.8851562142372131 0.009371355175971985 0 0.9999560713768005 -0.0040063075721263885 0.11866719275712967 0.9929260015487671 0.0047200145199894905 0.6427554488182068 0.7660568952560425 0.013048342429101467 -0.4953654706478119 -0.8685866594314575 -0.009463347494602203 -0.7678263187408447 -0.6405881643295288 -0.012919659726321697 -0.7659767270088196 -0.6427384614944458 0.013051409274339676 -0.9390007257461548 -0.3436674177646637 -0.012921817600727081 -0.9999164938926697 0 -0.00956358015537262 -0.9999542832374573 0 0.013051224872469902 -0.9389998912811279 0.34366974234580994 -0.012919659726321697 -0.7659767270088196 0.6427384614944458 0.013047887943685055 -0.49537092447280884 0.8685835599899292 -0.009769496507942677 -0.17923803627490997 0.9837572574615479 -0.012917833402752876 -0.17366158962249756 0.9847206473350525 0.009929005987942219 0 0.9999507069587708 0.012817022390663624 0.1792319416999817 0.9837233424186707 -0.009989660233259201 0.49538856744766235 0.8686140775680542 -0.012915033847093582 0.49993768334388733 0.8659650683403015 0.012822129763662815 0.7677973508834839 0.6405644416809082 -0.009729434736073017 -0.17366816103458405 -0.9847561717033386 -0.009619195945560932 0.49995407462120056 -0.8659985065460205 -0.009824995882809162 -0.7660032510757446 -0.6427616477012634 0.009556528180837631 0 -0.999954342842102 0.009661074727773666 -0.6406130790710449 -0.7678030729293823 0.009770573116838932 -0.9837605953216553 -0.17921943962574005 -0.011786466464400291 0.4999420940876007 -0.8659786581993103 0.009327889420092106 0.11866261065006256 -0.9928908348083496 -0.012919588014483452 -0.17366188764572144 -0.9847205877304077 0.009486204013228416 -0.4652220904827118 -0.8851431608200073 -0.012113544158637524 -0.7659848928451538 -0.6427444219589233 0.007714838720858097 -0.8851546049118042 -0.46523308753967285 -0.009363903664052486 -0.9999561309814453 0 0.004015933722257614 -0.9929229021072388 0.11869286000728607 -0.004712989088147879 -0.7660325765609741 0.6427844762802124 -0.0015821066917851567 -0.7505888938903809 0.6607675552368164 0.0016060852212831378 -0.21258746087551117 0.9771407246589661 -0.0037610160652548075 -0.17367516458034515 0.9847958087921143 -0.00030895971576683223 -0.9838075041770935 0.17922797799110413 0.009990612976253033 -0.868617594242096 0.49538230895996094 -9.464992035645992E-05 -0.6406430006027222 0.7678388953208923 0.0003079119196627289 -0.6427617073059082 0.7660661339759827 -0.00979720987379551 -0.766003429889679 0.6427618265151978 0.009861848317086697 -0.3437052071094513 0.9390258193016052 0.00011495182116050273 0 1 -0.009669526480138302 -0.1736682653427124 0.9847567081451416 0.00011495182116050273 -6.776263578034403E-21 1 0.009730914607644081 0.34370535612106323 0.9390271306037903 -9.482022142037749E-05 0.640642523765564 0.767839252948761 -0.009527122601866722 0.4999545216560364 0.8659992814064026 0.00030791142489761114 0.6427621245384216 0.766065776348114 0.00960021372884512 0.8686205744743347 0.4953848719596863 -0.00030895971576683223 0.9838075041770935 0.17922797799110413 0.00051498954417184 0.9848089814186096 0.17364059388637543 -0.0005183993489481509 0.8686622381210327 -0.49540454149246216 0.00025392486713826656 0.8660269975662231 -0.49999722838401794 -0.00026893531321547925 0.34371525049209595 -0.9390738606452942 0.2613544762134552 2.7755575615628914E-17 -0.9652429223060608 0.5018385648727417 0 -0.8649612665176392 0.7082114815711975 5.551115123125783E-17 -0.7060003280639648 0.8665530681610107 0 -0.4990849494934082 0.9660618901252747 5.551115123125783E-17 -0.2583106458187103 0.9660618901252747 5.551115123125783E-17 0.2583106458187103 0.8665530681610107 0 0.4990849494934082 0.7082114815711975 5.551115123125783E-17 0.7060003280639648 0.5018385648727417 0 0.8649612665176392 0.866025984287262 5.551115123125783E-17 -0.4999990165233612 -0.6427931189537048 -5.551115123125783E-17 0.7660397887229919 -0.13339443504810333 -0.9910629987716675 0 -0.26135846972465515 -0.9652417898178101 0 -0.5018225312232971 -0.8649706244468689 0 -0.708220899105072 -0.7059909105300903 0 -0.8665516376495361 -0.499087393283844 0 -0.9660616517066956 -0.2583116590976715 0 -0.9660616517066956 0.2583116590976715 -0 -0.8665515184402466 0.4990876615047455 -0 -0.708220899105072 0.7059909105300903 -0 -0.5018225312232971 0.8649706244468689 0 -0.26135802268981934 0.9652419090270996 0 -0.13339464366436005 0.9910629987716675 0 -0.34202608466148376 0.9396904706954956 0 -0.8660231828689575 0.5000038146972656 -0 0.3420262932777405 0.9396904110908508 0 -0.9848076701164246 -0.1736486554145813 -0 0.866023063659668 0.5000041127204895 0 -0.6427857875823975 -0.7660459876060486 0 0.9848076105117798 -0.17364898324012756 0 0.6427859663963318 -0.7660458087921143 0 0.009609890170395374 -0.8659866452217102 -0.4999748170375824 0.009718883782625198 -0.9847619533538818 0.17363592982292175 0.009498761966824532 -0.3419762849807739 -0.9396605491638184 -0.009352880530059338 -0.1792316883802414 -0.9837624430656433 0.009394053369760513 0.3419763445854187 -0.9396616220474243 -0.009605634026229382 0.49538499116897583 -0.8686204552650452 0.009528465569019318 0.8659874796867371 -0.4999748766422272 -0.005311212968081236 0.9869876503944397 0.1607082188129425 -0.006933155935257673 0.984784722328186 0.17364051938056946 0.0037911494728177786 0.9441604614257812 -0.32946422696113586 0.0055609289556741714 0.7639675736427307 0.6452306509017944 -0.9762880206108093 0 -0.2164756953716278 -0.011419596150517464 0.6427453756332397 0.7659947872161865 0.008560155518352985 0.28577256202697754 0.9582592248916626 -0.9422915577888489 0 -0.33479347825050354 -0.9158539772033691 0 -0.40151146054267883 -0.8199778199195862 0 -0.5723953247070312 -0.8314393162727356 -0.00839156936854124 -0.5555521845817566 -0.5555735230445862 0 -0.8314674496650696 -0.8314393162727356 0.008391567505896091 -0.5555521845817566 -0.195088192820549 0 -0.9807857275009155 -0.3420189619064331 0.939693033695221 0 -0.8660253882408142 0.5000000596046448 -0 0.3420194089412689 0.9396929144859314 0 -0.9848083853721619 -0.17364460229873657 -0 0.8660247921943665 0.500001072883606 0 -0.642783522605896 -0.7660478353500366 0 0.9848083853721619 -0.17364460229873657 0 0.642783522605896 -0.7660478353500366 0 0.00960021372884512 0.8686205744743347 -0.4953848719596863 -0.009527122601866722 0.4999545216560364 -0.8659992814064026 0.009730914607644081 0.34370535612106323 -0.9390271306037903 -0.009669526480138302 -0.1736682653427124 -0.9847567081451416 0.009861848317086697 -0.3437052071094513 -0.9390258193016052 -0.00979720987379551 -0.766003429889679 -0.6427618265151978 0.009990612976253033 -0.868617594242096 -0.49538230895996094 -0.012815568596124649 -0.9837267994880676 -0.1792132705450058 0.012917064130306244 -0.8659547567367554 -0.49995553493499756 0.009770573116838932 -0.9837605953216553 0.17921943962574005 -0.009824823588132858 -0.7660062313079834 0.6427580714225769 0.009661892428994179 -0.6406130790710449 0.7678030729293823 -0.009728646837174892 -0.17366112768650055 0.9847574234008789 0.009556528180837631 0 0.999954342842102 0.011614097282290459 0.2125750631093979 -0.9770756959915161 -0.012594635598361492 -0.17366230487823486 -0.9847247004508972 0.011231452226638794 -0.43687254190444946 -0.8994532823562622 -0.012113608419895172 -0.7659844756126404 -0.6427449584007263 0.010646410286426544 -0.8994583487510681 -0.4368768036365509 0.0005095282103866339 -0.8851808905601501 -0.46524670720100403 0.00983975175768137 -0.9770894646644592 0.21260131895542145 -0.010499775409698486 -0.7660014033317566 0.6427531242370605 -0.005465834867209196 -0.7505750060081482 0.6607626676559448 0.005457448307424784 -0.6607943177223206 0.7505472302436829 0.01050014141947031 -0.6427314281463623 0.7660195827484131 -0.009833731688559055 -0.21257922053337097 0.9770943522453308 0.012923521921038628 0.34196314215660095 -0.9396244883537292 -0.012813947163522243 -8.673617379884035E-19 -0.9999179244041443 -0.012820151634514332 0.6405856013298035 -0.7677797675132751 0.012923499569296837 -0.34196344017982483 -0.9396243691444397 0.012917178682982922 0.8659547567367554 -0.49995553493499756 -0.012820195406675339 -0.6405860185623169 -0.7677793502807617 -0.012815438210964203 0.9837267994880676 -0.1792132705450058 0.0056220656260848045 0.8660132884979248 -0.4999893307685852 0.012916838750243187 0.9847269058227539 0.1736261248588562 0.0005094044608995318 0.8851826190948486 -0.4652434289455414 -0.013050459325313568 0.868588387966156 0.49536240100860596 -0.0004990165471099317 0.9929307699203491 0.11869379878044128 0.012918380089104176 0.6427127718925476 0.7659983038902283 0.0064761643297970295 0.9847885966300964 0.17363609373569489 -0.013049657456576824 0.34368598461151123 0.9389939308166504 0.012926742434501648 -8.673617379884035E-19 0.9999164342880249 -0.013049542903900146 -0.3436862826347351 0.9389938712120056 0.012918507680296898 -0.6427123546600342 0.7659986615180969 -0.013050400651991367 -0.8685887455940247 0.49536171555519104 0.012916771695017815 -0.9847267866134644 0.17362700402736664 0.005621821153908968 -0.8660129308700562 -0.4999900162220001 -0.004766328725963831 -0.4652386009693146 -0.8851724863052368 0.006476724985986948 -0.9847878217697144 0.17364048957824707 0.009956030175089836 -0.34197476506233215 -0.9396563768386841 -0.0004988861619494855 -0.9929306507110596 0.11869482696056366 -0.008146408013999462 0.1186642050743103 -0.9929010272026062 0.012377546168863773 0.3419652283191681 -0.9396311044692993 -0.0096034100279212 0.6607736349105835 -0.7505238056182861 0.012860098853707314 0.8659551739692688 -0.4999562203884125 -0.011616930365562439 0.9770709276199341 -0.2125968039035797 0.012590966187417507 0.9847304821014404 0.17362992465496063 -0.011238744482398033 0.8994525074958801 0.4368739724159241 0.012112974189221859 0.6427197456359863 0.7660056352615356 -0.010640600696206093 0.4368753731250763 0.8994591236114502 0.011413546279072762 0 0.9999348521232605 0.011995576322078705 -0.17365685105323792 0.9847331643104553 -0.0028225986752659082 -0.32969576120376587 0.944083034992218 -0.0053305113688111305 -0.9686548113822937 -0.24835339188575745 0.008253512904047966 -0.7660171389579773 0.6427671909332275 0.0034222560934722424 -0.7369694709777832 0.6759173274040222 0.007251517381519079 0.9396705031394958 -0.3420040011405945 0.9762880802154541 -0.21647541224956512 0 0.9422954320907593 -0.33478254079818726 0 5.551115123125783E-17 0.9396960735321045 -0.34201064705848694 -0.00024993871920742095 0.4999768137931824 -0.8660387396812439 0 0.9396952390670776 0.34201300144195557 -0.012919051572680473 -0.17365485429763794 0.984721839427948 0.009486611932516098 -0.4652155339717865 0.8851466178894043 -0.012113799341022968 -0.7659878730773926 0.6427408456802368 0.0077147032134234905 -0.8851563930511475 0.4652296304702759 0.004015933722257614 -0.9929229021072388 -0.11869286000728607 0.009499069303274155 0.3419765830039978 -0.9396604895591736 -0.009352846071124077 0.179230734705925 -0.9837626218795776 -0.009462853893637657 0.7678303718566895 -0.640583336353302 0.00939407479017973 -0.34197691082954407 -0.9396613836288452 -0.009605727158486843 -0.4953867197036743 -0.868619441986084 0.009528190828859806 -0.8659876585006714 -0.4999745488166809 0.00995599664747715 0.34197506308555603 -0.9396562576293945 -0.008146378211677074 -0.11866383999586105 -0.992901086807251 -0.004766222555190325 0.46523773670196533 -0.885172963142395 0.012377782724797726 -0.34196579456329346 -0.9396308660507202 -0.009602922946214676 -0.6607741713523865 -0.7505233287811279 0.012860702350735664 -0.8659553527832031 -0.4999558925628662 -0.011616325005888939 -0.977071225643158 -0.21259544789791107 0.012591243721544743 -0.9847311973571777 0.17362596094608307 -0.011239022947847843 -0.8994513750076294 0.4368762671947479 0.012112738564610481 -0.6427188515663147 0.7660064101219177 -0.010640477761626244 -0.43687742948532104 0.899458110332489 -0.009833693504333496 0.2125774472951889 0.9770947098731995 0.010500434786081314 0.6427305340766907 0.7660203576087952 -0.0054662167094647884 0.7505786418914795 0.6607585549354553 0.006885963026434183 0.9771140217781067 0.21260476112365723 -0.007273727096617222 0.9396712183952332 -0.34200161695480347 0.005337742622941732 0.8994953632354736 -0.4368976652622223 -0.005624123848974705 0.49996891617774963 -0.8660250902175903 0.003577501280233264 0.4368993639945984 -0.8995032906532288 -0.0037610160652548075 -0.17367516458034515 -0.9847958087921143 0.0016060852212831378 -0.21258746087551117 -0.9771407246589661 -0.0015821066917851567 -0.7505888938903809 -0.6607675552368164 -0.004712989088147879 -0.7660325765609741 -0.6427844762802124 -0.34207797050476074 0 -0.9396715760231018 0.9848068952560425 0 0.17365297675132751 -0.866023600101471 0 -0.5000030994415283 0.0005172480596229434 0.49541497230529785 0.8686562776565552 -0.00024993871920742095 0.4999768137931824 0.8660387396812439 -0.0005134310922585428 -0.17367637157440186 0.9848026633262634 0.000263831956544891 0.9390780925750732 0.3437037765979767 0.00030789582524448633 -0.1792459338903427 0.9838042259216309 -0.0003104628121946007 -0.7660410404205322 0.6427915692329407 0.0002638337027747184 0.9390789270401001 -0.34370145201683044 0.00010366215428803116 -0.7678647041320801 0.640612006187439 -0.00010297764674760401 -1 0 0.0005181636661291122 0.4954095184803009 -0.8686593770980835 -0.00986518431454897 -0.9390329718589783 0.34368547797203064 -0.0005123828887008131 -0.17367637157440186 -0.9848026633262634 0.00010366215428803116 -0.7678647041320801 -0.640612006187439 0.0003079019661527127 -0.17923888564109802 -0.9838055372238159 -0.009732884354889393 -0.9390350580215454 -0.3436835706233978 -0.0003104628121946007 -0.7660410404205322 -0.6427915692329407 0.00971826072782278 0.9847627282142639 0.17363153398036957 0.009609746746718884 0.8659870028495789 -0.49997416138648987 0.009823090396821499 0.642730712890625 0.7660291790962219 -0.00956371333450079 0.9999542832374573 0 -0.009671528823673725 0.7678288221359253 0.6405820250511169 -0.009769412688910961 0.17923706769943237 0.9837573766708374 0.011779077351093292 0.8659669160842896 -0.49996253848075867 -0.009332766756415367 0.9928876757621765 -0.11868864297866821 0.012914549559354782 0.9847270846366882 0.17362524569034576 -0.009493827819824219 0.8851428627967834 0.4652225375175476 0.012112397700548172 0.6427145600318909 0.7660099864006042 -0.007709701079875231 0.46522921323776245 0.8851566910743713 0.009371355175971985 8.673617379884035E-19 0.9999560713768005 -0.004006249830126762 -0.11866682022809982 0.9929260611534119 0.004720340017229319 -0.6427545547485352 0.7660576105117798 0.0015778434462845325 -0.6608038544654846 0.750557005405426 -0.0016138358041644096 -0.9771355390548706 0.2126110941171646 0.0037613040767610073 -0.9848023056983948 0.1736385077238083 0.009667661041021347 -0.9847632050514221 0.17363162338733673 0.005621835123747587 -0.8660132884979248 -0.4999893307685852 0.009792991913855076 -0.6427308917045593 0.766029417514801 -0.003582898760214448 -0.8995024561882019 -0.4369010627269745 -0.005337737500667572 -0.43690207600593567 -0.8994932174682617 -0.009989735670387745 -0.4953903257846832 0.868613064289093 0.007275814190506935 -0.34198296070098877 -0.9396780133247375 -0.006885761860758066 0.21258269250392914 -0.9771187901496887 0.0087198531255126 0.3419789969921112 -0.9396671056747437 -0.007232984993606806 0.7505702376365662 -0.6607511043548584 0.8660286664962769 5.551115123125783E-17 -0.49999430775642395 -0.8660286664962769 -5.551115123125783E-17 -0.49999430775642395 -0.34202539920806885 0.9396907091140747 0 -0.8660227656364441 0.5000045895576477 -0 0.34202539920806885 0.9396907091140747 0 -0.9848086833953857 -0.17364303767681122 -0 0.8660227656364441 0.5000045895576477 0 -0.6427819728851318 -0.7660492062568665 0 0.9848082065582275 -0.17364567518234253 0 0.6427819728851318 -0.7660492062568665 0 -0.3420237600803375 0.9396913051605225 0 -0.8660233616828918 0.5000035762786865 -0 0.34202420711517334 0.9396911263465881 0 -0.9848084449768066 -0.17364436388015747 -0 0.9848084449768066 -0.17364436388015747 0 0.9848068952560425 5.551115123125783E-17 0.17365297675132751 -0.866023600101471 -5.551115123125783E-17 -0.5000030994415283 -0.09538467228412628 -6.938893903907228E-18 0.9954404830932617 -0.19411590695381165 0 0.9809786081314087 -0.3185453712940216 0 0.9479076266288757 -0.4879129230976105 -2.7755575615628914E-17 0.8728923201560974 -0.0022222166880965233 0 -0.9999975562095642 -0.19268560409545898 1.3877787807814457E-17 -0.9812605381011963 -0.3789448142051697 -2.7755575615628914E-17 -0.925419270992279 -0.40155738592147827 -2.7755575615628914E-17 -0.9158338308334351 -0.42662474513053894 -2.7755575615628914E-17 -0.9044287204742432 -0.4353023171424866 0 -0.9002843499183655 -0.5956141948699951 -0.0008195576956495643 -0.8032702207565308 -0.6029097437858582 0.00388656510040164 -0.7977999448776245 -0.7411741614341736 -1.1102230246251565E-16 -0.6713128089904785 -0.7515472769737244 -5.551115123125783E-17 -0.6596792340278625 -0.7695083618164062 0 -0.6386367678642273 -0.7819644212722778 5.551115123125783E-17 -0.6233230829238892 -0.7863278985023499 -5.551115123125783E-17 -0.6178094148635864 -0.8878272771835327 0 -0.4601767957210541 -0.9575491547584534 0 -0.2882699966430664 -0.9673755168914795 5.551115123125783E-17 -0.2533467710018158 -0.9978646636009216 0 -0.06531545519828796 -0.9952282905578613 0 0.09757354855537415 -0.9867236018180847 0 0.16240869462490082 -0.9389137625694275 -5.551115123125783E-17 0.3441525399684906 -0.885320782661438 5.551115123125783E-17 0.4649807810783386 -0.8763730525970459 0 0.48163288831710815 -0.8660339713096619 0 0.4999851584434509 -0.824138879776001 -5.551115123125783E-17 0.5663877129554749 -0.6972702741622925 0 0.7168083190917969 -0.595397412776947 -5.551115123125783E-17 0.8034313321113586 -0.5648597478866577 -5.551115123125783E-17 0.8251869082450867 -0.5697311758995056 0.00048521847929805517 0.8218309879302979 -0.5451534390449524 0 0.8383362889289856 -0.4879129230976105 2.7755575615628914E-17 0.8728923201560974 -0.7637132406234741 -0.12249522656202316 -0.633827269077301 -0.6028282642364502 0.01689230650663376 -0.7976921200752258 -0.5648596882820129 -0.00038829006371088326 0.8251868486404419 -0.5697312355041504 0 0.8218310475349426 -0.824138879776001 5.551115123125783E-17 0.5663877129554749 -0.8660339713096619 -5.551115123125783E-17 0.4999851584434509 -0.885320782661438 0 0.4649807810783386 -0.9978646636009216 -5.551115123125783E-17 -0.06531545519828796 -0.9575491547584534 -5.551115123125783E-17 -0.2882699966430664 -0.7515464425086975 0.001494542695581913 -0.6596784591674805 -0.7471776008605957 -0.1076786145567894 -0.6558436751365662 -0.7374882102012634 -0.0996067002415657 -0.6679742932319641 -0.4332651197910309 0.09663323312997818 -0.8960710763931274 -0.5956143736839294 0 -0.8032705187797546 -0.40155738592147827 0 -0.9158338308334351 -0.19268560409545898 0 -0.9812605381011963 -0.0020005516707897186 0.9999979734420776 0 -0.19268308579921722 0.9812610149383545 0 -0.37896430492401123 0.9254112839698792 0 -0.4088614583015442 0.9125964641571045 0 -0.5610882639884949 0.8277559876441956 0 -0.6814100742340088 0.7319018840789795 0 -0.7114068865776062 0.7027798295021057 -0.0008210936211980879 -0.7063974738121033 0.707815408706665 0 -0.7590765953063965 0.6510012745857239 -0 -0.7821130156517029 0.623136579990387 -0 -0.786317765712738 0.6178222894668579 -0 -0.8878222703933716 0.4601864516735077 -0 -0.9575539827346802 0.2882540822029114 -0 -0.9673786759376526 0.25333473086357117 -0 -0.9978644251823425 0.06531874090433121 -0 -0.9952238202095032 -0.09761954843997955 0 -0.9867234230041504 -0.16240963339805603 0 -0.9389160871505737 -0.34414613246917725 0 -0.8853036165237427 -0.46501344442367554 0 -0.8358495831489563 -0.5489585399627686 0 -0.7353196740150452 -0.6777204275131226 0 -0.6796908974647522 -0.7334986329078674 0 -0.6373302340507507 -0.7705899477005005 0.001143978675827384 -0.6316511034965515 -0.7752527594566345 0 -0.5686883926391602 -0.8225530385971069 0 -0.545112133026123 -0.8383631706237793 0 -0.48791074752807617 -0.8728935122489929 0 -0.31854861974716187 -0.947906494140625 0 -0.1940809041261673 -0.9809855222702026 0 -0.0953785702586174 -0.9954410791397095 0 -0.706397294998169 0.7078152298927307 0.000681665085721761 -0.7114071249961853 0.7027800679206848 -0 -0.6373306512832642 -0.7705904841423035 0 -0.6316505670547485 -0.775252103805542 -0.0012930614175274968 </float_array>
          <technique_common>
            <accessor source="#mesh_1-normal-array" count="757" stride="3">
              <param name="X" type="float" />
              <param name="Y" type="float" />
              <param name="Z" type="float" />
            </accessor>
          </technique_common>
        </source>
        <vertices id="mesh_1-vertices">
          <input semantic="POSITION" source="#mesh_1-position" />
        </vertices>
        <triangles material="default" count="2904">
          <input semantic="VERTEX" source="#mesh_1-vertices" offset="0" />
          <input semantic="NORMAL" source="#mesh_1-normal" offset="1" />
          <p>0 0 1 0 2 0 2 0 1 0 3 0 2 1 3 1 4 1 4 1 3 1 5 1 4 2 5 2 6 2 6 2 5 2 7 2 6 3 7 3 8 3 9 4 10 4 11 4 11 5 10 5 12 5 7 3 13 3 8 3 8 6 13 6 14 6 8 7 14 7 15 7 15 8 14 8 16 8 15 9 16 9 17 9 17 9 16 9 18 9 17 10 18 10 19 10 19 10 18 10 20 10 19 11 20 11 21 11 21 11 20 11 22 11 21 12 22 12 23 12 23 12 22 12 24 12 23 13 24 13 25 13 25 13 24 13 26 13 25 14 26 14 27 14 27 14 26 14 28 14 27 15 28 15 29 15 29 15 28 15 30 15 29 16 30 16 31 16 31 16 30 16 32 16 31 17 32 17 33 17 33 17 32 17 34 17 33 18 34 18 35 18 35 18 34 18 36 18 35 19 36 19 37 19 37 19 36 19 38 19 37 20 38 20 39 20 39 20 38 20 40 20 39 21 40 21 41 21 41 21 40 21 42 21 41 22 42 22 43 22 43 22 42 22 44 22 43 23 44 23 45 23 45 23 44 23 11 23 45 24 11 24 46 24 46 25 11 25 12 25 9 26 47 26 10 26 10 27 47 27 48 27 10 28 48 28 49 28 49 29 48 29 50 29 49 30 50 30 51 30 51 30 50 30 52 30 51 31 52 31 53 31 53 31 52 31 54 31 53 32 54 32 55 32 55 32 54 32 56 32 55 33 56 33 57 33 57 33 56 33 58 33 57 34 58 34 59 34 59 34 58 34 60 34 61 0 62 0 63 0 63 0 62 0 64 0 63 1 64 1 65 1 65 1 64 1 66 1 65 2 66 2 67 2 67 2 66 2 68 2 67 3 68 3 69 3 69 3 68 3 70 3 71 34 72 34 73 34 73 34 72 34 74 34 73 33 74 33 75 33 75 33 74 33 76 33 75 32 76 32 77 32 77 32 76 32 78 32 77 31 78 31 79 31 79 31 78 31 80 31 79 30 80 30 81 30 81 30 80 30 82 30 81 35 82 35 83 35 83 36 82 36 84 36 83 37 84 37 85 37 85 38 84 38 86 38 85 39 86 39 87 39 87 39 86 39 88 39 87 24 88 24 89 24 89 24 88 24 90 24 89 23 90 23 91 23 91 23 90 23 92 23 91 22 92 22 93 22 93 22 92 22 94 22 93 21 94 21 95 21 95 21 94 21 96 21 95 20 96 20 97 20 97 20 96 20 98 20 97 19 98 19 99 19 99 19 98 19 100 19 99 18 100 18 101 18 101 18 100 18 102 18 101 17 102 17 103 17 103 17 102 17 104 17 103 16 104 16 105 16 105 16 104 16 106 16 105 15 106 15 107 15 107 15 106 15 108 15 107 14 108 14 109 14 109 14 108 14 110 14 109 13 110 13 111 13 111 13 110 13 112 13 111 12 112 12 113 12 113 12 112 12 114 12 113 11 114 11 115 11 115 11 114 11 116 11 115 10 116 10 117 10 117 10 116 10 118 10 117 9 118 9 119 9 119 9 118 9 120 9 119 40 120 40 70 40 70 41 120 41 121 41 70 6 121 6 69 6 122 42 123 42 124 42 124 42 123 42 125 42 124 43 125 43 126 43 126 43 125 43 127 43 126 44 127 44 128 44 128 44 127 44 129 44 128 45 129 45 130 45 130 45 129 45 131 45 130 46 131 46 132 46 131 46 133 46 132 46 132 47 133 47 134 47 132 48 134 48 135 48 135 49 134 49 136 49 135 50 136 50 137 50 137 50 136 50 138 50 137 51 138 51 139 51 139 51 138 51 140 51 139 52 140 52 141 52 141 52 140 52 142 52 141 53 142 53 143 53 143 53 142 53 144 53 143 54 144 54 145 54 145 54 144 54 146 54 145 55 146 55 147 55 147 55 146 55 148 55 147 56 148 56 149 56 149 56 148 56 150 56 149 57 150 57 151 57 151 57 150 57 152 57 151 58 152 58 153 58 153 58 152 58 154 58 153 59 154 59 155 59 155 59 154 59 156 59 155 60 156 60 157 60 157 60 156 60 158 60 157 61 158 61 159 61 159 61 158 61 160 61 159 62 160 62 161 62 161 62 160 62 162 62 163 63 164 63 165 63 165 63 164 63 166 63 165 64 166 64 167 64 167 64 166 64 168 64 167 65 168 65 169 65 169 65 168 65 170 65 169 66 170 66 171 66 171 66 170 66 172 66 171 67 172 67 173 67 173 67 172 67 174 67 173 68 174 68 175 68 175 68 174 68 176 68 175 69 176 69 162 69 162 70 176 70 177 70 162 71 177 71 161 71 178 42 179 42 180 42 180 42 179 42 181 42 180 72 181 72 182 72 182 72 181 72 183 72 182 44 183 44 184 44 184 44 183 44 185 44 184 45 185 45 186 45 186 45 185 45 187 45 186 46 187 46 188 46 188 46 187 46 189 46 188 47 189 47 190 47 190 73 189 73 191 73 191 74 189 74 192 74 191 75 192 75 193 75 193 75 192 75 194 75 193 51 194 51 195 51 195 51 194 51 196 51 195 52 196 52 197 52 197 52 196 52 198 52 197 53 198 53 199 53 199 53 198 53 200 53 199 76 200 76 201 76 201 76 200 76 202 76 201 55 202 55 203 55 203 55 202 55 204 55 203 77 204 77 205 77 205 77 204 77 206 77 205 57 206 57 207 57 207 57 206 57 208 57 207 58 208 58 209 58 209 58 208 58 210 58 209 59 210 59 211 59 211 59 210 59 212 59 211 78 212 78 213 78 213 78 212 78 214 78 213 79 214 79 215 79 215 79 214 79 216 79 215 62 216 62 217 62 216 62 218 62 217 62 217 71 218 71 219 71 217 80 219 80 220 80 220 81 219 81 221 81 220 68 221 68 222 68 222 68 221 68 223 68 222 67 223 67 224 67 224 67 223 67 225 67 224 82 225 82 226 82 226 82 225 82 227 82 226 65 227 65 228 65 228 65 227 65 229 65 228 64 229 64 230 64 230 64 229 64 231 64 230 63 231 63 232 63 232 63 231 63 233 63 234 83 235 83 236 83 236 83 235 83 237 83 236 83 237 83 238 83 236 83 238 83 239 83 239 83 238 83 240 83 239 83 240 83 241 83 241 83 242 83 239 83 243 84 241 84 240 84 244 85 242 85 241 85 243 86 240 86 245 86 244 87 241 87 243 87 243 88 245 88 246 88 246 89 244 89 243 89 246 90 245 90 247 90 247 91 245 91 248 91 249 83 250 83 234 83 234 83 250 83 251 83 249 83 252 83 250 83 234 92 253 92 249 92 234 83 251 83 254 83 255 93 251 93 250 93 256 94 250 94 252 94 249 92 253 92 257 92 254 83 235 83 234 83 258 95 254 95 251 95 255 96 250 96 256 96 258 97 251 97 255 97 256 98 252 98 259 98 257 92 253 92 260 92 255 99 256 99 253 99 259 91 253 91 256 91 259 100 252 100 261 100 257 92 260 92 262 92 259 101 260 101 253 101 261 102 252 102 263 102 262 92 264 92 257 92 261 103 263 103 265 103 257 92 264 92 266 92 265 104 263 104 267 104 257 92 266 92 268 92 265 105 267 105 269 105 269 106 267 106 270 106 271 99 272 99 234 99 234 99 272 99 273 99 274 99 272 99 271 99 275 107 271 107 234 107 234 99 273 99 276 99 234 107 236 107 275 107 277 108 276 108 273 108 275 107 236 107 278 107 278 107 236 107 279 107 278 107 279 107 280 107 279 109 281 109 280 109 282 110 280 110 281 110 245 111 240 111 248 111 248 112 240 112 238 112 248 113 238 113 283 113 248 99 283 99 247 99 283 114 238 114 237 114 283 115 237 115 284 115 285 99 283 99 284 99 284 95 237 95 235 95 285 99 284 99 286 99 284 116 235 116 286 116 286 117 235 117 287 117 286 118 287 118 288 118 288 119 287 119 289 119 288 98 289 98 290 98 290 100 289 100 291 100 292 83 293 83 294 83 294 83 293 83 295 83 296 83 293 83 292 83 297 110 292 110 294 110 294 83 295 83 298 83 294 110 236 110 297 110 299 120 298 120 295 120 294 99 300 99 236 99 297 110 236 110 247 110 236 99 300 99 301 99 247 110 236 110 239 110 236 99 301 99 302 99 247 110 239 110 303 110 236 99 302 99 279 99 239 121 257 121 303 121 279 99 302 99 304 99 305 107 303 107 257 107 279 99 304 99 306 99 307 122 306 122 304 122 239 83 242 83 249 83 249 83 242 83 267 83 249 121 257 121 239 121 249 83 267 83 263 83 242 83 308 83 267 83 263 83 252 83 249 83 309 123 308 123 242 123 267 83 308 83 310 83 309 124 242 124 311 124 291 103 308 103 309 103 270 125 267 125 310 125 310 83 308 83 289 83 311 126 242 126 244 126 291 102 289 102 308 102 270 87 310 87 312 87 310 83 289 83 313 83 246 127 311 127 244 127 312 84 310 84 313 84 313 83 289 83 314 83 314 83 289 83 287 83 314 83 287 83 254 83 254 83 287 83 235 83 315 110 316 110 303 110 303 110 316 110 317 110 315 110 318 110 316 110 303 107 319 107 315 107 303 110 317 110 320 110 319 107 303 107 305 107 315 107 319 107 321 107 320 110 246 110 303 110 321 107 196 107 315 107 315 107 196 107 194 107 315 107 194 107 192 107 303 110 246 110 247 110 322 107 315 107 189 107 189 107 315 107 192 107 196 107 321 107 198 107 198 107 321 107 323 107 322 107 324 107 315 107 200 107 198 107 323 107 200 107 323 107 202 107 202 107 323 107 325 107 202 107 325 107 204 107 204 107 325 107 206 107 206 107 325 107 208 107 208 107 325 107 326 107 208 107 326 107 210 107 210 107 326 107 212 107 212 107 326 107 214 107 214 107 326 107 327 107 214 107 327 107 216 107 216 107 327 107 218 107 218 107 327 107 219 107 219 107 327 107 328 107 328 107 268 107 219 107 219 107 268 107 221 107 268 107 328 107 257 107 257 107 328 107 329 107 257 107 329 107 305 107 330 83 331 83 332 83 332 83 331 83 333 83 334 83 331 83 330 83 332 92 335 92 330 92 332 83 333 83 336 83 337 128 333 128 331 128 338 129 331 129 334 129 339 92 335 92 332 92 330 92 335 92 253 92 340 130 336 130 333 130 337 131 331 131 338 131 341 132 333 132 337 132 338 133 334 133 342 133 332 134 343 134 339 134 339 92 344 92 335 92 330 92 253 92 234 92 340 135 333 135 341 135 335 136 337 136 338 136 341 137 337 137 344 137 335 99 338 99 342 99 344 138 337 138 335 138 234 99 276 99 330 99 344 139 340 139 341 139 330 99 276 99 345 99 330 99 345 99 346 99 345 99 276 99 347 99 347 99 276 99 348 99 347 99 348 99 349 99 350 111 313 111 351 111 351 112 313 112 314 112 312 86 313 86 350 86 351 91 288 91 350 91 351 113 314 113 352 113 350 140 290 140 312 140 350 91 288 91 290 91 352 114 314 114 254 114 312 140 290 140 291 140 352 141 254 141 258 141 312 142 291 142 270 142 270 142 291 142 309 142 270 143 309 143 269 143 269 143 309 143 311 143 269 144 311 144 262 144 262 145 260 145 269 145 262 144 311 144 320 144 269 146 260 146 265 146 262 147 320 147 264 147 320 148 311 148 246 148 265 149 260 149 261 149 264 147 320 147 317 147 261 150 260 150 259 150 264 151 317 151 266 151 266 151 317 151 316 151 353 99 352 99 354 99 354 99 352 99 258 99 351 99 352 99 353 99 354 152 355 152 353 152 354 99 258 99 255 99 354 153 356 153 355 153 353 154 355 154 357 154 255 99 358 99 354 99 358 155 356 155 354 155 359 99 355 99 356 99 360 99 357 99 355 99 356 156 358 156 361 156 359 99 356 99 361 99 360 99 355 99 359 99 361 157 358 157 362 157 363 158 359 158 361 158 364 159 360 159 359 159 363 160 361 160 365 160 364 161 359 161 363 161 366 99 367 99 368 99 368 99 367 99 369 99 366 99 370 99 367 99 366 162 368 162 371 162 368 99 369 99 372 99 372 99 373 99 368 99 368 99 373 99 374 99 368 99 374 99 375 99 375 99 376 99 368 99 368 99 376 99 377 99 377 99 376 99 378 99 378 163 379 163 377 163 378 99 376 99 380 99 378 164 381 164 379 164 377 165 379 165 382 165 378 99 380 99 383 99 383 166 381 166 378 166 384 99 379 99 381 99 384 99 382 99 379 99 383 99 380 99 385 99 383 99 385 99 386 99 386 99 385 99 362 99 386 99 362 99 253 99 253 99 362 99 358 99 253 99 358 99 255 99 387 167 388 167 268 167 268 167 388 167 389 167 387 162 390 162 388 162 268 92 266 92 387 92 389 107 391 107 268 107 388 162 390 162 392 162 266 162 393 162 387 162 389 107 394 107 391 107 268 107 391 107 395 107 388 162 392 162 396 162 387 162 393 162 397 162 268 107 395 107 398 107 388 162 396 162 399 162 268 107 398 107 221 107 221 107 398 107 223 107 399 162 396 162 400 162 277 168 273 168 401 168 401 169 273 169 272 169 401 170 272 170 402 170 402 171 275 171 401 171 402 172 272 172 274 172 402 173 403 173 275 173 402 174 274 174 404 174 404 175 403 175 402 175 403 107 405 107 275 107 404 176 274 176 406 176 406 177 403 177 404 177 275 107 405 107 271 107 406 178 274 178 407 178 408 179 403 179 406 179 406 180 407 180 408 180 409 99 410 99 271 99 271 99 410 99 407 99 411 99 410 99 409 99 271 181 405 181 409 181 271 99 407 99 274 99 408 182 407 182 410 182 412 99 411 99 409 99 408 183 410 183 413 183 414 182 411 182 412 182 413 184 415 184 408 184 414 185 412 185 416 185 408 184 415 184 414 184 417 186 414 186 416 186 408 187 414 187 418 187 419 188 414 188 417 188 418 189 403 189 408 189 418 187 414 187 419 187 419 162 417 162 420 162 418 190 419 190 421 190 420 162 422 162 419 162 421 190 419 190 422 190 420 162 423 162 422 162 421 191 422 191 424 191 424 191 422 191 423 191 425 110 424 110 423 110 425 110 423 110 426 110 426 110 423 110 427 110 427 110 423 110 428 110 427 110 428 110 429 110 430 99 431 99 349 99 349 99 431 99 432 99 431 99 430 99 411 99 433 192 430 192 349 192 349 99 432 99 347 99 415 193 431 193 411 193 411 99 430 99 410 99 433 194 349 194 434 194 435 195 430 195 433 195 415 196 411 196 414 196 413 197 410 197 430 197 434 171 436 171 433 171 434 198 349 198 348 198 413 199 430 199 435 199 434 200 348 200 437 200 437 201 348 201 276 201 437 202 276 202 438 202 438 203 276 203 277 203 439 83 440 83 441 83 441 83 440 83 442 83 440 83 439 83 443 83 441 83 442 83 444 83 443 204 445 204 440 204 443 83 439 83 364 83 444 205 446 205 441 205 444 83 442 83 447 83 443 206 448 206 445 206 443 83 364 83 449 83 446 207 444 207 450 207 444 83 447 83 451 83 442 83 452 83 447 83 449 208 448 208 443 208 449 83 364 83 275 83 450 209 444 209 451 209 442 210 453 210 452 210 449 83 275 83 278 83 364 83 363 83 275 83 452 211 453 211 454 211 275 83 363 83 277 83 275 83 277 83 401 83 363 83 455 83 277 83 277 83 455 83 438 83 438 83 455 83 456 83 438 83 456 83 437 83 457 107 458 107 280 107 280 107 458 107 459 107 457 107 460 107 458 107 280 110 461 110 457 110 280 107 459 107 462 107 461 110 280 110 282 110 457 110 461 110 463 110 462 107 464 107 280 107 463 110 465 110 457 110 457 110 465 110 466 110 457 110 466 110 467 110 280 107 464 107 278 107 468 110 457 110 469 110 469 110 457 110 467 110 465 110 463 110 470 110 470 110 463 110 471 110 468 110 472 110 457 110 473 110 470 110 471 110 473 110 471 110 474 110 474 110 471 110 475 110 474 110 475 110 476 110 476 110 475 110 477 110 477 110 475 110 478 110 478 110 475 110 479 110 478 110 479 110 480 110 480 110 479 110 481 110 481 110 479 110 482 110 482 110 479 110 483 110 482 110 483 110 484 110 484 110 483 110 485 110 485 110 483 110 486 110 486 110 483 110 487 110 487 110 488 110 486 110 486 110 488 110 489 110 488 110 487 110 281 110 281 110 487 110 490 110 281 110 490 110 282 110 279 99 491 99 492 99 492 99 491 99 493 99 306 99 491 99 279 99 492 109 281 109 279 109 492 99 493 99 494 99 491 99 495 99 493 99 496 212 491 212 306 212 494 99 497 99 492 99 498 213 495 213 491 213 493 99 495 99 499 99 496 214 306 214 307 214 500 215 491 215 496 215 498 216 491 216 500 216 499 99 495 99 501 99 464 217 496 217 307 217 464 218 500 218 496 218 499 99 501 99 502 99 503 219 499 219 502 219 502 99 501 99 504 99 504 99 501 99 505 99 504 99 505 99 506 99 506 99 505 99 300 99 507 99 508 99 366 99 366 99 508 99 509 99 507 99 510 99 508 99 366 99 509 99 511 99 508 220 512 220 509 220 511 99 513 99 366 99 511 99 509 99 514 99 509 221 512 221 515 221 511 99 514 99 516 99 509 222 515 222 514 222 517 99 515 99 512 99 516 99 514 99 518 99 514 223 515 223 519 223 517 99 512 99 520 99 519 99 515 99 517 99 516 99 518 99 521 99 514 224 519 224 518 224 521 99 518 99 522 99 521 99 522 99 523 99 523 99 522 99 247 99 523 99 247 99 524 99 524 99 247 99 283 99 524 99 283 99 285 99 525 99 526 99 527 99 527 99 526 99 528 99 526 99 525 99 366 99 527 99 528 99 288 99 529 225 528 225 526 225 366 99 513 99 526 99 366 99 525 99 370 99 288 99 528 99 286 99 526 226 530 226 529 226 531 227 528 227 529 227 513 228 532 228 526 228 286 99 528 99 285 99 526 229 532 229 530 229 533 99 529 99 530 99 533 99 531 99 529 99 528 230 531 230 285 230 534 99 530 99 532 99 533 99 530 99 534 99 535 99 531 99 533 99 285 231 531 231 536 231 535 99 536 99 531 99 285 232 536 232 524 232 537 99 536 99 535 99 524 233 536 233 537 233 524 234 537 234 523 234 299 235 295 235 538 235 538 236 295 236 293 236 538 237 293 237 539 237 539 136 297 136 538 136 539 238 293 238 296 238 539 239 540 239 297 239 539 240 296 240 541 240 541 241 540 241 539 241 540 110 343 110 297 110 541 242 296 242 542 242 542 243 540 243 541 243 297 110 343 110 292 110 542 244 296 244 543 244 544 245 540 245 542 245 542 246 543 246 544 246 332 83 545 83 292 83 292 83 545 83 543 83 546 83 545 83 332 83 292 134 343 134 332 134 292 83 543 83 296 83 544 247 543 247 545 247 336 83 546 83 332 83 544 248 545 248 547 248 548 247 546 247 336 247 547 249 549 249 544 249 548 250 336 250 340 250 544 249 549 249 548 249 344 251 548 251 340 251 544 252 548 252 550 252 551 253 548 253 344 253 550 254 540 254 544 254 550 252 548 252 551 252 551 92 344 92 339 92 550 255 551 255 552 255 339 92 553 92 551 92 552 255 551 255 553 255 339 92 554 92 553 92 552 256 553 256 555 256 555 256 553 256 554 256 556 107 555 107 554 107 556 107 554 107 557 107 557 107 554 107 558 107 558 107 554 107 559 107 558 107 559 107 560 107 294 83 298 83 330 83 330 83 298 83 561 83 330 162 562 162 294 162 330 83 561 83 334 83 561 83 298 83 563 83 294 162 562 162 492 162 342 257 334 257 561 257 563 83 298 83 564 83 492 162 562 162 281 162 342 258 561 258 565 258 563 83 564 83 566 83 567 259 564 259 298 259 281 162 562 162 568 162 565 260 561 260 569 260 570 129 566 129 564 129 567 261 298 261 571 261 570 133 564 133 567 133 281 162 568 162 572 162 571 99 573 99 567 99 571 262 298 262 299 262 572 162 574 162 281 162 281 162 574 162 575 162 281 162 575 162 488 162 492 99 576 99 294 99 294 99 576 99 577 99 492 99 497 99 576 99 294 99 577 99 506 99 578 263 577 263 576 263 579 264 576 264 497 264 506 99 300 99 294 99 580 265 506 265 577 265 578 266 576 266 579 266 580 267 577 267 578 267 579 268 497 268 581 268 581 269 562 269 579 269 581 270 497 270 582 270 581 271 568 271 562 271 582 272 568 272 581 272 582 273 497 273 494 273 583 274 568 274 582 274 582 275 494 275 583 275 584 276 568 276 583 276 583 277 494 277 493 277 583 278 493 278 584 278 584 279 493 279 585 279 585 280 493 280 499 280 585 281 499 281 503 281 586 99 587 99 588 99 588 99 587 99 589 99 587 99 586 99 590 99 588 99 589 99 591 99 590 99 586 99 592 99 591 282 593 282 588 282 591 99 589 99 507 99 590 99 592 99 522 99 593 283 591 283 594 283 591 99 507 99 595 99 589 99 510 99 507 99 522 99 592 99 297 99 593 99 594 99 596 99 594 284 591 284 595 284 522 99 297 99 247 99 592 99 597 99 297 99 596 99 594 99 598 99 594 285 595 285 598 285 297 99 597 99 299 99 596 99 598 99 599 99 297 99 299 99 538 99 597 99 600 99 299 99 299 99 600 99 571 99 571 99 600 99 573 99 601 286 304 286 602 286 602 287 304 287 302 287 307 288 304 288 601 288 278 269 601 269 602 269 602 289 302 289 603 289 307 290 601 290 464 290 602 83 603 83 278 83 464 291 601 291 278 291 603 292 302 292 301 292 603 293 301 293 604 293 604 294 301 294 300 294 604 295 300 295 605 295 605 296 300 296 505 296 605 297 505 297 606 297 606 298 505 298 501 298 606 299 501 299 607 299 607 300 501 300 608 300 608 301 501 301 495 301 608 302 495 302 498 302 609 303 318 303 610 303 610 303 318 303 315 303 611 162 318 162 609 162 610 304 612 304 609 304 315 107 613 107 610 107 611 162 609 162 614 162 612 162 615 162 609 162 315 107 324 107 613 107 610 107 613 107 616 107 609 162 617 162 614 162 609 162 615 162 617 162 610 107 616 107 618 107 618 107 619 107 610 107 319 305 620 305 321 305 321 305 620 305 621 305 319 306 622 306 620 306 321 307 621 307 323 307 318 162 621 162 620 162 305 306 622 306 319 306 316 162 620 162 622 162 323 307 621 307 623 307 318 162 620 162 316 162 195 162 621 162 193 162 193 162 621 162 318 162 193 162 318 162 191 162 305 308 624 308 622 308 316 162 622 162 266 162 323 309 623 309 325 309 197 162 623 162 195 162 195 162 623 162 621 162 329 308 624 308 305 308 266 162 622 162 624 162 325 309 623 309 625 309 329 310 393 310 624 310 266 162 624 162 393 162 325 311 625 311 326 311 201 162 625 162 199 162 199 162 625 162 623 162 328 310 393 310 329 310 326 311 625 311 626 311 205 162 625 162 203 162 203 162 625 162 201 162 328 110 397 110 393 110 326 312 626 312 327 312 626 162 625 162 207 162 207 162 625 162 205 162 327 110 397 110 328 110 327 312 626 312 397 312 211 162 626 162 209 162 209 162 626 162 207 162 397 162 626 162 213 162 213 162 626 162 211 162 217 162 397 162 215 162 215 162 397 162 213 162 220 162 387 162 217 162 217 162 387 162 397 162 222 162 627 162 220 162 220 162 627 162 387 162 180 162 182 162 628 162 185 107 322 107 187 107 187 107 322 107 189 107 199 162 623 162 197 162 629 107 630 107 631 107 631 107 630 107 632 107 632 107 630 107 633 107 632 107 633 107 634 107 635 107 636 107 637 107 634 107 633 107 638 107 638 107 633 107 639 107 640 107 641 107 635 107 635 107 641 107 636 107 642 107 641 107 643 107 643 107 641 107 640 107 225 107 644 107 227 107 227 107 644 107 229 107 645 107 646 107 647 107 647 107 646 107 648 107 613 313 611 313 616 313 616 313 611 313 614 313 613 314 649 314 611 314 616 307 614 307 618 307 324 314 649 314 613 314 649 162 318 162 611 162 618 307 614 307 617 307 324 308 650 308 649 308 318 162 649 162 191 162 191 162 649 162 190 162 618 315 617 315 651 315 322 308 650 308 324 308 649 162 650 162 190 162 190 162 650 162 188 162 651 107 619 107 618 107 651 315 617 315 615 315 322 316 628 316 650 316 188 162 650 162 186 162 186 162 650 162 184 162 651 107 633 107 619 107 651 311 615 311 639 311 652 316 628 316 322 316 650 162 628 162 184 162 184 162 628 162 182 162 639 107 633 107 651 107 639 311 615 311 653 311 183 107 652 107 185 107 185 107 652 107 322 107 652 110 654 110 628 110 639 317 653 317 655 317 612 162 653 162 615 162 181 107 652 107 183 107 655 110 654 110 652 110 654 162 656 162 628 162 628 162 656 162 178 162 628 162 178 162 180 162 639 107 655 107 638 107 638 107 655 107 657 107 655 317 653 317 654 317 652 107 181 107 655 107 655 107 181 107 179 107 655 107 179 107 658 107 656 162 654 162 659 162 658 107 657 107 655 107 659 162 654 162 660 162 660 162 654 162 653 162 653 162 661 162 660 162 660 162 661 162 662 162 662 162 661 162 663 162 663 162 661 162 664 162 664 162 661 162 665 162 665 162 661 162 666 162 665 162 666 162 667 162 667 162 666 162 668 162 669 99 670 99 671 99 671 99 670 99 672 99 671 99 672 99 673 99 673 99 672 99 569 99 569 99 672 99 674 99 569 99 674 99 565 99 565 99 674 99 675 99 565 99 675 99 342 99 342 99 675 99 676 99 342 99 676 99 335 99 335 99 676 99 677 99 335 99 677 99 386 99 253 99 335 99 386 99 386 99 677 99 678 99 678 99 677 99 679 99 678 99 679 99 680 99 681 318 679 318 677 318 680 99 679 99 682 99 681 319 677 319 683 319 684 320 679 320 681 320 680 99 682 99 685 99 679 321 684 321 682 321 683 83 686 83 681 83 681 83 687 83 684 83 685 322 688 322 680 322 685 99 682 99 689 99 682 323 684 323 690 323 681 83 686 83 691 83 681 83 691 83 687 83 684 83 687 83 692 83 682 324 690 324 689 324 684 83 692 83 690 83 689 325 690 325 693 325 694 305 695 305 696 305 696 305 695 305 697 305 694 326 698 326 695 326 696 307 697 307 699 307 700 162 697 162 695 162 556 326 698 326 694 326 343 162 695 162 698 162 699 307 697 307 701 307 700 162 695 162 343 162 694 107 555 107 556 107 556 308 702 308 698 308 343 162 698 162 339 162 699 309 701 309 703 309 141 162 701 162 139 162 139 162 701 162 697 162 557 308 702 308 556 308 339 162 698 162 702 162 703 309 701 309 704 309 141 162 143 162 701 162 557 310 705 310 702 310 339 162 702 162 705 162 703 311 704 311 706 311 145 162 704 162 143 162 143 162 704 162 701 162 558 310 705 310 557 310 706 311 704 311 707 311 149 162 704 162 147 162 147 162 704 162 145 162 558 110 708 110 705 110 706 312 707 312 560 312 707 162 704 162 151 162 151 162 704 162 149 162 560 110 708 110 558 110 705 162 708 162 177 162 177 162 708 162 161 162 560 312 707 312 708 312 155 162 707 162 153 162 153 162 707 162 151 162 161 162 708 162 159 162 159 162 708 162 157 162 709 162 705 162 176 162 176 162 705 162 177 162 708 162 707 162 157 162 157 162 707 162 155 162 330 99 710 99 409 99 409 99 710 99 711 99 346 99 710 99 330 99 409 162 712 162 330 162 409 99 711 99 412 99 713 327 711 327 710 327 714 328 710 328 346 328 420 162 712 162 409 162 330 162 712 162 562 162 416 329 412 329 711 329 713 330 710 330 714 330 715 331 711 331 713 331 714 332 346 332 716 332 409 181 405 181 420 181 420 162 417 162 712 162 416 333 711 333 715 333 712 334 713 334 714 334 715 335 713 335 417 335 712 83 714 83 716 83 716 336 346 336 345 336 417 337 713 337 712 337 417 338 416 338 715 338 716 339 345 339 717 339 717 340 345 340 718 340 718 341 347 341 436 341 436 342 347 342 432 342 718 343 345 343 347 343 436 344 432 344 719 344 433 171 436 171 719 171 719 345 432 345 431 345 433 346 719 346 435 346 719 347 431 347 720 347 435 348 719 348 720 348 720 349 431 349 415 349 435 350 720 350 413 350 413 350 720 350 415 350 527 99 288 99 721 99 721 99 288 99 351 99 721 351 722 351 527 351 721 99 351 99 723 99 721 352 724 352 722 352 527 353 722 353 725 353 723 354 724 354 721 354 723 99 351 99 353 99 448 99 722 99 724 99 527 355 725 355 525 355 726 99 725 99 722 99 723 99 353 99 374 99 448 99 724 99 445 99 726 99 722 99 448 99 525 356 725 356 727 356 727 99 725 99 726 99 373 99 723 99 374 99 353 357 357 357 374 357 449 358 726 358 448 358 525 359 727 359 370 359 374 360 357 360 728 360 374 361 728 361 729 361 729 362 375 362 374 362 446 83 450 83 730 83 730 83 450 83 731 83 730 363 376 363 446 363 730 83 731 83 732 83 450 364 451 364 731 364 730 365 380 365 376 365 446 366 376 366 375 366 732 367 380 367 730 367 732 83 731 83 733 83 446 368 375 368 729 368 732 369 385 369 380 369 732 83 733 83 734 83 446 99 729 99 735 99 736 370 385 370 732 370 732 83 734 83 736 83 441 371 446 371 735 371 735 99 729 99 728 99 736 372 362 372 385 372 736 83 734 83 365 83 441 373 735 373 439 373 735 99 728 99 360 99 361 374 362 374 736 374 736 83 365 83 361 83 439 375 735 375 360 375 360 99 728 99 357 99 439 376 360 376 364 376 737 83 738 83 447 83 447 83 738 83 739 83 447 83 739 83 740 83 739 377 738 377 741 377 447 83 740 83 451 83 741 378 738 378 742 378 451 83 740 83 743 83 741 379 742 379 744 379 451 83 743 83 745 83 744 380 742 380 746 380 731 381 451 381 745 381 745 83 743 83 434 83 744 382 746 382 688 382 731 383 745 383 733 383 745 83 434 83 437 83 743 83 747 83 434 83 688 384 746 384 748 384 733 385 745 385 456 385 437 83 456 83 745 83 434 83 747 83 436 83 733 386 456 386 734 386 436 83 747 83 749 83 734 387 456 387 455 387 436 83 749 83 748 83 734 388 455 388 365 388 365 389 455 389 363 389 727 83 750 83 751 83 751 83 750 83 752 83 370 390 727 390 751 390 751 83 752 83 753 83 754 391 752 391 750 391 370 392 751 392 367 392 367 393 751 393 753 393 753 83 752 83 454 83 367 394 753 394 369 394 753 83 454 83 755 83 756 395 454 395 752 395 369 396 753 396 755 396 755 83 454 83 453 83 369 397 755 397 372 397 755 83 453 83 757 83 372 398 755 398 757 398 442 399 757 399 453 399 372 400 757 400 373 400 440 401 757 401 442 401 373 402 757 402 758 402 440 403 445 403 757 403 373 404 758 404 723 404 445 99 758 99 757 99 723 405 758 405 724 405 445 99 724 99 758 99 759 92 507 92 760 92 760 92 507 92 366 92 761 107 507 107 759 107 762 99 759 99 760 99 760 92 366 92 763 92 761 99 759 99 762 99 763 92 366 92 371 92 764 99 763 99 371 99 764 110 368 110 765 110 765 110 368 110 766 110 371 162 368 162 764 162 765 99 763 99 764 99 765 110 766 110 762 110 762 110 766 110 761 110 766 107 507 107 761 107 368 99 767 99 766 99 766 99 767 99 768 99 368 99 377 99 767 99 766 99 768 99 685 99 767 406 769 406 768 406 377 407 382 407 767 407 685 99 689 99 766 99 768 408 770 408 685 408 767 409 382 409 769 409 768 410 769 410 770 410 766 99 689 99 670 99 685 411 770 411 688 411 741 99 769 99 382 99 744 99 770 99 769 99 766 99 670 99 669 99 689 412 693 412 670 412 688 99 770 99 744 99 741 99 382 99 384 99 744 99 769 99 741 99 669 99 771 99 766 99 670 413 693 413 772 413 766 99 771 99 773 99 670 414 772 414 672 414 672 415 772 415 774 415 672 416 774 416 674 416 674 417 774 417 775 417 674 418 775 418 675 418 675 419 775 419 776 419 675 420 776 420 676 420 676 421 776 421 777 421 676 422 777 422 683 422 683 423 677 423 676 423 777 83 778 83 683 83 683 83 778 83 686 83 688 83 779 83 780 83 780 83 779 83 781 83 688 424 748 424 779 424 680 425 688 425 780 425 780 83 781 83 782 83 779 426 749 426 781 426 779 427 748 427 749 427 680 428 780 428 678 428 678 429 780 429 782 429 782 83 781 83 783 83 781 430 749 430 783 430 678 431 782 431 386 431 782 83 783 83 784 83 783 432 749 432 747 432 386 433 782 433 784 433 784 83 783 83 785 83 783 434 747 434 785 434 386 435 784 435 383 435 784 83 785 83 381 83 785 436 747 436 743 436 383 437 784 437 381 437 785 438 743 438 381 438 381 439 743 439 740 439 381 440 740 440 384 440 384 441 740 441 739 441 384 442 739 442 741 442 389 443 388 443 786 443 786 443 388 443 399 443 786 107 787 107 389 107 786 444 399 444 788 444 788 444 399 444 789 444 788 445 789 445 790 445 400 162 789 162 399 162 788 107 790 107 791 107 791 107 790 107 792 107 790 445 789 445 793 445 792 107 790 107 794 107 794 107 790 107 795 107 790 446 793 446 796 446 793 162 789 162 797 162 797 162 789 162 798 162 795 107 790 107 799 107 799 107 790 107 796 107 796 446 793 446 800 446 801 162 793 162 802 162 802 162 793 162 797 162 799 107 796 107 803 107 803 107 796 107 804 107 796 447 800 447 805 447 800 162 793 162 806 162 806 162 793 162 801 162 805 447 800 447 807 447 808 162 809 162 806 162 806 162 809 162 800 162 805 99 807 99 810 99 811 162 807 162 800 162 810 99 807 99 812 99 810 448 812 448 813 448 814 162 812 162 807 162 815 107 810 107 813 107 813 448 812 448 668 448 816 162 812 162 814 162 817 107 815 107 818 107 818 107 815 107 813 107 818 107 813 107 819 107 813 449 668 449 630 449 816 162 668 162 812 162 637 107 636 107 817 107 817 107 636 107 815 107 819 107 813 107 629 107 629 107 813 107 630 107 630 449 668 449 666 449 630 450 666 450 633 450 633 450 666 450 661 450 633 451 661 451 619 451 619 451 661 451 612 451 619 304 612 304 610 304 661 162 653 162 612 162 644 313 820 313 821 313 821 313 820 313 822 313 644 452 627 452 820 452 644 107 821 107 229 107 229 107 821 107 231 107 821 307 822 307 646 307 230 162 822 162 228 162 228 162 822 162 820 162 398 452 627 452 644 452 224 162 820 162 222 162 222 162 820 162 627 162 231 107 821 107 233 107 233 107 821 107 823 107 823 107 821 107 645 107 645 107 821 107 646 107 646 307 822 307 824 307 228 162 820 162 226 162 226 162 820 162 224 162 825 162 822 162 232 162 232 162 822 162 230 162 398 107 644 107 223 107 223 107 644 107 225 107 398 308 826 308 627 308 646 309 824 309 827 309 824 162 822 162 828 162 828 162 822 162 825 162 395 308 826 308 398 308 387 162 627 162 826 162 827 107 788 107 646 107 827 309 824 309 400 309 829 162 824 162 830 162 830 162 824 162 828 162 395 310 390 310 826 310 826 162 390 162 387 162 827 107 786 107 788 107 646 107 788 107 648 107 648 107 788 107 791 107 827 311 400 311 787 311 400 162 824 162 831 162 831 162 824 162 829 162 391 310 390 310 395 310 787 107 786 107 827 107 787 311 400 311 396 311 789 162 400 162 798 162 798 162 400 162 831 162 391 110 392 110 390 110 787 453 396 453 394 453 394 110 392 110 391 110 389 107 787 107 394 107 394 453 396 453 392 453 832 454 833 454 834 454 834 454 833 454 835 454 832 110 836 110 833 110 832 107 834 107 424 107 835 92 837 92 834 92 832 110 838 110 836 110 833 110 836 110 839 110 424 107 834 107 405 107 834 92 837 92 840 92 833 110 839 110 841 110 424 107 405 107 421 107 834 92 840 92 842 92 843 110 833 110 841 110 421 107 405 107 418 107 418 107 405 107 403 107 835 455 833 455 844 455 844 455 833 455 845 455 844 456 845 456 846 456 846 456 845 456 847 456 846 457 847 457 848 457 847 110 845 110 849 110 848 92 10 92 846 92 846 92 10 92 49 92 846 92 49 92 51 92 848 457 847 457 850 457 52 110 847 110 54 110 54 110 847 110 849 110 848 458 850 458 851 458 47 110 850 110 48 110 48 110 850 110 847 110 48 110 847 110 50 110 50 110 847 110 52 110 851 458 850 458 852 458 852 110 850 110 9 110 9 110 850 110 47 110 851 459 852 459 853 459 853 459 852 459 854 459 853 83 854 83 855 83 855 92 856 92 853 92 855 83 854 83 857 83 853 92 856 92 858 92 855 460 857 460 859 460 853 92 858 92 860 92 859 460 857 460 861 460 859 461 861 461 862 461 859 92 862 92 23 92 23 92 862 92 21 92 862 461 861 461 863 461 25 92 864 92 23 92 23 92 864 92 859 92 862 462 863 462 865 462 865 462 863 462 866 462 865 463 866 463 867 463 867 92 868 92 865 92 867 463 866 463 869 463 867 464 869 464 870 464 870 464 869 464 871 464 871 465 428 465 870 465 870 465 428 465 872 465 428 162 423 162 872 162 872 162 423 162 420 162 873 92 872 92 420 92 874 466 875 466 876 466 876 466 875 466 877 466 874 467 878 467 875 467 876 468 877 468 879 468 834 92 877 92 875 92 425 467 878 467 874 467 405 92 875 92 878 92 879 468 877 468 880 468 834 92 875 92 405 92 874 110 424 110 425 110 425 469 881 469 878 469 405 92 878 92 420 92 879 470 880 470 882 470 883 92 880 92 884 92 884 92 880 92 877 92 426 469 881 469 425 469 420 92 878 92 881 92 882 470 880 470 885 470 883 92 886 92 880 92 426 471 873 471 881 471 420 92 881 92 873 92 882 472 885 472 887 472 888 92 885 92 886 92 886 92 885 92 880 92 427 471 873 471 426 471 887 472 885 472 889 472 890 92 885 92 891 92 891 92 885 92 888 92 427 107 892 107 873 107 887 473 889 473 429 473 889 92 885 92 893 92 893 92 885 92 890 92 429 107 892 107 427 107 873 92 892 92 894 92 894 92 892 92 895 92 429 473 889 473 892 473 896 92 889 92 897 92 897 92 889 92 893 92 895 92 892 92 898 92 898 92 892 92 899 92 872 92 873 92 900 92 900 92 873 92 894 92 892 92 889 92 899 92 899 92 889 92 896 92 424 110 874 110 832 110 832 110 874 110 876 110 876 110 901 110 832 110 832 110 901 110 902 110 832 110 902 110 903 110 838 110 832 110 904 110 904 110 832 110 903 110 901 110 876 110 905 110 905 110 876 110 879 110 906 110 905 110 879 110 906 110 879 110 907 110 907 110 879 110 882 110 907 110 882 110 908 110 908 110 882 110 909 110 909 110 882 110 910 110 910 110 882 110 887 110 910 110 887 110 911 110 911 110 887 110 912 110 912 110 887 110 913 110 913 110 887 110 429 110 913 110 429 110 914 110 914 110 429 110 915 110 429 110 428 110 915 110 915 110 428 110 916 110 916 110 428 110 917 110 917 110 428 110 918 110 918 110 919 110 917 110 917 110 919 110 920 110 918 110 428 110 921 110 921 110 428 110 922 110 922 110 428 110 871 110 922 110 871 110 923 110 923 110 871 110 924 110 924 110 871 110 869 110 924 110 869 110 925 110 925 110 869 110 866 110 925 110 866 110 14 110 14 110 866 110 16 110 13 110 926 110 14 110 14 110 926 110 925 110 16 110 866 110 18 110 18 110 866 110 863 110 18 110 863 110 20 110 20 110 863 110 22 110 22 110 863 110 24 110 24 110 863 110 861 110 24 110 861 110 26 110 26 110 861 110 927 110 927 110 928 110 26 110 26 110 928 110 28 110 927 110 861 110 929 110 929 110 861 110 857 110 929 110 857 110 930 110 930 110 857 110 931 110 931 110 857 110 854 110 931 110 854 110 932 110 932 110 854 110 852 110 932 110 852 110 933 110 44 110 933 110 11 110 11 110 933 110 852 110 11 110 852 110 9 110 447 83 756 83 934 83 934 83 756 83 754 83 447 83 452 83 756 83 934 83 754 83 935 83 756 474 752 474 754 474 452 475 454 475 756 475 935 83 936 83 934 83 935 83 754 83 937 83 935 83 937 83 938 83 754 476 750 476 937 476 938 83 937 83 939 83 937 477 750 477 727 477 938 83 939 83 940 83 937 478 727 478 939 478 940 83 939 83 449 83 939 479 727 479 726 479 940 83 449 83 941 83 939 480 726 480 449 480 941 83 449 83 278 83 941 83 278 83 942 83 942 83 278 83 603 83 942 83 603 83 943 83 943 83 603 83 604 83 943 83 604 83 605 83 944 481 502 481 945 481 945 482 502 482 504 482 503 483 502 483 944 483 945 269 606 269 944 269 945 484 504 484 946 484 944 485 607 485 503 485 944 269 606 269 607 269 946 486 504 486 506 486 503 485 607 485 608 485 946 487 506 487 580 487 503 488 608 488 585 488 585 488 608 488 498 488 585 489 498 489 584 489 584 489 498 489 500 489 584 490 500 490 572 490 572 491 568 491 584 491 572 490 500 490 462 490 572 492 462 492 574 492 462 493 500 493 464 493 574 492 462 492 459 492 574 494 459 494 575 494 575 494 459 494 458 494 947 454 460 454 948 454 948 454 460 454 457 454 949 92 460 92 947 92 948 455 950 455 947 455 457 110 951 110 948 110 949 92 947 92 952 92 950 92 953 92 947 92 457 110 472 110 951 110 948 110 951 110 954 110 947 92 955 92 952 92 947 92 953 92 955 92 948 110 954 110 956 110 956 110 957 110 948 110 461 466 958 466 463 466 463 466 958 466 959 466 461 467 960 467 958 467 463 468 959 468 471 468 460 92 959 92 958 92 282 467 960 467 461 467 458 92 958 92 960 92 471 468 959 468 961 468 460 92 958 92 458 92 962 92 959 92 963 92 963 92 959 92 460 92 963 92 460 92 964 92 282 469 965 469 960 469 458 92 960 92 575 92 471 470 961 470 475 470 966 92 961 92 962 92 962 92 961 92 959 92 490 469 965 469 282 469 575 92 960 92 965 92 475 470 961 470 967 470 490 471 968 471 965 471 575 92 965 92 968 92 475 472 967 472 479 472 969 92 967 92 970 92 970 92 967 92 961 92 487 471 968 471 490 471 479 472 967 472 971 472 972 92 967 92 973 92 973 92 967 92 969 92 487 107 974 107 968 107 479 473 971 473 483 473 971 92 967 92 975 92 975 92 967 92 972 92 483 107 974 107 487 107 483 473 971 473 974 473 976 92 971 92 977 92 977 92 971 92 975 92 974 92 971 92 978 92 978 92 971 92 976 92 979 92 974 92 980 92 980 92 974 92 978 92 981 92 982 92 979 92 979 92 982 92 974 92 983 92 984 92 981 92 981 92 984 92 982 92 985 92 986 92 987 92 988 110 468 110 989 110 989 110 468 110 469 110 970 92 961 92 966 92 85 110 990 110 83 110 83 110 990 110 81 110 81 110 990 110 991 110 81 110 991 110 79 110 95 110 992 110 93 110 79 110 991 110 77 110 77 110 991 110 993 110 97 110 994 110 95 110 95 110 994 110 992 110 101 110 994 110 99 110 99 110 994 110 97 110 995 110 996 110 997 110 997 110 996 110 998 110 66 110 999 110 68 110 68 110 999 110 70 110 951 495 949 495 954 495 954 495 949 495 952 495 951 496 1000 496 949 496 954 497 952 497 956 497 472 496 1000 496 951 496 1000 92 460 92 949 92 956 497 952 497 955 497 472 498 1001 498 1000 498 460 92 1000 92 964 92 964 92 1000 92 1002 92 956 499 955 499 1003 499 468 498 1001 498 472 498 1000 92 1001 92 1002 92 1002 92 1001 92 1004 92 1003 110 957 110 956 110 1003 499 955 499 953 499 468 500 987 500 1001 500 1004 92 1001 92 1005 92 1005 92 1001 92 1006 92 1003 110 991 110 957 110 1003 501 953 501 993 501 1007 500 987 500 468 500 1001 92 987 92 1006 92 1006 92 987 92 986 92 993 110 991 110 1003 110 993 501 953 501 1008 501 1009 110 1007 110 988 110 988 110 1007 110 468 110 1007 107 1010 107 987 107 993 502 1008 502 1011 502 950 92 1008 92 953 92 1012 110 1007 110 1009 110 1011 107 1010 107 1007 107 1010 92 74 92 987 92 987 92 74 92 72 92 987 92 72 92 985 92 993 110 1011 110 77 110 77 110 1011 110 75 110 1011 502 1008 502 1010 502 73 110 1011 110 71 110 71 110 1011 110 1007 110 71 110 1007 110 1012 110 74 92 1010 92 76 92 73 110 75 110 1011 110 76 92 1010 92 78 92 78 92 1010 92 1008 92 1008 92 1013 92 78 92 78 92 1013 92 80 92 80 92 1013 92 82 92 82 92 1013 92 84 92 84 92 1013 92 86 92 86 92 1013 92 1014 92 86 92 1014 92 88 92 88 92 1014 92 1015 92 982 465 1016 465 488 465 488 465 1016 465 1017 465 982 92 1018 92 1016 92 488 162 575 162 982 162 1017 110 1019 110 488 110 1016 92 1018 92 1020 92 575 92 968 92 982 92 1017 110 1021 110 1019 110 488 110 1019 110 1022 110 1016 92 1020 92 1023 92 982 92 968 92 974 92 488 110 1022 110 1024 110 1016 92 1023 92 1025 92 488 110 1024 110 489 110 489 110 1024 110 1026 110 1025 92 1023 92 1027 92 519 83 1028 83 1029 83 1029 83 1028 83 1030 83 518 503 519 503 1029 503 1029 83 1030 83 1031 83 518 504 1029 504 522 504 522 505 1029 505 1031 505 1031 83 1030 83 1032 83 522 506 1031 506 590 506 1031 83 1032 83 1033 83 590 507 1031 507 1033 507 1033 83 1032 83 1034 83 590 508 1033 508 587 508 1033 83 1034 83 1035 83 587 509 1033 509 1035 509 1036 510 1035 510 1034 510 587 322 1035 322 589 322 1036 511 1034 511 1037 511 589 512 1035 512 1038 512 589 513 1038 513 510 513 1039 99 1038 99 1035 99 510 514 1038 514 1040 514 1039 99 1040 99 1038 99 510 515 1040 515 508 515 520 99 1040 99 1039 99 508 516 1040 516 512 516 520 99 512 99 1040 99 537 83 1041 83 1042 83 1042 83 1041 83 1043 83 523 517 537 517 1042 517 1042 83 1043 83 1044 83 523 518 1042 518 521 518 521 519 1042 519 1044 519 1044 83 1043 83 1045 83 521 520 1044 520 516 520 1044 83 1045 83 1046 83 516 521 1044 521 1047 521 1044 83 1046 83 1047 83 1048 522 1046 522 1045 522 516 365 1047 365 511 365 1047 83 1046 83 1049 83 511 523 1047 523 1050 523 1047 83 1049 83 1050 83 511 524 1050 524 513 524 936 525 1050 525 1049 525 513 526 1050 526 532 526 935 527 1050 527 936 527 534 99 532 99 1050 99 935 528 534 528 1050 528 1051 83 606 83 1052 83 1052 83 606 83 945 83 1052 529 1030 529 1051 529 1052 83 945 83 1037 83 1052 530 1032 530 1030 530 1051 531 1030 531 1028 531 1037 532 1032 532 1052 532 1037 83 945 83 1053 83 1051 533 1028 533 1054 533 1037 534 1034 534 1032 534 1037 83 1053 83 1055 83 1054 535 1028 535 519 535 1036 83 1037 83 1055 83 1053 536 1056 536 1055 536 1054 537 519 537 1057 537 1055 538 1056 538 1058 538 1057 539 519 539 517 539 1055 540 1058 540 1059 540 1057 541 517 541 1060 541 1059 542 1061 542 1055 542 1060 543 517 543 520 543 1060 544 520 544 1062 544 1062 545 520 545 1039 545 1062 546 1039 546 1063 546 1063 547 1039 547 1035 547 1063 548 1035 548 1036 548 1054 83 1048 83 1051 83 1051 83 1048 83 1064 83 1048 83 1054 83 934 83 1051 83 1064 83 606 83 1045 549 1064 549 1048 549 934 83 936 83 1048 83 934 83 1054 83 1057 83 606 83 1064 83 605 83 1043 550 1064 550 1045 550 936 551 1049 551 1048 551 605 83 1064 83 943 83 1064 552 1043 552 943 552 1048 553 1049 553 1046 553 943 554 1043 554 1041 554 943 555 1041 555 942 555 942 556 1041 556 537 556 942 557 537 557 941 557 941 558 537 558 535 558 941 559 535 559 940 559 940 560 535 560 533 560 940 561 533 561 938 561 938 562 533 562 534 562 938 563 534 563 935 563 1065 303 1066 303 700 303 700 303 1066 303 1067 303 1065 107 1068 107 1066 107 1065 110 700 110 555 110 1067 162 1069 162 700 162 1065 107 1070 107 1068 107 1066 107 1068 107 1071 107 555 110 700 110 343 110 700 162 1069 162 1072 162 1066 107 1071 107 1073 107 555 110 343 110 552 110 700 162 1072 162 1074 162 1075 107 1066 107 1073 107 552 110 343 110 550 110 550 110 343 110 540 110 1076 83 1077 83 566 83 566 83 1077 83 1078 83 1077 83 1076 83 546 83 1079 564 1076 564 566 564 566 83 1078 83 563 83 549 244 1077 244 546 244 546 83 1076 83 545 83 1079 131 566 131 570 131 1080 565 1076 565 1079 565 549 566 546 566 548 566 547 567 545 567 1076 567 570 136 673 136 1079 136 547 568 1076 568 1080 568 569 235 563 235 673 235 673 236 563 236 1078 236 569 569 561 569 563 569 673 237 1078 237 1081 237 1079 136 673 136 1081 136 1081 238 1078 238 1077 238 1079 570 1081 570 1080 570 1081 240 1077 240 1082 240 1080 570 1081 570 1082 570 1082 242 1077 242 549 242 1080 571 1082 571 547 571 547 571 1082 571 549 571 1067 304 1066 304 1083 304 1083 304 1066 304 1084 304 1083 451 1084 451 1085 451 1085 451 1084 451 1086 451 1085 450 1086 450 1087 450 1086 107 1084 107 1088 107 1087 162 1089 162 1085 162 1085 162 1089 162 1090 162 1085 162 1090 162 1091 162 1087 450 1086 450 1092 450 1093 107 1086 107 1094 107 1094 107 1086 107 1088 107 1087 449 1092 449 1095 449 1096 107 1092 107 1097 107 1097 107 1092 107 1086 107 1097 107 1086 107 1098 107 1098 107 1086 107 1093 107 1095 449 1092 449 1099 449 1099 107 1092 107 1100 107 1100 107 1092 107 1096 107 1095 448 1099 448 1101 448 1101 448 1099 448 1102 448 1101 99 1102 99 1103 99 1103 162 1104 162 1101 162 1103 99 1102 99 1105 99 1101 162 1104 162 1106 162 1103 447 1105 447 1107 447 1101 162 1106 162 1108 162 1107 447 1105 447 1109 447 1107 446 1109 446 1110 446 1107 162 1110 162 1111 162 1111 162 1110 162 1112 162 1110 446 1109 446 1113 446 1114 162 1115 162 1111 162 1111 162 1115 162 1107 162 1110 445 1113 445 1116 445 1116 445 1113 445 1117 445 1116 444 1117 444 1118 444 1118 162 1119 162 1116 162 1118 444 1117 444 1120 444 1118 443 1120 443 1121 443 1121 443 1120 443 1122 443 1122 167 559 167 1121 167 1121 167 559 167 709 167 559 92 554 92 709 92 709 92 554 92 339 92 705 162 709 162 339 162 555 107 694 107 1065 107 1065 107 694 107 696 107 696 107 140 107 1065 107 1065 107 140 107 138 107 1065 107 138 107 136 107 1070 107 1065 107 134 107 134 107 1065 107 136 107 140 107 696 107 142 107 142 107 696 107 699 107 144 107 142 107 699 107 144 107 699 107 146 107 146 107 699 107 703 107 146 107 703 107 148 107 148 107 703 107 150 107 150 107 703 107 152 107 152 107 703 107 706 107 152 107 706 107 154 107 154 107 706 107 156 107 156 107 706 107 158 107 158 107 706 107 560 107 158 107 560 107 160 107 160 107 560 107 162 107 560 107 559 107 162 107 162 107 559 107 175 107 175 107 559 107 173 107 173 107 559 107 1123 107 1123 107 1124 107 173 107 173 107 1124 107 171 107 1123 107 559 107 1125 107 1125 107 559 107 1126 107 1126 107 559 107 1122 107 1126 107 1122 107 1127 107 1127 107 1122 107 1128 107 1128 107 1122 107 1120 107 1128 107 1120 107 1129 107 1129 107 1120 107 1117 107 1129 107 1117 107 1130 107 1130 107 1117 107 1131 107 1132 107 1133 107 1130 107 1130 107 1133 107 1129 107 1131 107 1117 107 1134 107 1134 107 1117 107 1113 107 1134 107 1113 107 1135 107 1135 107 1113 107 1136 107 1136 107 1113 107 1137 107 1137 107 1113 107 1109 107 1137 107 1109 107 1138 107 1138 107 1109 107 1139 107 1139 107 1140 107 1138 107 1138 107 1140 107 1141 107 1139 107 1109 107 1142 107 1142 107 1109 107 1105 107 1142 107 1105 107 1143 107 1143 107 1105 107 1144 107 1144 107 1105 107 1102 107 1144 107 1102 107 1145 107 1145 107 1102 107 1099 107 1145 107 1099 107 1146 107 1147 107 1146 107 1148 107 1148 107 1146 107 1099 107 1148 107 1099 107 1100 107 766 99 773 99 507 99 507 99 773 99 1149 99 507 99 1149 99 1150 99 1149 572 773 572 1151 572 507 99 1150 99 595 99 1152 573 1150 573 1149 573 1151 574 773 574 771 574 595 99 1150 99 1153 99 595 99 1153 99 1154 99 598 575 595 575 1154 575 1154 99 1153 99 570 99 598 576 1154 576 1155 576 1154 99 570 99 567 99 1153 99 1156 99 570 99 599 99 598 99 1155 99 1155 577 1154 577 573 577 567 99 573 99 1154 99 570 99 1156 99 673 99 599 99 1155 99 1157 99 1155 578 573 578 1157 578 673 99 1156 99 1158 99 599 99 1157 99 1159 99 1157 418 573 418 600 418 673 99 1158 99 671 99 1159 99 1157 99 1160 99 1157 579 600 579 1160 579 934 83 1060 83 1161 83 1161 83 1060 83 1062 83 934 83 1057 83 1060 83 934 92 1161 92 1162 92 1161 83 1062 83 1063 83 1063 83 1036 83 1161 83 1161 83 1036 83 1055 83 1161 83 1055 83 1061 83 1061 83 1163 83 1161 83 1161 83 1163 83 1164 83 1164 83 1163 83 1165 83 1165 580 1166 580 1164 580 1165 83 1163 83 1167 83 1165 581 1168 581 1166 581 1164 582 1166 582 1169 582 1165 83 1167 83 1170 83 1170 583 1168 583 1165 583 1170 83 1167 83 1171 83 1170 584 1172 584 1168 584 1170 83 1171 83 1173 83 1173 585 1172 585 1170 585 1173 83 1171 83 1174 83 1173 83 1174 83 562 83 562 83 1174 83 1175 83 562 83 1175 83 578 83 578 83 579 83 562 83 1053 83 946 83 1176 83 1176 83 946 83 580 83 945 83 946 83 1053 83 1176 586 1177 586 1053 586 1176 83 580 83 578 83 1176 587 1178 587 1177 587 1053 588 1177 588 1056 588 578 83 1175 83 1176 83 1175 589 1178 589 1176 589 1178 590 1175 590 1179 590 1179 591 1175 591 1174 591 1179 592 1174 592 1159 592 1159 593 1174 593 1171 593 1159 594 1171 594 599 594 599 595 1171 595 1167 595 599 596 1167 596 596 596 596 563 1167 563 1163 563 596 597 1163 597 593 597 593 598 1163 598 1061 598 593 83 1059 83 1180 83 1180 83 1059 83 1058 83 593 599 1061 599 1059 599 588 600 593 600 1180 600 1180 83 1058 83 1181 83 588 601 1180 601 586 601 586 602 1180 602 1181 602 1181 83 1058 83 1056 83 586 603 1181 603 592 603 1181 83 1056 83 1177 83 592 604 1181 604 1182 604 1181 83 1177 83 1182 83 592 605 1182 605 597 605 1182 83 1177 83 1178 83 597 606 1182 606 1179 606 1182 83 1178 83 1179 83 597 607 1179 607 1160 607 1160 608 600 608 597 608 1159 99 1160 99 1179 99 636 313 1183 313 815 313 815 313 1183 313 1184 313 636 452 1185 452 1183 452 815 609 1184 609 1186 609 1184 162 1183 162 1187 162 1187 162 1183 162 1188 162 641 452 1185 452 636 452 1183 162 1185 162 1189 162 1189 162 1185 162 1190 162 1186 107 810 107 815 107 1186 609 1184 609 816 609 1189 162 1188 162 1183 162 1184 162 1187 162 668 162 668 162 1187 162 1191 162 668 162 1191 162 667 162 641 610 1192 610 1185 610 1190 162 1185 162 1193 162 1193 162 1185 162 1194 162 1195 107 810 107 1186 107 1186 611 816 611 1195 611 1184 162 668 162 816 162 1196 610 1192 610 641 610 1194 162 1185 162 1197 162 1197 162 1185 162 1192 162 1195 107 805 107 810 107 1195 611 816 611 814 611 1198 107 1196 107 642 107 642 107 1196 107 641 107 1196 310 809 310 1192 310 1197 162 1192 162 1199 162 1199 162 1192 162 1200 162 1201 107 805 107 1195 107 1195 311 814 311 1201 311 1202 107 1196 107 1203 107 1203 107 1196 107 1198 107 804 310 809 310 1196 310 1200 162 1192 162 808 162 808 162 1192 162 809 162 1204 107 805 107 1201 107 1201 311 814 311 1205 311 804 107 1196 107 803 107 803 107 1196 107 1202 107 804 110 811 110 809 110 1201 453 1205 453 1204 453 1204 107 796 107 805 107 814 162 807 162 1205 162 1204 110 811 110 804 110 800 162 809 162 811 162 1204 453 1205 453 811 453 804 107 796 107 1204 107 1205 162 807 162 811 162 1206 83 1207 83 1208 83 1208 83 1207 83 1209 83 1208 612 669 612 1206 612 1208 83 1209 83 1151 83 1208 613 771 613 669 613 1206 614 669 614 671 614 1151 615 771 615 1208 615 1151 83 1209 83 1169 83 1206 616 671 616 1210 616 1151 83 1169 83 1152 83 1206 99 1210 99 1211 99 1210 617 671 617 1158 617 1152 618 1149 618 1151 618 1152 83 1169 83 1166 83 1211 99 1210 99 1212 99 1210 619 1158 619 1212 619 1152 83 1166 83 1168 83 1211 99 1212 99 1213 99 1212 620 1158 620 1214 620 1168 621 1150 621 1152 621 1215 622 1211 622 1213 622 1213 99 1212 99 1214 99 1214 620 1158 620 1156 620 1168 623 1153 623 1150 623 1213 99 1214 99 1172 99 1214 624 1156 624 1216 624 1216 625 1153 625 1168 625 1173 626 1213 626 1172 626 1172 99 1214 99 1216 99 1216 627 1156 627 1153 627 1172 99 1216 99 1168 99 1161 83 1217 83 737 83 737 83 1217 83 1218 83 1161 83 1164 83 1217 83 737 83 1218 83 1219 83 1217 628 1209 628 1218 628 1164 629 1169 629 1217 629 1219 83 1220 83 737 83 1218 630 1207 630 1219 630 1217 631 1169 631 1209 631 1218 632 1209 632 1207 632 737 83 1220 83 1221 83 1219 633 1207 633 1206 633 737 83 1221 83 746 83 1220 634 692 634 1221 634 746 83 742 83 737 83 1221 635 692 635 687 635 737 83 742 83 738 83 1221 636 687 636 1222 636 1222 637 687 637 691 637 1222 638 691 638 1223 638 1223 639 691 639 686 639 1223 640 686 640 1224 640 1224 641 686 641 778 641 1224 642 778 642 1225 642 1225 643 778 643 777 643 1225 644 777 644 1226 644 1226 645 1227 645 1225 645 777 99 776 99 1226 99 1226 99 776 99 775 99 1226 99 775 99 1228 99 1228 99 775 99 774 99 1228 99 774 99 772 99 746 83 1221 83 748 83 748 83 1221 83 1222 83 748 83 1222 83 436 83 436 83 1222 83 718 83 718 83 1222 83 1223 83 718 83 1223 83 717 83 717 83 1223 83 1224 83 717 83 1224 83 716 83 716 83 1224 83 1225 83 716 83 1225 83 712 83 712 83 1225 83 1227 83 712 83 1227 83 1173 83 562 83 712 83 1173 83 1173 83 1227 83 1215 83 1215 646 1213 646 1173 646 1215 83 1227 83 1229 83 1215 83 1229 83 1230 83 1228 647 1229 647 1227 647 1230 648 1211 648 1215 648 1230 83 1229 83 1231 83 1228 649 1227 649 1226 649 1232 650 1229 650 1228 650 1230 651 1206 651 1211 651 1230 83 1231 83 1219 83 1229 652 1232 652 1231 652 1228 99 772 99 1232 99 1219 401 1206 401 1230 401 1219 83 1231 83 1220 83 1231 653 1232 653 690 653 1232 99 772 99 693 99 1231 654 690 654 1220 654 1232 99 693 99 690 99 1220 655 690 655 692 655 1068 313 1069 313 1071 313 1071 313 1069 313 1233 313 1068 656 1072 656 1069 656 1071 307 1233 307 1073 307 1067 162 1233 162 1069 162 1070 656 1072 656 1068 656 1073 307 1233 307 1234 307 1067 162 1234 162 1233 162 1070 308 1074 308 1072 308 1073 657 1234 657 1075 657 1083 162 1234 162 1067 162 1235 308 1074 308 1070 308 1075 657 1234 657 1236 657 1083 162 1236 162 1234 162 133 107 1235 107 134 107 134 107 1235 107 1070 107 1235 316 1237 316 1074 316 1075 311 1236 311 1088 311 1085 162 1236 162 1083 162 1238 316 1237 316 1235 316 1074 162 1237 162 128 162 128 162 1237 162 126 162 1088 107 1084 107 1075 107 1088 311 1236 311 1239 311 1085 162 1239 162 1236 162 127 107 1238 107 129 107 129 107 1238 107 1235 107 1238 110 1240 110 1237 110 132 162 1074 162 130 162 130 162 1074 162 128 162 1075 107 1084 107 1066 107 1088 317 1239 317 1241 317 1239 162 1085 162 1242 162 1242 162 1085 162 1091 162 125 107 1238 107 127 107 1241 110 1240 110 1238 110 1240 162 1243 162 1237 162 1237 162 1243 162 122 162 1237 162 122 162 124 162 700 162 1074 162 135 162 135 162 1074 162 132 162 1094 107 1088 107 1244 107 1244 107 1088 107 1241 107 1241 317 1239 317 1240 317 1245 162 1240 162 1242 162 1242 162 1240 162 1239 162 1238 107 125 107 1241 107 1241 107 125 107 123 107 1241 107 123 107 1246 107 1243 162 1240 162 1245 162 139 162 697 162 137 162 137 162 697 162 700 162 137 162 700 162 135 162 1246 107 1244 107 1241 107 124 162 126 162 1237 162 129 107 1235 107 131 107 131 107 1235 107 133 107 1247 107 1248 107 1249 107 1250 107 1251 107 1248 107 1248 107 1251 107 1249 107 1252 107 1251 107 1253 107 1253 107 1251 107 1250 107 1141 107 1140 107 1254 107 1254 107 1140 107 1255 107 171 107 1124 107 169 107 169 107 1124 107 167 107 168 162 1256 162 170 162 170 162 1256 162 172 162 165 107 1257 107 163 107 163 107 1257 107 1258 107 1124 313 1256 313 1257 313 1257 313 1256 313 1259 313 1124 452 1260 452 1256 452 1124 107 1257 107 167 107 167 107 1257 107 165 107 1257 307 1259 307 1133 307 166 162 1259 162 168 162 168 162 1259 162 1256 162 1123 452 1260 452 1124 452 172 162 1256 162 174 162 174 162 1256 162 1260 162 1258 107 1257 107 1261 107 1261 107 1257 107 1133 107 1133 307 1259 307 1262 307 1263 162 1259 162 164 162 164 162 1259 162 166 162 1123 308 1264 308 1260 308 1260 162 709 162 174 162 174 162 709 162 176 162 1261 107 1133 107 1265 107 1265 107 1133 107 1132 107 1133 309 1262 309 1129 309 1262 162 1259 162 1266 162 1266 162 1259 162 1263 162 1125 308 1264 308 1123 308 709 162 1260 162 1264 162 1129 309 1262 309 1119 309 1267 162 1262 162 1268 162 1268 162 1262 162 1266 162 1125 310 1269 310 1264 310 709 162 1264 162 1269 162 1129 311 1119 311 1128 311 1116 162 1119 162 1262 162 1116 162 1262 162 1270 162 1270 162 1262 162 1267 162 1126 310 1269 310 1125 310 709 162 1269 162 1121 162 1128 311 1119 311 1271 311 1110 162 1116 162 1272 162 1272 162 1116 162 1270 162 1126 110 1273 110 1269 110 1121 162 1269 162 1273 162 1128 453 1271 453 1127 453 1118 162 1271 162 1119 162 1112 162 1110 162 1274 162 1274 162 1110 162 1272 162 1127 110 1273 110 1126 110 1121 162 1273 162 1271 162 1127 453 1271 453 1273 453 1121 162 1271 162 1118 162 765 83 762 83 1275 83 1275 83 762 83 1276 83 1275 162 447 162 765 162 1276 110 447 110 1275 110 762 107 737 107 1276 107 765 162 447 162 934 162 737 110 447 110 1276 110 765 162 934 162 763 162 763 162 934 162 1162 162 1162 83 1277 83 763 83 763 83 1277 83 760 83 1162 92 1161 92 1277 92 1277 107 1161 107 760 107 760 107 1161 107 737 107 760 107 737 107 762 107 836 495 837 495 839 495 839 495 837 495 1278 495 836 496 840 496 837 496 839 497 1278 497 841 497 835 92 1278 92 837 92 838 496 840 496 836 496 841 497 1278 497 1279 497 835 92 1279 92 1278 92 838 498 842 498 840 498 841 499 1279 499 843 499 844 92 1279 92 835 92 1280 498 842 498 838 498 843 499 1279 499 1281 499 844 92 1281 92 1279 92 1282 110 1280 110 904 110 904 110 1280 110 838 110 1280 500 1283 500 842 500 843 501 1281 501 849 501 846 92 1281 92 844 92 1284 500 1283 500 1280 500 842 92 1283 92 1285 92 1285 92 1283 92 1286 92 849 110 845 110 843 110 849 501 1281 501 1287 501 846 92 1287 92 1281 92 1288 110 1284 110 1289 110 1289 110 1284 110 1280 110 1284 107 1290 107 1283 107 1291 92 842 92 1292 92 1292 92 842 92 1285 92 843 110 845 110 833 110 849 502 1287 502 1293 502 1287 92 846 92 53 92 53 92 846 92 51 92 1294 110 1284 110 1288 110 1293 107 1290 107 1284 107 1290 92 57 92 1283 92 1283 92 57 92 59 92 1283 92 59 92 1295 92 834 92 842 92 1296 92 1296 92 842 92 1291 92 54 110 849 110 56 110 56 110 849 110 1293 110 1293 502 1287 502 1290 502 55 92 1290 92 53 92 53 92 1290 92 1287 92 58 110 1293 110 60 110 60 110 1293 110 1284 110 60 110 1284 110 1294 110 57 92 1290 92 55 92 884 92 877 92 1297 92 1297 92 877 92 834 92 1297 92 834 92 1296 92 58 110 56 110 1293 110 1298 658 1299 658 933 658 933 658 1299 658 860 658 1298 659 1300 659 1299 659 42 110 1298 110 44 110 44 110 1298 110 933 110 933 660 860 660 932 660 860 92 1299 92 43 92 43 92 1299 92 41 92 1301 659 1300 659 1298 659 1299 92 1300 92 39 92 39 92 1300 92 37 92 932 660 860 660 858 660 39 92 41 92 1299 92 860 92 43 92 851 92 851 92 43 92 45 92 851 92 45 92 46 92 1301 661 1302 661 1300 661 37 92 1300 92 35 92 35 92 1300 92 33 92 932 662 858 662 931 662 860 92 851 92 853 92 12 92 848 92 46 92 46 92 848 92 851 92 928 661 1302 661 1301 661 33 92 1300 92 31 92 31 92 1300 92 1302 92 931 662 858 662 856 662 12 92 10 92 848 92 928 110 1301 110 32 110 32 110 1301 110 34 110 928 663 864 663 1302 663 31 92 1302 92 29 92 29 92 1302 92 27 92 931 664 856 664 930 664 927 663 864 663 928 663 27 92 1302 92 25 92 25 92 1302 92 864 92 930 664 856 664 1303 664 927 107 1304 107 864 107 930 665 1303 665 929 665 855 92 1303 92 856 92 929 107 1304 107 927 107 859 92 864 92 1304 92 929 665 1303 665 1304 665 855 92 1304 92 1303 92 859 92 1304 92 855 92 1295 92 1286 92 1283 92 1289 110 1280 110 1305 110 1305 110 1280 110 1282 110 42 110 40 110 1298 110 38 110 1301 110 40 110 40 110 1301 110 1298 110 34 110 1301 110 36 110 36 110 1301 110 38 110 28 110 928 110 30 110 30 110 928 110 32 110 920 110 919 110 1306 110 1306 110 919 110 1307 110 1308 92 1309 92 1310 92 1310 92 1309 92 1311 92 1312 110 1313 110 1 110 1 110 1313 110 3 110 919 666 1309 666 1313 666 1313 666 1309 666 1314 666 919 667 1315 667 1309 667 919 110 1313 110 1307 110 1307 110 1313 110 1312 110 1313 668 1314 668 926 668 1316 92 1314 92 1308 92 1308 92 1314 92 1309 92 918 667 1315 667 919 667 1311 92 1309 92 1317 92 1317 92 1309 92 1315 92 3 110 1313 110 5 110 5 110 1313 110 926 110 926 668 1314 668 1318 668 2 92 1314 92 0 92 0 92 1314 92 1316 92 918 669 1319 669 1315 669 1315 92 872 92 1317 92 1317 92 872 92 900 92 5 110 926 110 7 110 7 110 926 110 13 110 926 662 1318 662 925 662 1318 92 1314 92 4 92 4 92 1314 92 2 92 921 669 1319 669 918 669 872 92 1315 92 1319 92 925 662 1318 662 868 662 8 92 1318 92 6 92 6 92 1318 92 4 92 921 663 1320 663 1319 663 872 92 1319 92 1320 92 925 670 868 670 924 670 865 92 868 92 1318 92 865 92 1318 92 15 92 15 92 1318 92 8 92 922 663 1320 663 921 663 872 92 1320 92 870 92 924 670 868 670 1321 670 862 92 865 92 17 92 17 92 865 92 15 92 922 107 1322 107 1320 107 870 92 1320 92 1322 92 924 665 1321 665 923 665 867 92 1321 92 868 92 21 92 862 92 19 92 19 92 862 92 17 92 923 107 1322 107 922 107 870 92 1322 92 1321 92 923 665 1321 665 1322 665 870 92 1321 92 867 92 1017 464 1016 464 1323 464 1323 464 1016 464 1025 464 1323 110 1324 110 1017 110 1323 463 1025 463 1325 463 1325 463 1025 463 1326 463 1325 462 1326 462 1327 462 1027 92 1326 92 1025 92 1325 110 1327 110 119 110 119 110 1327 110 117 110 1327 462 1326 462 1328 462 117 110 1327 110 115 110 115 110 1327 110 113 110 1327 461 1328 461 1329 461 1328 92 1326 92 118 92 118 92 1326 92 120 92 113 110 1327 110 111 110 111 110 1327 110 1329 110 1329 461 1328 461 1330 461 114 92 1328 92 116 92 116 92 1328 92 118 92 111 110 1329 110 109 110 109 110 1329 110 1331 110 1329 460 1330 460 1332 460 1330 92 1328 92 112 92 112 92 1328 92 114 92 1332 460 1330 460 1333 460 110 92 1334 92 112 92 112 92 1334 92 1330 92 1332 83 1333 83 1335 83 1336 92 1333 92 1330 92 1335 83 1333 83 1337 83 1335 459 1337 459 1338 459 1339 92 1337 92 1333 92 1340 110 1335 110 1338 110 1338 459 1337 459 1015 459 1341 92 1337 92 1339 92 91 110 1340 110 89 110 89 110 1340 110 1338 110 89 110 1338 110 87 110 1338 458 1015 458 990 458 1341 92 1015 92 1337 92 93 110 992 110 91 110 91 110 992 110 1340 110 87 110 1338 110 85 110 85 110 1338 110 990 110 990 458 1015 458 1014 458 990 457 1014 457 991 457 991 457 1014 457 1013 457 991 456 1013 456 957 456 957 456 1013 456 950 456 957 455 950 455 948 455 1013 92 1008 92 950 92 996 666 1342 666 1343 666 1343 666 1342 666 1344 666 996 667 984 667 1342 667 996 110 1343 110 998 110 998 110 1343 110 1345 110 1343 668 1344 668 999 668 1346 92 1344 92 1347 92 1347 92 1344 92 1342 92 1024 667 984 667 996 667 1348 92 1342 92 983 92 983 92 1342 92 984 92 1345 110 1343 110 62 110 62 110 1343 110 64 110 64 110 1343 110 66 110 66 110 1343 110 999 110 999 668 1344 668 1349 668 1347 92 1342 92 1350 92 1350 92 1342 92 1348 92 63 92 1344 92 61 92 61 92 1344 92 1346 92 1024 110 996 110 1026 110 1026 110 996 110 995 110 1024 669 1351 669 984 669 999 662 1349 662 1352 662 1349 92 1344 92 65 92 65 92 1344 92 63 92 1022 669 1351 669 1024 669 982 92 984 92 1351 92 1352 110 1325 110 999 110 1352 662 1349 662 1027 662 69 92 1349 92 67 92 67 92 1349 92 65 92 1022 663 1018 663 1351 663 1351 92 1018 92 982 92 1352 110 1323 110 1325 110 999 110 1325 110 70 110 70 110 1325 110 119 110 1352 670 1027 670 1324 670 1027 92 1349 92 121 92 121 92 1349 92 69 92 1019 663 1018 663 1022 663 1324 110 1323 110 1352 110 1324 670 1027 670 1023 670 1326 92 1027 92 120 92 120 92 1027 92 121 92 1019 107 1020 107 1018 107 1324 665 1023 665 1021 665 1021 107 1020 107 1019 107 1017 110 1324 110 1021 110 1021 665 1023 665 1020 665 992 658 1353 658 1340 658 1340 658 1353 658 1354 658 992 659 1355 659 1353 659 1340 660 1354 660 1356 660 1354 92 1353 92 92 92 92 92 1353 92 94 92 994 659 1355 659 992 659 1353 92 1355 92 96 92 96 92 1355 92 98 92 1356 110 1335 110 1340 110 1356 660 1354 660 1341 660 96 92 94 92 1353 92 1354 92 92 92 1015 92 1015 92 92 92 90 92 1015 92 90 92 88 92 994 661 1357 661 1355 661 98 92 1355 92 100 92 100 92 1355 92 102 92 1358 110 1335 110 1356 110 1356 662 1341 662 1358 662 1354 92 1015 92 1341 92 1359 661 1357 661 994 661 102 92 1355 92 104 92 104 92 1355 92 1357 92 1358 110 1332 110 1335 110 1358 662 1341 662 1339 662 103 110 1359 110 101 110 101 110 1359 110 994 110 1359 663 1334 663 1357 663 104 92 1357 92 106 92 106 92 1357 92 108 92 1360 110 1332 110 1358 110 1358 664 1339 664 1360 664 107 110 1359 110 105 110 105 110 1359 110 103 110 1331 663 1334 663 1359 663 108 92 1357 92 110 92 110 92 1357 92 1334 92 1361 110 1332 110 1360 110 1360 664 1339 664 1362 664 1331 110 1359 110 109 110 109 110 1359 110 107 110 1331 107 1336 107 1334 107 1360 665 1362 665 1361 665 1361 110 1329 110 1332 110 1339 92 1333 92 1362 92 1361 107 1336 107 1331 107 1330 92 1334 92 1336 92 1361 665 1362 665 1336 665 1331 110 1329 110 1361 110 1362 92 1333 92 1336 92 1249 313 1363 313 1146 313 1146 313 1363 313 1108 313 1249 452 1364 452 1363 452 1247 107 1249 107 1147 107 1147 107 1249 107 1146 107 1146 609 1108 609 1145 609 1108 162 1363 162 1365 162 1365 162 1363 162 1366 162 1251 452 1364 452 1249 452 1363 162 1364 162 1367 162 1367 162 1364 162 1368 162 1145 609 1108 609 1106 609 1367 162 1366 162 1363 162 1108 162 1365 162 1095 162 1095 162 1365 162 1369 162 1095 162 1369 162 1370 162 1251 671 1371 671 1364 671 1368 162 1364 162 1372 162 1372 162 1364 162 1373 162 1145 672 1106 672 1144 672 1108 162 1095 162 1101 162 1374 162 1087 162 1370 162 1370 162 1087 162 1095 162 1140 671 1371 671 1251 671 1373 162 1364 162 1375 162 1375 162 1364 162 1371 162 1144 672 1106 672 1104 672 1374 162 1089 162 1087 162 1140 107 1251 107 1255 107 1255 107 1251 107 1252 107 1140 310 1115 310 1371 310 1375 162 1371 162 1376 162 1376 162 1371 162 1377 162 1144 311 1104 311 1143 311 1139 310 1115 310 1140 310 1377 162 1371 162 1114 162 1114 162 1371 162 1115 162 1143 311 1104 311 1378 311 1139 110 1379 110 1115 110 1143 453 1378 453 1142 453 1103 162 1378 162 1104 162 1142 110 1379 110 1139 110 1107 162 1115 162 1379 162 1142 453 1378 453 1379 453 1103 162 1379 162 1378 162 1107 162 1379 162 1103 162 232 673 233 673 825 673 825 673 233 673 823 673 825 674 823 674 828 674 828 674 823 674 645 674 828 675 645 675 830 675 830 675 645 675 647 675 830 676 647 676 829 676 829 676 647 676 648 676 179 677 178 677 658 677 658 677 178 677 656 677 658 678 656 678 657 678 657 678 656 678 659 678 657 679 659 679 638 679 638 679 659 679 660 679 638 680 660 680 634 680 634 680 660 680 662 680 634 681 662 681 632 681 632 681 662 681 663 681 632 682 663 682 631 682 631 683 663 683 664 683 631 684 664 684 629 684 629 685 664 685 665 685 629 686 665 686 819 686 819 686 665 686 667 686 819 687 667 687 818 687 818 687 667 687 1191 687 818 688 1191 688 817 688 817 688 1191 688 1187 688 817 689 1187 689 637 689 637 689 1187 689 1188 689 637 690 1188 690 635 690 635 690 1188 690 1189 690 635 691 1189 691 640 691 640 691 1189 691 1190 691 640 692 1190 692 643 692 643 692 1190 692 1193 692 643 693 1193 693 642 693 642 693 1193 693 1194 693 642 694 1194 694 1198 694 1198 694 1194 694 1197 694 1198 695 1197 695 1203 695 1203 695 1197 695 1199 695 1203 696 1199 696 1202 696 1202 696 1199 696 1200 696 1202 697 1200 697 803 697 803 697 1200 697 808 697 803 698 808 698 799 698 799 698 808 698 806 698 799 699 806 699 795 699 795 699 806 699 801 699 795 700 801 700 794 700 794 700 801 700 802 700 794 701 802 701 792 701 792 701 802 701 797 701 792 702 797 702 791 702 791 702 797 702 798 702 791 703 798 703 648 703 648 704 798 704 831 704 648 705 831 705 829 705 164 673 163 673 1263 673 1263 673 163 673 1258 673 1263 674 1258 674 1266 674 1266 674 1258 674 1261 674 1266 675 1261 675 1268 675 1268 675 1261 675 1265 675 1268 706 1265 706 1267 706 1100 707 1089 707 1148 707 1148 708 1089 708 1374 708 1265 706 1132 706 1267 706 1267 705 1132 705 1130 705 1267 709 1130 709 1270 709 1270 710 1130 710 1131 710 1270 702 1131 702 1272 702 1272 702 1131 702 1134 702 1272 701 1134 701 1274 701 1274 701 1134 701 1135 701 1274 711 1135 711 1112 711 1112 711 1135 711 1136 711 1112 712 1136 712 1111 712 1111 712 1136 712 1137 712 1111 698 1137 698 1114 698 1114 698 1137 698 1138 698 1114 713 1138 713 1377 713 1377 713 1138 713 1141 713 1377 696 1141 696 1376 696 1376 696 1141 696 1254 696 1376 695 1254 695 1375 695 1375 695 1254 695 1255 695 1375 694 1255 694 1373 694 1373 694 1255 694 1252 694 1373 714 1252 714 1372 714 1372 714 1252 714 1253 714 1372 692 1253 692 1368 692 1368 692 1253 692 1250 692 1368 715 1250 715 1367 715 1367 715 1250 715 1248 715 1367 690 1248 690 1366 690 1366 690 1248 690 1247 690 1366 689 1247 689 1365 689 1365 689 1247 689 1147 689 1365 688 1147 688 1369 688 1369 688 1147 688 1148 688 1369 687 1148 687 1370 687 1370 716 1148 716 1374 716 1100 717 1096 717 1089 717 1089 718 1096 718 1097 718 1089 719 1097 719 1090 719 1090 720 1097 720 1098 720 1090 681 1098 681 1091 681 1091 681 1098 681 1093 681 1091 721 1093 721 1242 721 1242 721 1093 721 1094 721 1242 679 1094 679 1245 679 1245 679 1094 679 1244 679 1245 722 1244 722 1243 722 1243 722 1244 722 1246 722 1243 677 1246 677 122 677 122 677 1246 677 123 677 72 723 71 723 985 723 985 723 71 723 1012 723 985 724 1012 724 986 724 986 724 1012 724 1009 724 986 725 1009 725 1006 725 1006 725 1009 725 988 725 1006 726 988 726 1005 726 1005 726 988 726 989 726 1005 727 989 727 1004 727 1004 727 989 727 469 727 1004 728 469 728 1002 728 1002 729 469 729 964 729 964 730 469 730 467 730 964 731 467 731 963 731 963 731 467 731 466 731 963 732 466 732 962 732 962 732 466 732 465 732 962 733 465 733 966 733 966 733 465 733 470 733 966 734 470 734 970 734 970 734 470 734 473 734 970 735 473 735 969 735 969 735 473 735 474 735 969 736 474 736 973 736 973 736 474 736 476 736 973 737 476 737 972 737 972 737 476 737 477 737 972 738 477 738 975 738 975 738 477 738 478 738 975 739 478 739 977 739 977 739 478 739 480 739 977 740 480 740 976 740 976 740 480 740 481 740 976 741 481 741 978 741 978 741 481 741 482 741 978 742 482 742 980 742 980 742 482 742 484 742 980 743 484 743 979 743 484 743 485 743 979 743 979 744 485 744 486 744 979 745 486 745 981 745 981 746 486 746 489 746 981 747 489 747 983 747 983 747 489 747 1026 747 983 748 1026 748 1348 748 1348 748 1026 748 995 748 1348 749 995 749 1350 749 1350 749 995 749 997 749 1350 750 997 750 1347 750 1347 750 997 750 998 750 1347 751 998 751 1346 751 1346 751 998 751 1345 751 1346 752 1345 752 61 752 61 752 1345 752 62 752 59 723 60 723 1295 723 1295 723 60 723 1294 723 1295 724 1294 724 1286 724 1286 724 1294 724 1288 724 1286 725 1288 725 1285 725 1285 725 1288 725 1289 725 1285 726 1289 726 1292 726 1292 726 1289 726 1305 726 1292 727 1305 727 1291 727 1305 727 1282 727 1291 727 1291 728 1282 728 904 728 1291 753 904 753 1296 753 1296 754 904 754 903 754 1296 731 903 731 1297 731 1297 731 903 731 902 731 1297 732 902 732 884 732 884 732 902 732 901 732 884 733 901 733 883 733 883 733 901 733 905 733 883 734 905 734 886 734 886 734 905 734 906 734 886 735 906 735 888 735 888 735 906 735 907 735 888 736 907 736 891 736 891 736 907 736 908 736 891 737 908 737 890 737 890 737 908 737 909 737 890 738 909 738 893 738 893 738 909 738 910 738 893 739 910 739 897 739 897 739 910 739 911 739 897 740 911 740 896 740 896 740 911 740 912 740 896 741 912 741 899 741 899 741 912 741 913 741 899 742 913 742 898 742 898 742 913 742 914 742 898 743 914 743 895 743 895 743 914 743 915 743 1 752 0 752 1312 752 1312 752 0 752 1316 752 1312 751 1316 751 1307 751 1307 751 1316 751 1308 751 1307 750 1308 750 1306 750 1306 750 1308 750 1310 750 1306 749 1310 749 920 749 920 749 1310 749 1311 749 920 748 1311 748 917 748 917 748 1311 748 1317 748 917 747 1317 747 916 747 916 747 1317 747 900 747 916 755 900 755 915 755 915 756 900 756 894 756 915 744 894 744 895 744</p>
        </triangles>
      </mesh>
    </geometry>
  </library_geometries>
  <library_images />
  <library_visual_scenes>
    <visual_scene id="Scene">
      <node id="node_1" sid="node_1" type="NODE">
        <matrix>1 0 0 0 0 1 0 0 0 0 1 0 0 0 0 1</matrix>
        <instance_geometry url="#mesh_1" />
      </node>
    </visual_scene>
  </library_visual_scenes>
  <library_animations />
  <scene>
    <instance_visual_scene url="#Scene" />
  </scene>
</COLLADA>