<?xml version="1.0" encoding="utf-8"?>
<COLLADA version="1.5.0" xmlns="http://www.collada.org/2008/03/COLLADASchema">
  <asset>
    <contributor />
    <unit meter="1" />
    <up_axis>Z_UP</up_axis>
  </asset>
  <library_lights />
  <library_materials />
  <library_effects />
  <library_cameras />
  <library_geometries>
    <geometry id="mesh_1">
      <mesh>
        <source id="mesh_1-position" name="position">
          <float_array id="mesh_1-position-array" count="4896">0.04219294339418411 0.012920830398797989 -0.021299999207258224 0.04219294339418411 0.012920830398797989 0.02070000022649765 0.04081794247031212 0.013289260677993298 0.02070000022649765 0.04081794247031212 0.013289260677993298 -0.021299999207258224 0.03981137275695801 0.014295831322669983 0.02070000022649765 0.03981137275695801 0.014295831322669983 -0.021299999207258224 0.039442941546440125 0.015670832246541977 0.02070000022649765 0.039442941546440125 0.015670832246541977 -0.021299999207258224 0.039770327508449554 0.016892660409212112 -0.021299999207258224 0.039770327508449554 0.016892660409212112 0.02070000022649765 0.03981137275695801 0.01704583317041397 -0.021299999207258224 0.03981137275695801 0.01704583317041397 0.02070000022649765 0.04081794247031212 0.01805240288376808 0.02070000022649765 0.04081794247031212 0.01805240288376808 -0.021299999207258224 0.04219294339418411 0.018420834094285965 0.02070000022649765 0.04219294339418411 0.018420834094285965 -0.021299999207258224 0.04219295084476471 -0.018420830368995667 -0.021299999207258224 0.04219295084476471 -0.018420830368995667 0.02070000022649765 0.040817953646183014 -0.018052401021122932 0.02070000022649765 0.040817953646183014 -0.018052401021122932 -0.021299999207258224 0.0398113839328289 -0.01704583130776882 0.02070000022649765 0.0398113839328289 -0.01704583130776882 -0.021299999207258224 0.03977034240961075 -0.016892660409212112 -0.021299999207258224 0.03977034240961075 -0.016892660409212112 0.02070000022649765 0.03944295272231102 -0.015670832246541977 -0.021299999207258224 0.03944295272231102 -0.015670832246541977 0.02070000022649765 0.0398113839328289 -0.014295832253992558 0.02070000022649765 0.0398113839328289 -0.014295832253992558 -0.021299999207258224 0.040817953646183014 -0.013289262540638447 0.02070000022649765 0.040817953646183014 -0.013289262540638447 -0.021299999207258224 0.04219295084476471 -0.012920832261443138 0.02070000022649765 0.04219295084476471 -0.012920832261443138 -0.021299999207258224 0.05994405224919319 -0.0027499941643327475 0.02070000022649765 0.0585690513253212 -0.002381564350798726 0.02070000022649765 0.05994405224919319 -0.0027499941643327475 -0.021299999207258224 0.0585690513253212 -0.002381564350798726 -0.021299999207258224 0.057787489145994186 -0.0015999998431652784 -0.021299999207258224 0.057787489145994186 -0.0015999998431652784 0.02070000022649765 0.057562485337257385 -0.0013749952195212245 -0.021299999207258224 0.057562485337257385 -0.0013749952195212245 0.02070000022649765 0.0571940541267395 3.847971719039833E-09 0.02070000022649765 0.0571940541267395 3.847971719039833E-09 -0.021299999207258224 0.057562485337257385 0.001375002902932465 0.02070000022649765 0.057562485337257385 0.001375002902932465 -0.021299999207258224 0.05778748169541359 0.0015999998431652784 -0.021299999207258224 0.05778748169541359 0.0015999997267499566 0.02070000022649765 0.0585690513253212 0.0023815722670406103 -0.021299999207258224 0.0585690513253212 0.0023815722670406103 0.02070000022649765 0.05994405224919319 0.0027500020805746317 0.02070000022649765 0.05994405224919319 0.0027500020805746317 -0.021299999207258224 -5.551115123125783E-17 0.004249999765306711 0.02070000022649765 -5.551115123125783E-17 0.004249999765306711 0.02369999885559082 -0.0021249998826533556 0.0036806080024689436 0.02070000022649765 -0.0021249998826533556 0.0036806080024689436 0.02369999885559082 -0.002686940599232912 0.003118667285889387 0.02070000022649765 -0.002686940599232912 0.003118667285889387 0.02369999885559082 -0.0036806077696383 0.0021250001154839993 0.02070000022649765 -0.0036806077696383 0.0021250001154839993 0.02369999885559082 -0.003821281250566244 0.0015999997267499566 0.02070000022649765 -0.003821281250566244 0.0015999998431652784 0.02369999885559082 -0.004249999765306711 -6.938893903907228E-18 0.02070000022649765 -0.004249999765306711 -6.938893903907228E-18 0.02369999885559082 -0.003821281250566244 -0.0015999998431652784 0.02070000022649765 -0.003821281250566244 -0.0015999998431652784 0.02369999885559082 -0.0036806077696383 -0.0021249998826533556 0.02070000022649765 -0.0036806077696383 -0.0021249998826533556 0.02369999885559082 -0.003430607495829463 -0.002375000389292836 0.02369999885559082 -0.002686940599232912 -0.0031186670530587435 0.02070000022649765 -0.002686940599232912 -0.0031186670530587435 0.02369999885559082 -0.0021249998826533556 -0.0036806077696383 0.02070000022649765 -0.0021249998826533556 -0.0036806077696383 0.02369999885559082 0 -0.0042500002309679985 0.02070000022649765 -5.551115123125783E-17 -0.0042500002309679985 0.02369999885559082 6.055749790512266E-10 0.009200000204145908 0.02070000022649765 6.055749235400754E-10 0.009200000204145908 0.02369999885559082 -0.0005999993300065398 0.009039230644702911 0.02070000022649765 -0.0005999993300065398 0.009039230644702911 0.02369999885559082 -0.0010392297990620136 0.00860000029206276 0.02070000022649765 -0.0010392297990620136 0.00860000029206276 0.02369999885559082 -0.0011999993585050106 0.00800000037997961 0.02070000022649765 -0.0011999993585050106 0.00800000037997961 0.02369999885559082 -0.0010392297990620136 0.007400000002235174 0.02070000022649765 -0.0010392297990620136 0.007400000002235174 0.02369999885559082 -0.0005999993300065398 0.006960769183933735 0.02070000022649765 -0.0005999993300065398 0.006960769183933735 0.02369999885559082 6.055749790512266E-10 0.006800000090152025 0.02070000022649765 6.055749235400754E-10 0.006800000090152025 0.02369999885559082 8.437034404451538E-11 -0.0068000005558133125 0.02070000022649765 8.437028853336415E-11 -0.0068000005558133125 0.02369999885559082 -0.0005999997956678271 -0.0069607701152563095 0.02070000022649765 -0.0005999997956678271 -0.0069607701152563095 0.02369999885559082 -0.001039230148307979 -0.0074000004678964615 0.02070000022649765 -0.001039230148307979 -0.0074000004678964615 0.02369999885559082 -0.0011999995913356543 -0.007999999448657036 0.02070000022649765 -0.0011999995913356543 -0.007999999448657036 0.02369999885559082 -0.001039230148307979 -0.008599999360740185 0.02070000022649765 -0.001039230148307979 -0.008599999360740185 0.02369999885559082 -0.0005999997956678271 -0.009039229713380337 0.02070000022649765 -0.0005999997956678271 -0.009039229713380337 0.02369999885559082 8.437034404451538E-11 -0.009199999272823334 0.02070000022649765 8.437028853336415E-11 -0.009199999272823334 0.02369999885559082 -0.00800000037997961 0.001199999707750976 0.02070000022649765 -0.00800000037997961 0.001199999707750976 0.02369999885559082 -0.00860000029206276 0.001039230264723301 0.02070000022649765 -0.00860000029206276 0.001039230264723301 0.02369999885559082 -0.009039229713380337 0.0005999999702908099 0.02070000022649765 -0.009039229713380337 0.0005999999702908099 0.02369999885559082 -0.009199999272823334 1.9993369460014065E-10 0.02070000022649765 -0.009199999272823334 1.9993369460014065E-10 0.02369999885559082 -0.009039229713380337 -0.0005999995628371835 0.02070000022649765 -0.009039229713380337 -0.0005999995628371835 0.02369999885559082 -0.00860000029206276 -0.0010392299154773355 0.02070000022649765 -0.00860000029206276 -0.0010392299154773355 0.02369999885559082 -0.00800000037997961 -0.0011999993585050106 0.02070000022649765 -0.00800000037997961 -0.0011999993585050106 0.02369999885559082 0.04219292849302292 -0.014520841650664806 0.02070000022649765 0.04219292849302292 -0.014520841650664806 0.02369999885559082 0.04161792993545532 -0.01467491127550602 0.02070000022649765 0.04161792993545532 -0.01467491127550602 0.02369999885559082 0.04119700565934181 -0.015095837414264679 0.02070000022649765 0.04119700565934181 -0.015095837414264679 0.02369999885559082 0.041042935103178024 -0.015670834109187126 0.02070000022649765 0.041042935103178024 -0.015670834109187126 0.02369999885559082 0.04117788374423981 -0.016174472868442535 0.02369999885559082 0.04119700565934181 -0.016245828941464424 0.02070000022649765 0.04119700565934181 -0.016245828941464424 0.02369999885559082 0.04161792993545532 -0.016666755080223083 0.02070000022649765 0.04161792993545532 -0.016666755080223083 0.02369999885559082 0.04219292849302292 -0.01682082563638687 0.02070000022649765 0.04219292849302292 -0.01682082563638687 0.02369999885559082 0.00800000037997961 0.0011999999405816197 0.02070000022649765 0.00800000037997961 0.0011999999405816197 0.02369999885559082 0.0074000004678964615 0.0010392304975539446 0.02070000022649765 0.0074000004678964615 0.0010392304975539446 0.02369999885559082 0.0069607701152563095 0.0006000001449137926 0.02070000022649765 0.0069607701152563095 0.0006000001449137926 0.02369999885559082 0.0068000005558133125 3.854338237463395E-10 0.02070000022649765 0.0068000005558133125 3.854338237463395E-10 0.02369999885559082 0.0069607701152563095 -0.0005999993882142007 0.02070000022649765 0.0069607701152563095 -0.0005999993882142007 0.02369999885559082 0.0074000004678964615 -0.0010392296826466918 0.02070000022649765 0.0074000004678964615 -0.0010392296826466918 0.02369999885559082 0.00800000037997961 -0.001199999125674367 0.02070000022649765 0.00800000037997961 -0.001199999125674367 0.02369999885559082 0.042192939668893814 0.01682083122432232 0.02070000022649765 0.042192939668893814 0.01682083122432232 0.02369999885559082 0.04161793738603592 0.01666676066815853 0.02070000022649765 0.04161793738603592 0.01666676066815853 0.02369999885559082 0.04119700938463211 0.016245830804109573 0.02070000022649765 0.04119700938463211 0.016245830804109573 0.02369999885559082 0.04104293882846832 0.015670830383896828 0.02070000022649765 0.04104293882846832 0.015670830383896828 0.02369999885559082 0.04119700938463211 0.015095829963684082 0.02070000022649765 0.04119700938463211 0.015095829963684082 0.02369999885559082 0.04161793738603592 0.014674900099635124 0.02070000022649765 0.04161793738603592 0.014674900099635124 0.02369999885559082 0.042192939668893814 0.014520828612148762 0.02070000022649765 0.042192939668893814 0.014520828612148762 0.02369999885559082 0.059944044798612595 0.0011499982792884111 0.02070000022649765 0.059944044798612595 0.0011499982792884111 0.02369999885559082 0.059369046241045 0.0009959274902939796 0.02070000022649765 0.059369046241045 0.0009959274902939796 0.02369999885559082 0.05894811823964119 0.0005749982665292919 0.02070000022649765 0.05894811823964119 0.0005749982665292919 0.02369999885559082 0.0587940476834774 -1.7649200989566793E-09 0.02070000022649765 0.0587940476834774 -1.7649200989566793E-09 0.02369999885559082 0.05894811823964119 -0.0005750018171966076 0.02070000022649765 0.05894811823964119 -0.0005750018171966076 0.02369999885559082 0.059369046241045 -0.0009959309827536345 0.02070000022649765 0.059369046241045 -0.0009959309827536345 0.02369999885559082 0.059944044798612595 -0.001150001771748066 0.02070000022649765 0.059944044798612595 -0.001150001771748066 0.02369999885559082 0.059944044798612595 0.0011499982792884111 -0.022299999371170998 0.059944044798612595 0.0011499982792884111 -0.024299999698996544 0.06051904708147049 0.0009959274902939796 -0.022299999371170998 0.06051904708147049 0.0009959274902939796 -0.024299999698996544 0.0609399750828743 0.0005749982665292919 -0.022299999371170998 0.0609399750828743 0.0005749982665292919 -0.024299999698996544 0.061094045639038086 -1.7649200989566793E-09 -0.022299999371170998 0.061094045639038086 -1.7649200989566793E-09 -0.024299999698996544 0.0609399750828743 -0.0005750018171966076 -0.022299999371170998 0.0609399750828743 -0.0005750018171966076 -0.024299999698996544 0.06051904708147049 -0.0009959309827536345 -0.022299999371170998 0.06051904708147049 -0.0009959309827536345 -0.024299999698996544 0.059944044798612595 -0.001150001771748066 -0.022299999371170998 0.059944044798612595 -0.001150001771748066 -0.024299999698996544 0.042192939668893814 0.01682083122432232 -0.022299999371170998 0.042192939668893814 0.01682083122432232 -0.024299999698996544 0.04276794195175171 0.01666676066815853 -0.022299999371170998 0.04276794195175171 0.01666676066815853 -0.024299999698996544 0.04318886995315552 0.016245830804109573 -0.022299999371170998 0.04318886995315552 0.016245830804109573 -0.024299999698996544 0.043207988142967224 0.016174476593732834 -0.024299999698996544 0.043342940509319305 0.015670830383896828 -0.022299999371170998 0.043342940509319305 0.015670830383896828 -0.024299999698996544 0.04318886995315552 0.015095829963684082 -0.022299999371170998 0.04318886995315552 0.015095829963684082 -0.024299999698996544 0.04276794195175171 0.014674900099635124 -0.022299999371170998 0.04276794195175171 0.014674900099635124 -0.024299999698996544 0.042192939668893814 0.014520828612148762 -0.022299999371170998 0.042192939668893814 0.014520828612148762 -0.024299999698996544 0.00800000037997961 0.0011999999405816197 -0.021299999207258224 0.00800000037997961 0.0011999999405816197 -0.024299999698996544 0.00860000029206276 0.0010392304975539446 -0.021299999207258224 0.00860000029206276 0.0010392304975539446 -0.024299999698996544 0.009039230644702911 0.0006000001449137926 -0.021299999207258224 0.009039230644702911 0.0006000001449137926 -0.024299999698996544 0.009199999272823334 3.854338237463395E-10 -0.021299999207258224 0.009199999272823334 3.854338237463395E-10 -0.024299999698996544 0.009039230644702911 -0.0005999993882142007 -0.021299999207258224 0.009039230644702911 -0.0005999993882142007 -0.024299999698996544 0.00860000029206276 -0.0010392296826466918 -0.021299999207258224 0.00860000029206276 -0.0010392296826466918 -0.024299999698996544 0.00800000037997961 -0.001199999125674367 -0.021299999207258224 0.00800000037997961 -0.001199999125674367 -0.024299999698996544 0.04219292849302292 -0.014520841650664806 -0.022299999371170998 0.04219292849302292 -0.014520841650664806 -0.024299999698996544 0.04276792332530022 -0.01467491127550602 -0.022299999371170998 0.04276792332530022 -0.01467491127550602 -0.024299999698996544 0.043188851326704025 -0.015095837414264679 -0.022299999371170998 0.043188851326704025 -0.015095837414264679 -0.024299999698996544 0.043342918157577515 -0.015670834109187126 -0.022299999371170998 0.043342918157577515 -0.015670834109187126 -0.024299999698996544 0.043188851326704025 -0.016245828941464424 -0.022299999371170998 0.043188851326704025 -0.016245828941464424 -0.024299999698996544 0.04276792332530022 -0.016666755080223083 -0.022299999371170998 0.04276792332530022 -0.016666755080223083 -0.024299999698996544 0.04219292849302292 -0.01682082563638687 -0.022299999371170998 0.04219292849302292 -0.01682082563638687 -0.024299999698996544 -0.00800000037997961 0.001199999707750976 -0.021299999207258224 -0.00800000037997961 0.001199999707750976 -0.024299999698996544 -0.0074000004678964615 0.001039230264723301 -0.021299999207258224 -0.0074000004678964615 0.001039230264723301 -0.024299999698996544 -0.0069607701152563095 0.0005999999702908099 -0.021299999207258224 -0.0069607701152563095 0.0005999999702908099 -0.024299999698996544 -0.0068000005558133125 1.9993370847792846E-10 -0.021299999207258224 -0.0068000005558133125 1.9993370847792846E-10 -0.024299999698996544 -0.0069607701152563095 -0.0005999995628371835 -0.021299999207258224 -0.0069607701152563095 -0.0005999995628371835 -0.024299999698996544 -0.0074000004678964615 -0.0010392299154773355 -0.021299999207258224 -0.0074000004678964615 -0.0010392299154773355 -0.024299999698996544 -0.00800000037997961 -0.0011999993585050106 -0.021299999207258224 -0.00800000037997961 -0.0011999993585050106 -0.024299999698996544 8.437028853336415E-11 -0.0068000005558133125 -0.021299999207258224 8.437028853336415E-11 -0.0068000005558133125 -0.024299999698996544 0.0005999999702908099 -0.0069607701152563095 -0.021299999207258224 0.0005999999702908099 -0.0069607701152563095 -0.024299999698996544 0.0010392303811386228 -0.0074000004678964615 -0.021299999207258224 0.0010392303811386228 -0.0074000004678964615 -0.024299999698996544 0.001199999824166298 -0.007999999448657036 -0.021299999207258224 0.001199999824166298 -0.007999999448657036 -0.024299999698996544 0.0010392303811386228 -0.008599999360740185 -0.021299999207258224 0.0010392303811386228 -0.008599999360740185 -0.024299999698996544 0.0005999999702908099 -0.009039229713380337 -0.021299999207258224 0.0005999999702908099 -0.009039229713380337 -0.024299999698996544 8.437028853336415E-11 -0.009199999272823334 -0.021299999207258224 8.437028853336415E-11 -0.009199999272823334 -0.024299999698996544 6.055749235400754E-10 0.009200000204145908 -0.021299999207258224 6.055749790512266E-10 0.009200000204145908 -0.024299999698996544 0.0006000006105750799 0.009039230644702911 -0.021299999207258224 0.0006000006105750799 0.009039230644702911 -0.024299999698996544 0.0010392310796305537 0.00860000029206276 -0.021299999207258224 0.0010392310796305537 0.00860000029206276 -0.024299999698996544 0.0012000005226582289 0.00800000037997961 -0.021299999207258224 0.0012000005226582289 0.00800000037997961 -0.024299999698996544 0.0010392310796305537 0.007400000002235174 -0.021299999207258224 0.0010392310796305537 0.007400000002235174 -0.024299999698996544 0.0006000006105750799 0.006960769183933735 -0.021299999207258224 0.0006000006105750799 0.006960769183933735 -0.024299999698996544 6.055749235400754E-10 0.006800000090152025 -0.021299999207258224 6.055749790512266E-10 0.006800000090152025 -0.024299999698996544 0.0021249998826533556 0.0036806080024689436 -0.021299999207258224 -5.551115123125783E-17 0.004249999765306711 -0.021299999207258224 -5.551115123125783E-17 0.004249999765306711 -0.024299999698996544 0.0021249998826533556 0.0036806080024689436 -0.024299999698996544 0.003430608194321394 0.002374999923631549 -0.024299999698996544 0.0036806080024689436 0.0021250001154839993 -0.021299999207258224 0.0036806080024689436 0.0021250001154839993 -0.024299999698996544 0.003821281250566244 0.0015999998431652784 -0.021299999207258224 0.003821281250566244 0.0015999997267499566 -0.024299999698996544 0.004249999765306711 0 -0.021299999207258224 0.004249999765306711 0 -0.024299999698996544 0.003821281250566244 -0.0015999998431652784 -0.021299999207258224 0.003821281250566244 -0.0015999998431652784 -0.024299999698996544 0.0036806080024689436 -0.0021249998826533556 -0.021299999207258224 0.0036806080024689436 -0.0021249998826533556 -0.024299999698996544 0.0021249998826533556 -0.0036806077696383 -0.021299999207258224 0.0021249998826533556 -0.0036806077696383 -0.024299999698996544 -5.551115123125783E-17 -0.0042500002309679985 -0.021299999207258224 -5.551115123125783E-17 -0.0042500002309679985 -0.024299999698996544 -0.027009619399905205 0.014999999664723873 -0.021299999207258224 -0.028991615399718285 0.013855693861842155 -0.021299999207258224 -0.028991615399718285 0.012427380308508873 -0.021299999207258224 -0.031465526670217514 0.012427380308508873 -0.021299999207258224 0.02432147040963173 -0.021998470649123192 -0.021299999207258224 0.02432147040963173 -0.02046041563153267 -0.021299999207258224 0.01304042898118496 -0.02046041563153267 -0.021299999207258224 0.06898761540651321 -0.012429389171302319 -0.021299999207258224 0.05480869486927986 -0.014514521695673466 -0.021299999207258224 0.05480869486927986 -0.016892660409212112 -0.021299999207258224 0.04942427575588226 -0.012429389171302319 -0.021299999207258224 0.05480869486927986 -0.009320692159235477 -0.021299999207258224 0.051957421004772186 -0.004616025369614363 -0.021299999207258224 0.03842427209019661 -0.012429389171302319 -0.021299999207258224 0.045884598046541214 -0.012429389171302319 -0.021299999207258224 0.045884598046541214 -0.008122170343995094 -0.021299999207258224 0.0449429489672184 -0.015670832246541977 -0.021299999207258224 0.04461556300520897 -0.016892660409212112 -0.021299999207258224 0.045884598046541214 -0.016892660409212112 -0.021299999207258224 0.02628432959318161 -0.018229080364108086 -0.021299999207258224 0.02432147040963173 -0.017961464822292328 -0.021299999207258224 -0.0021249998826533556 -0.0036806077696383 -0.021299999207258224 -0.002686940599232912 -0.0031186670530587435 -0.021299999207258224 -0.0005999997956678271 -0.0069607701152563095 -0.021299999207258224 -0.00814418401569128 -0.007394070271402597 -0.021299999207258224 -0.0055250003933906555 -0.010278962552547455 -0.021299999207258224 -0.0055250003933906555 -0.0015999998431652784 -0.021299999207258224 -0.0041738818399608135 -0.012170719914138317 -0.021299999207258224 -0.004220721311867237 -0.012429389171302319 -0.021299999207258224 -0.002686940599232912 -0.012429389171302319 -0.021299999207258224 -0.011348409578204155 -0.012561479583382607 -0.021299999207258224 -0.011470544151961803 -0.012429389171302319 -0.021299999207258224 -0.013980509713292122 -0.012429389171302319 -0.021299999207258224 -0.021983230486512184 0.0006081368774175644 -0.021299999207258224 -0.021452341228723526 0.0015999998431652784 -0.021299999207258224 -0.028991615399718285 0.0015999998431652784 -0.021299999207258224 -0.03500000014901161 0.001999999862164259 -0.021299999207258224 -0.03550000116229057 0.0021339748054742813 -0.021299999207258224 -0.03999999910593033 0.0015999998431652784 -0.021299999207258224 -0.03586602956056595 0.002499999711290002 -0.021299999207258224 -0.035999998450279236 0.0029999997932463884 -0.021299999207258224 -0.03999999910593033 0.007499999366700649 -0.021299999207258224 -0.035999998450279236 0.004613248631358147 -0.021299999207258224 -0.035939689725637436 0.00495526846498251 -0.021299999207258224 -0.03563302010297775 0.005367654375731945 -0.021299999207258224 -0.028991615399718285 0.009225739166140556 -0.021299999207258224 -0.025860579684376717 0.011044600047171116 -0.021299999207258224 -0.01988814026117325 0.011933930218219757 -0.021299999207258224 -0.03999999910593033 -0.0015999998431652784 -0.021299999207258224 -0.03586602956056595 -0.002500000176951289 -0.021299999207258224 -0.03550000116229057 -0.0021339752711355686 -0.021299999207258224 -0.03550000116229057 -0.005479274317622185 -0.021299999207258224 -0.03999999910593033 -0.007500000298023224 -0.021299999207258224 -0.028991615399718285 -0.00923045352101326 -0.021299999207258224 -0.03146204724907875 -0.012429389171302319 -0.021299999207258224 -0.028991615399718285 -0.012429389171302319 -0.021299999207258224 -0.03576603904366493 -0.0052560362964868546 -0.021299999207258224 -0.035999998450279236 -0.004613249562680721 -0.021299999207258224 -0.035999998450279236 -0.0030000002589076757 -0.021299999207258224 -0.013980509713292122 -0.009714813902974129 -0.021299999207258224 -0.01876102015376091 -0.010817140340805054 -0.021299999207258224 -0.018868179991841316 -0.011408929713070393 -0.021299999207258224 -0.021452341228723526 -0.0015999998431652784 -0.021299999207258224 -0.026690250262618065 -0.0020383603405207396 -0.021299999207258224 -0.026436980813741684 -0.0021504992619156837 -0.021299999207258224 -0.01929539069533348 -0.011832229793071747 -0.021299999207258224 -0.019833507016301155 -0.011937945149838924 -0.021299999207258224 -0.02574468031525612 -0.011101859621703625 -0.021299999207258224 -0.03500000014901161 -0.0020000003278255463 -0.021299999207258224 -0.028991615399718285 -0.0020000003278255463 -0.021299999207258224 -0.028991615399718285 -0.0015999998431652784 -0.021299999207258224 -0.02696456015110016 -0.0020000003278255463 -0.021299999207258224 -0.02140926942229271 -0.0016804703045636415 -0.021299999207258224 -0.026224179193377495 -0.002327812137082219 -0.021299999207258224 -0.01901266910135746 -0.01027091033756733 -0.021299999207258224 -0.01032113004475832 0.013102279976010323 -0.021299999207258224 -0.01312768179923296 0.016892660409212112 -0.021299999207258224 -0.011348409578204155 0.012561479583382607 -0.021299999207258224 -0.013980509713292122 0.01677638664841652 -0.021299999207258224 -0.011500637046992779 0.012427380308508873 -0.021299999207258224 -0.013980509713292122 0.012427380308508873 -0.021299999207258224 -0.012257580645382404 0.01176057942211628 -0.021299999207258224 -0.013980509713292122 0.009862862527370453 -0.021299999207258224 -0.021983230486512184 -0.0006081375759094954 -0.021299999207258224 -0.0055250003933906555 -0.016892660409212112 -0.021299999207258224 -0.005864569917321205 -0.01384591031819582 -0.021299999207258224 -0.01312768179923296 -0.016892660409212112 -0.021299999207258224 -0.01032113004475832 -0.013102279976010323 -0.021299999207258224 -0.013980509713292122 -0.01677638664841652 -0.021299999207258224 -0.00433462206274271 -0.01305839978158474 -0.021299999207258224 -0.002686940599232912 -0.016892660409212112 -0.021299999207258224 -0.004975446034222841 -0.013693350367248058 -0.021299999207258224 -0.0055250003933906555 -0.013787645846605301 -0.021299999207258224 -0.010880669578909874 -0.0015999998431652784 -0.021299999207258224 -0.010880669578909874 -0.0016158843645825982 -0.021299999207258224 -0.009941483847796917 -0.004708174616098404 -0.021299999207258224 -0.009039229713380337 0.0005999999702908099 -0.021299999207258224 -0.00860000029206276 0.001039230264723301 -0.021299999207258224 -0.010880669578909874 0.0015999998431652784 -0.021299999207258224 -0.0055250003933906555 0.0015999998431652784 -0.021299999207258224 -0.00860000029206276 -0.0010392299154773355 -0.021299999207258224 -0.009039229713380337 -0.0005999995628371835 -0.021299999207258224 -0.009199999272823334 1.9993369460014065E-10 -0.021299999207258224 -0.010880669578909874 0.0016158836660906672 -0.021299999207258224 -0.009941483847796917 0.004708173684775829 -0.021299999207258224 -0.003821281250566244 0.0015999998431652784 -0.021299999207258224 -0.0036806077696383 0.0021250001154839993 -0.021299999207258224 -0.0041738818399608135 0.012170719914138317 -0.021299999207258224 -0.004551365040242672 0.011351370252668858 -0.021299999207258224 -0.002686940599232912 0.003118667285889387 -0.021299999207258224 -0.0055250003933906555 0.010278962552547455 -0.021299999207258224 -0.00814418401569128 0.007394069340080023 -0.021299999207258224 -0.009246084839105606 0.013396036811172962 -0.021299999207258224 -0.005864569917321205 0.01384591031819582 -0.021299999207258224 -0.0055250003933906555 0.016892660409212112 -0.021299999207258224 -0.0055250003933906555 0.013787645846605301 -0.021299999207258224 -0.002686940599232912 0.016892660409212112 -0.021299999207258224 -0.004975446034222841 0.013693350367248058 -0.021299999207258224 -0.00433462206274271 0.01305839978158474 -0.021299999207258224 -0.002686940599232912 0.012427380308508873 -0.021299999207258224 -0.00422035763040185 0.012427380308508873 -0.021299999207258224 0.0055250003933906555 -0.0015999998431652784 -0.021299999207258224 0.0055250003933906555 -0.012429389171302319 -0.021299999207258224 -0.0005999997956678271 -0.009039229713380337 -0.021299999207258224 -0.001039230148307979 -0.008599999360740185 -0.021299999207258224 -0.0011999995913356543 -0.007999999448657036 -0.021299999207258224 -0.001039230148307979 -0.0074000004678964615 -0.021299999207258224 0.0055250003933906555 0.0015999998431652784 -0.021299999207258224 -0.0010392297990620136 0.00860000029206276 -0.021299999207258224 -0.0005999993300065398 0.009039230644702911 -0.021299999207258224 0.0055250003933906555 0.012427380308508873 -0.021299999207258224 -0.0011999993585050106 0.00800000037997961 -0.021299999207258224 -0.0021249998826533556 0.0036806080024689436 -0.021299999207258224 -0.0005999993300065398 0.006960769183933735 -0.021299999207258224 -0.0010392297990620136 0.007400000002235174 -0.021299999207258224 -0.004551365040242672 -0.011351370252668858 -0.021299999207258224 -0.0036806077696383 -0.0021249998826533556 -0.021299999207258224 -0.003821281250566244 -0.0015999998431652784 -0.021299999207258224 -0.004249999765306711 -6.938893903907228E-18 -0.021299999207258224 0.02432147040963173 -0.0015999998431652784 -0.021299999207258224 0.0069607701152563095 0.0006000001449137926 -0.021299999207258224 0.007028654683381319 0.0006678847712464631 -0.021299999207258224 0.007028654683381319 0.0015999998431652784 -0.021299999207258224 0.0074000004678964615 0.0010392304975539446 -0.021299999207258224 0.007028654683381319 -0.0015999998431652784 -0.021299999207258224 0.02432147040963173 0.0015999998431652784 -0.021299999207258224 0.0068000005558133125 3.854338237463395E-10 -0.021299999207258224 0.0069607701152563095 -0.0005999993882142007 -0.021299999207258224 0.007028654683381319 -0.0006678840145468712 -0.021299999207258224 0.0074000004678964615 -0.0010392296826466918 -0.021299999207258224 0.007995115593075752 0.015265010297298431 -0.021299999207258224 0.007028654683381319 0.016892660409212112 -0.021299999207258224 0.0072573088109493256 0.013928339816629887 -0.021299999207258224 0.007028654683381319 0.012427380308508873 -0.021299999207258224 0.007432607468217611 0.012427380308508873 -0.021299999207258224 0.02432147040963173 0.0027723214589059353 -0.021299999207258224 0.023708369582891464 0.00282596074976027 -0.021299999207258224 0.02286650985479355 0.0030515368562191725 -0.021299999207258224 0.02207661047577858 0.0034198728390038013 -0.021299999207258224 0.008460387587547302 0.011281199753284454 -0.021299999207258224 0.007434417959302664 0.012411880306899548 -0.021299999207258224 0.05242333933711052 0.0034911807160824537 -0.021299999207258224 0.05206618085503578 0.002956646727398038 -0.021299999207258224 0.05480869486927986 0.0015999998431652784 -0.021299999207258224 0.051457419991493225 0.002749999752268195 -0.021299999207258224 0.045884598046541214 0.0015999998431652784 -0.021299999207258224 0.045884598046541214 0.002749999752268195 -0.021299999207258224 0.024576609954237938 0.002749999752268195 -0.021299999207258224 0.045884598046541214 0.016892660409212112 -0.021299999207258224 0.04461555555462837 0.016892660409212112 -0.021299999207258224 0.0449429452419281 0.015670832246541977 -0.021299999207258224 0.045884598046541214 0.012427380308508873 -0.021299999207258224 0.0306936576962471 0.016892660409212112 -0.021299999207258224 0.03842775151133537 0.012427380308508873 -0.021299999207258224 0.04457451403141022 0.014295831322669983 -0.021299999207258224 0.04356794431805611 0.013289260677993298 -0.021299999207258224 0.05238128826022148 0.004132682457566261 -0.021299999207258224 0.05480869486927986 0.009320692159235477 -0.021299999207258224 0.051957421004772186 0.004616024438291788 -0.021299999207258224 0.04942775517702103 0.012427380308508873 -0.021299999207258224 0.045884598046541214 0.008122170343995094 -0.021299999207258224 0.02800000086426735 0.02250000089406967 -0.021299999207258224 0.045884598046541214 0.019869912415742874 -0.021299999207258224 0.04356794431805611 0.01805240288376808 -0.021299999207258224 0.04457451403141022 0.01704583317041397 -0.021299999207258224 0.02738027088344097 0.018257200717926025 -0.021299999207258224 0.02628432959318161 0.018229080364108086 -0.021299999207258224 0.02432147040963173 0.021998470649123192 -0.021299999207258224 0.028455989435315132 0.018045799806714058 -0.021299999207258224 0.02945978008210659 0.017605040222406387 -0.021299999207258224 0.007028654683381319 0.01964077167212963 -0.021299999207258224 0.009372662752866745 0.01592334918677807 -0.021299999207258224 0.016482194885611534 0.016892660409212112 -0.021299999207258224 0.02432147040963173 0.017961464822292328 -0.021299999207258224 0.007028654683381319 -0.012429389171302319 -0.021299999207258224 0.0074323732405900955 -0.012429389171302319 -0.021299999207258224 0.007434417959302664 -0.012411880306899548 -0.021299999207258224 0.023708369582891464 -0.0028259612154215574 -0.021299999207258224 0.02286650985479355 -0.00305153732188046 -0.021299999207258224 0.02207661047577858 -0.0034198733046650887 -0.021299999207258224 0.008460387587547302 -0.011281199753284454 -0.021299999207258224 0.009372662752866745 -0.01592334918677807 -0.021299999207258224 0.007995115593075752 -0.015265010297298431 -0.021299999207258224 0.007028654683381319 -0.016892660409212112 -0.021299999207258224 0.0072573088109493256 -0.013928339816629887 -0.021299999207258224 0.016482194885611534 -0.016892660409212112 -0.021299999207258224 0.007028654683381319 -0.01964077167212963 -0.021299999207258224 0.045884598046541214 -0.019869912415742874 -0.021299999207258224 0.044574521481990814 -0.01704583130776882 -0.021299999207258224 0.043567951768636703 -0.018052401021122932 -0.021299999207258224 0.04186917841434479 -0.02046041563153267 -0.021299999207258224 0.0306936576962471 -0.016892660409212112 -0.021299999207258224 0.02945978008210659 -0.017605040222406387 -0.021299999207258224 0.028455989435315132 -0.018045799806714058 -0.021299999207258224 0.02738027088344097 -0.018257200717926025 -0.021299999207258224 0.044574521481990814 -0.014295832253992558 -0.021299999207258224 0.043567951768636703 -0.013289262540638447 -0.021299999207258224 0.05480869486927986 -0.0015999998431652784 -0.021299999207258224 0.05206618085503578 -0.0029566471930593252 -0.021299999207258224 0.05242333933711052 -0.003491181181743741 -0.021299999207258224 0.05238128826022148 -0.004132683388888836 -0.021299999207258224 0.02432147040963173 -0.0027723219245672226 -0.021299999207258224 0.024576609954237938 -0.0027500002179294825 -0.021299999207258224 0.045884598046541214 -0.0015999998431652784 -0.021299999207258224 0.045884598046541214 -0.0027500002179294825 -0.021299999207258224 0.051457419991493225 -0.0027500002179294825 -0.021299999207258224 0.04682625085115433 0.014867350459098816 -0.021299999207258224 0.046833500266075134 0.014190049842000008 -0.021299999207258224 0.04727073013782501 0.013672740198671818 -0.021299999207258224 0.1125842034816742 0.005906266625970602 -0.021299999207258224 0.11400000005960464 0.004309919662773609 -0.021299999207258224 0.11999999731779099 0.008970587514340878 -0.021299999207258224 0.11999999731779099 0.0015999998431652784 -0.021299999207258224 0.11400000005960464 0.0037499996833503246 -0.021299999207258224 0.11386600136756897 0.0032499998342245817 -0.021299999207258224 0.06502921134233475 0.0034198728390038013 -0.021299999207258224 0.06131904944777489 0.0023815722670406103 -0.021299999207258224 0.06581910699605942 0.0030515368562191725 -0.021299999207258224 0.062100622802972794 0.0015999998431652784 -0.021299999207258224 0.06666097044944763 0.00282596074976027 -0.021299999207258224 0.11349999904632568 0.0028839746955782175 -0.021299999207258224 0.11299999803304672 0.002749999752268195 -0.021299999207258224 0.06752920895814896 0.002749999752268195 -0.021299999207258224 0.04725231975317001 0.015393899753689766 -0.021299999207258224 0.047916218638420105 0.0155281201004982 -0.021299999207258224 0.05480869486927986 0.016892660409212112 -0.021299999207258224 0.05480869486927986 0.014514521695673466 -0.021299999207258224 0.06612991541624069 0.016892660409212112 -0.021299999207258224 0.06900127232074738 0.012427380308508873 -0.021299999207258224 0.09649381786584854 0.012427380308508873 -0.021299999207258224 0.11214789748191833 0.006082293577492237 -0.021299999207258224 0.11237650364637375 0.006020304746925831 -0.021299999207258224 0.04725231975317001 -0.015393899753689766 -0.021299999207258224 0.04682625085115433 -0.014867350459098816 -0.021299999207258224 0.046833500266075134 -0.014190049842000008 -0.021299999207258224 0.04727073013782501 -0.013672740198671818 -0.021299999207258224 0.047916218638420105 -0.0155281201004982 -0.021299999207258224 0.1125842034816742 -0.005906267557293177 -0.021299999207258224 0.11999999731779099 -0.008970588445663452 -0.021299999207258224 0.11275920271873474 -0.005746581591665745 -0.021299999207258224 0.11400000005960464 -0.004309920594096184 -0.021299999207258224 0.06502921134233475 -0.0034198733046650887 -0.021299999207258224 0.06131904944777489 -0.002381564350798726 -0.021299999207258224 0.11400000005960464 -0.003750000149011612 -0.021299999207258224 0.11999999731779099 -0.0015999998431652784 -0.021299999207258224 0.11386600136756897 -0.003250000299885869 -0.021299999207258224 0.0621006153523922 -0.0015999998431652784 -0.021299999207258224 0.06581910699605942 -0.00305153732188046 -0.021299999207258224 0.06666097044944763 -0.0028259612154215574 -0.021299999207258224 0.06752920895814896 -0.0027500002179294825 -0.021299999207258224 0.11299999803304672 -0.0027500002179294825 -0.021299999207258224 0.11349999904632568 -0.002883975161239505 -0.021299999207258224 0.062325619161129 0.001375002902932465 -0.021299999207258224 0.06269405037164688 3.847971719039833E-09 -0.021299999207258224 0.062325619161129 -0.0013749952195212245 -0.021299999207258224 0.02800000086426735 -0.02250000089406967 -0.021299999207258224 -0.0055250003933906555 -0.017929209396243095 -0.021299999207258224 -0.002686940599232912 -0.018316149711608887 -0.021299999207258224 0.0055250003933906555 -0.019435763359069824 -0.021299999207258224 0.0055250003933906555 -0.016892660409212112 -0.021299999207258224 -0.027009619399905205 -0.014999999664723873 -0.021299999207258224 -0.028991615399718285 -0.013855693861842155 -0.021299999207258224 -0.028991615399718285 0.001999999862164259 -0.021299999207258224 -0.02696456015110016 0.001999999862164259 -0.021299999207258224 -0.026224179193377495 0.002327811671420932 -0.021299999207258224 -0.02140926942229271 0.0016804696060717106 -0.021299999207258224 -0.01901266910135746 0.01027091033756733 -0.021299999207258224 -0.0055250003933906555 0.017929209396243095 -0.021299999207258224 -0.002686940599232912 0.018316149711608887 -0.021299999207258224 0.05480869486927986 0.01855754479765892 -0.021299999207258224 0.11237650364637375 -0.0060203056782484055 -0.021299999207258224 0.11214789748191833 -0.006082294508814812 -0.021299999207258224 0.09648015350103378 -0.012429389171302319 -0.021299999207258224 0.06612991541624069 -0.016892660409212112 -0.021299999207258224 0.05480869486927986 -0.01855754479765892 -0.021299999207258224 0.0055250003933906555 0.019435763359069824 -0.021299999207258224 0.0055250003933906555 0.016892660409212112 -0.021299999207258224 0.1249070018529892 0.008025133050978184 -0.02081822231411934 0.15348783135414124 0.003823528764769435 -0.00398284150287509 0.1249070018529892 0.008248968981206417 -0.024299999698996544 0.1550000011920929 0.003823528764769435 -0.00654999865218997 0.15501044690608978 0.003823528764769435 -0.0065677291713654995 0.1525295227766037 -0.003964407369494438 -0.004547323565930128 0.1249070018529892 -0.008025133050978184 -0.02081822231411934 0.15346293151378632 -0.003991283942013979 -0.00654999865218997 0.1249070018529892 -0.008248968981206417 -0.024299999698996544 0.1550000011920929 -0.0038235292304307222 -0.00654999865218997 0.15501044690608978 -0.0038235292304307222 -0.0065677291713654995 0.15199999511241913 0.003823528764769435 -0.004859240259975195 0.14577040076255798 0.0007623168639838696 -0.008528749458491802 0.15199999511241913 -0.0039685931988060474 -0.004859240259975195 0.14603863656520844 0.00028495705919340253 -0.008370752446353436 0.14603863656520844 -0.0002849577576853335 -0.008370752446353436 0.13241882622241974 -0.002731687156483531 -0.016393419355154037 0.1320580691099167 -0.0023626862093806267 -0.0166059210896492 0.13192391395568848 -0.001826768391765654 -0.016684947535395622 0.13192391395568848 0.0018267676932737231 -0.016684947535395622 0.1320580691099167 0.0023626857437193394 -0.0166059210896492 0.14577040076255798 -0.0007623175624758005 -0.008528749458491802 0.14532101154327393 -0.0009920744923874736 -0.008793462067842484 0.13289381563663483 -0.0028188421856611967 -0.016113631427288055 0.13241882622241974 0.0027316866908222437 -0.016393419355154037 0.13289381563663483 0.0028188417199999094 -0.016113631427288055 0.14532101154327393 0.0009920737938955426 -0.008793462067842484 0.15199999511241913 -0.0039685931988060474 0.004259242210537195 0.1525295227766037 -0.003964407369494438 0.003947325516492128 0.1249070018529892 -0.008025133050978184 0.020218223333358765 0.14577040076255798 -0.0007623175624758005 0.007928751409053802 0.15199999511241913 0.003823528764769435 0.004259242210537195 0.14603863656520844 -0.0002849577576853335 0.007770752999931574 0.14603863656520844 0.00028495705919340253 0.007770752999931574 0.1249070018529892 0.008025133050978184 0.020218223333358765 0.15348783135414124 0.003823528764769435 0.00338284345343709 0.13241882622241974 0.0027316866908222437 0.015793420374393463 0.1320580691099167 0.0023626857437193394 0.016005922108888626 0.13192391395568848 0.0018267676932737231 0.016084950417280197 0.13192391395568848 -0.001826768391765654 0.016084950417280197 0.1320580691099167 -0.0023626862093806267 0.016005922108888626 0.14577040076255798 0.0007623168639838696 0.007928751409053802 0.14532101154327393 0.0009920737938955426 0.00819346308708191 0.13289381563663483 0.0028188417199999094 0.015513632446527481 0.13241882622241974 -0.002731687156483531 0.015793420374393463 0.13289381563663483 -0.0028188421856611967 0.015513632446527481 0.14532101154327393 -0.0009920744923874736 0.00819346308708191 0.1550000011920929 -0.0038235292304307222 0.00595000060275197 0.15501044690608978 -0.0038235292304307222 0.0059677311219275 0.15346293151378632 -0.003991283942013979 0.00595000060275197 0.1249070018529892 -0.008248968981206417 0.02369999885559082 0.1550000011920929 0.003823528764769435 0.00595000060275197 0.1249070018529892 0.008248968981206417 0.02369999885559082 0.15501044690608978 0.003823528764769435 0.0059677311219275 0.0055250003933906555 -0.0015999998431652784 0.02070000022649765 0.09649381041526794 0.012427380308508873 0.02070000022649765 0.08834702521562576 0.012427380308508873 0.02070000022649765 0.08834702521562576 0.013625437393784523 0.02070000022649765 -0.0055250003933906555 0.017929209396243095 0.02070000022649765 -0.0055250003933906555 0.016892660409212112 0.02070000022649765 -0.01312768179923296 0.016892660409212112 0.02070000022649765 0.024321475997567177 0.021998470649123192 0.02070000022649765 0.024321475997567177 0.02046041749417782 0.02070000022649765 0.013040442019701004 0.02046041749417782 0.02070000022649765 0.08834702521562576 -0.009582418948411942 0.02070000022649765 0.08834702521562576 -0.012429389171302319 0.02070000022649765 0.06898761540651321 -0.012429389171302319 0.02070000022649765 0.06900127232074738 0.012427380308508873 0.02070000022649765 0.05480869486927986 0.014514521695673466 0.02070000022649765 0.05480869486927986 0.016892660409212112 0.02070000022649765 0.04942775517702103 0.012427380308508873 0.02070000022649765 0.05480869486927986 0.009320692159235477 0.02070000022649765 0.051957421004772186 0.004616024438291788 0.02070000022649765 0.03842775151133537 0.012427380308508873 0.02070000022649765 0.04588460177183151 0.012427380308508873 0.02070000022649765 0.04588460177183151 0.008122168481349945 0.02070000022649765 0.0449429452419281 0.015670832246541977 0.02070000022649765 0.04461555555462837 0.016892660409212112 0.02070000022649765 0.04588460177183151 0.016892660409212112 0.02070000022649765 -0.002686940599232912 -0.012429389171302319 0.02070000022649765 -0.019833507016301155 -0.011937945149838924 0.02070000022649765 -0.013980509713292122 -0.012429389171302319 0.02070000022649765 -0.03146204724907875 -0.012429389171302319 0.02070000022649765 -0.00814418401569128 0.007394069340080023 0.02070000022649765 -0.0055250003933906555 0.010278962552547455 0.02070000022649765 -0.0055250003933906555 0.0015999997267499566 0.02070000022649765 -0.004975446034222841 0.013693350367248058 0.02070000022649765 -0.0055250003933906555 0.013787645846605301 0.02070000022649765 -0.005864569917321205 0.01384591031819582 0.02070000022649765 -0.00433462206274271 0.01305839978158474 0.02070000022649765 -0.002686940599232912 0.016892660409212112 0.02070000022649765 -0.00422035763040185 0.012427380308508873 0.02070000022649765 -0.002686940599232912 0.012427380308508873 0.02070000022649765 -0.0041738818399608135 0.012170719914138317 0.02070000022649765 -0.004551365040242672 0.011351370252668858 0.02070000022649765 -0.010880669578909874 0.0015999997267499566 0.02070000022649765 -0.010880669578909874 0.0016158836660906672 0.02070000022649765 -0.009941483847796917 0.004708173684775829 0.02070000022649765 -0.0074000004678964615 -0.0010392299154773355 0.02070000022649765 -0.0055250003933906555 -0.0015999998431652784 0.02070000022649765 -0.0069607701152563095 -0.0005999995628371835 0.02070000022649765 -0.0068000005558133125 1.9993369460014065E-10 0.02070000022649765 -0.0069607701152563095 0.0005999999702908099 0.02070000022649765 -0.0074000004678964615 0.001039230264723301 0.02070000022649765 -0.010880669578909874 -0.0015999998431652784 0.02070000022649765 -0.010880669578909874 -0.0016158843645825982 0.02070000022649765 -0.009941483847796917 -0.004708174616098404 0.02070000022649765 -0.00433462206274271 -0.01305839978158474 0.02070000022649765 -0.004220721311867237 -0.012429389171302319 0.02070000022649765 -0.0041738818399608135 -0.012170719914138317 0.02070000022649765 -0.004551365040242672 -0.011351370252668858 0.02070000022649765 -0.0055250003933906555 -0.010278962552547455 0.02070000022649765 -0.00814418401569128 -0.007394070271402597 0.02070000022649765 -0.011470544151961803 -0.012429389171302319 0.02070000022649765 -0.011348409578204155 -0.012561479583382607 0.02070000022649765 -0.013980509713292122 -0.01677638664841652 0.02070000022649765 -0.004975446034222841 -0.013693350367248058 0.02070000022649765 -0.002686940599232912 -0.016892660409212112 0.02070000022649765 -0.0055250003933906555 -0.013787645846605301 0.02070000022649765 -0.0055250003933906555 -0.016892660409212112 0.02070000022649765 -0.005864569917321205 -0.01384591031819582 0.02070000022649765 -0.01032113004475832 -0.013102279976010323 0.02070000022649765 -0.01312768179923296 -0.016892660409212112 0.02070000022649765 -0.01929539069533348 -0.011832229793071747 0.02070000022649765 -0.018868179991841316 -0.011408929713070393 0.02070000022649765 -0.013980509713292122 -0.009714813902974129 0.02070000022649765 -0.035999998450279236 -0.004613249562680721 0.02070000022649765 -0.03999999910593033 -0.007500000298023224 0.02070000022649765 -0.035999998450279236 -0.0030000002589076757 0.02070000022649765 -0.03999999910593033 -0.0015999998431652784 0.02070000022649765 -0.03586602956056595 -0.002500000176951289 0.02070000022649765 -0.03550000116229057 -0.0021339752711355686 0.02070000022649765 -0.03576603904366493 -0.0052560362964868546 0.02070000022649765 -0.03550000116229057 -0.005479274317622185 0.02070000022649765 -0.02574468031525612 -0.011101859621703625 0.02070000022649765 -0.01876102015376091 -0.010817140340805054 0.02070000022649765 -0.01901266910135746 -0.01027091033756733 0.02070000022649765 -0.02140926942229271 -0.0016804703045636415 0.02070000022649765 -0.026224179193377495 -0.002327812137082219 0.02070000022649765 -0.021452341228723526 -0.0015999998431652784 0.02070000022649765 -0.026436980813741684 -0.0021504992619156837 0.02070000022649765 -0.026690250262618065 -0.0020383603405207396 0.02070000022649765 -0.02696456015110016 -0.0020000003278255463 0.02070000022649765 -0.03500000014901161 -0.0020000003278255463 0.02070000022649765 -0.03999999910593033 0.0015999997267499566 0.02070000022649765 -0.021452341228723526 0.0015999997267499566 0.02070000022649765 -0.021983230486512184 0.0006081368774175644 0.02070000022649765 -0.021983230486512184 -0.0006081375759094954 0.02070000022649765 -0.03586602956056595 0.002499999711290002 0.02070000022649765 -0.03550000116229057 0.0021339748054742813 0.02070000022649765 -0.026224179193377495 0.002327811671420932 0.02070000022649765 -0.01901266910135746 0.01027091033756733 0.02070000022649765 -0.013980509713292122 0.009862862527370453 0.02070000022649765 -0.013980509713292122 0.012427380308508873 0.02070000022649765 -0.012257580645382404 0.01176057942211628 0.02070000022649765 -0.03500000014901161 0.001999999862164259 0.02070000022649765 -0.02696456015110016 0.001999999862164259 0.02070000022649765 -0.02140926942229271 0.0016804696060717106 0.02070000022649765 -0.03563302010297775 0.005367654375731945 0.02070000022649765 -0.03999999910593033 0.007499999366700649 0.02070000022649765 -0.025860579684376717 0.011044600047171116 0.02070000022649765 -0.031465526670217514 0.012427380308508873 0.02070000022649765 -0.01988814026117325 0.011933930218219757 0.02070000022649765 -0.035939689725637436 0.00495526846498251 0.02070000022649765 -0.035999998450279236 0.004613248631358147 0.02070000022649765 -0.035999998450279236 0.0029999997932463884 0.02070000022649765 -0.009246084839105606 0.013396036811172962 0.02070000022649765 -0.01032113004475832 0.013102279976010323 0.02070000022649765 -0.013980509713292122 0.01677638664841652 0.02070000022649765 -0.011348409578204155 0.012561479583382607 0.02070000022649765 -0.011500637046992779 0.012427380308508873 0.02070000022649765 0.0006000006105750799 0.006960769183933735 0.02070000022649765 0.0010392310796305537 0.007400000002235174 0.02070000022649765 0.0021249998826533556 0.0036806080024689436 0.02070000022649765 0.002725000260397792 0.0030806076247245073 0.02070000022649765 0.0012000005226582289 0.00800000037997961 0.02070000022649765 0.002725000260397792 0.012427380308508873 0.02070000022649765 0.0010392310796305537 0.00860000029206276 0.02070000022649765 0.0006000006105750799 0.009039230644702911 0.02070000022649765 0.0055250003933906555 0.0015999997267499566 0.02070000022649765 0.003821281250566244 0.0015999997267499566 0.02070000022649765 0.0036806080024689436 0.0021250001154839993 0.02070000022649765 0.0055250003933906555 0.012427380308508873 0.02070000022649765 0.0010392303811386228 -0.0074000004678964615 0.02070000022649765 0.0005999999702908099 -0.0069607701152563095 0.02070000022649765 0.002725000260397792 -0.0030806073918938637 0.02070000022649765 0.002725000260397792 -0.012429389171302319 0.02070000022649765 0.0005999999702908099 -0.009039229713380337 0.02070000022649765 0.0010392303811386228 -0.008599999360740185 0.02070000022649765 0.001199999824166298 -0.007999999448657036 0.02070000022649765 0.0055250003933906555 -0.012429389171302319 0.02070000022649765 0.0036806080024689436 -0.0021249998826533556 0.02070000022649765 0.003821281250566244 -0.0015999998431652784 0.02070000022649765 0.004249999765306711 -3.469446951953614E-18 0.02070000022649765 0.0021249998826533556 -0.0036806077696383 0.02070000022649765 0.0055250003933906555 0.016892660409212112 0.02070000022649765 0.016482194885611534 0.016892660409212112 0.02070000022649765 0.009372662752866745 0.01592334918677807 0.02070000022649765 0.007995115593075752 0.015265010297298431 0.02070000022649765 0.0072573088109493256 0.013928339816629887 0.02070000022649765 0.04457451403141022 0.01704583317041397 0.02070000022649765 0.04356794431805611 0.01805240288376808 0.02070000022649765 0.04588460177183151 0.019869912415742874 0.02070000022649765 0.04186916723847389 0.02046041749417782 0.02070000022649765 0.028455989435315132 0.018045799806714058 0.02070000022649765 0.02738027088344097 0.018257200717926025 0.02070000022649765 0.0306936576962471 0.016892660409212112 0.02070000022649765 0.02945978008210659 0.017605040222406387 0.02070000022649765 0.04457451403141022 0.014295831322669983 0.02070000022649765 0.04356794431805611 0.013289260677993298 0.02070000022649765 0.051457419991493225 0.002749999752268195 0.02070000022649765 0.05206618085503578 0.002956646727398038 0.02070000022649765 0.05480869486927986 0.0015999997267499566 0.02070000022649765 0.05242333933711052 0.0034911807160824537 0.02070000022649765 0.05238128826022148 0.004132682457566261 0.02070000022649765 0.04588460177183151 0.002749999752268195 0.02070000022649765 0.04588460177183151 0.0015999997267499566 0.02070000022649765 0.024576609954237938 0.002749999752268195 0.02070000022649765 0.024321475997567177 0.0015999997267499566 0.02070000022649765 0.024321475997567177 0.002772320993244648 0.02070000022649765 0.02207661047577858 0.0034198728390038013 0.02070000022649765 0.02286650985479355 0.0030515368562191725 0.02070000022649765 0.023708369582891464 0.00282596074976027 0.02070000022649765 0.007432607468217611 0.012427380308508873 0.02070000022649765 0.007434417959302664 0.012411880306899548 0.02070000022649765 0.008460387587547302 0.011281199753284454 0.02070000022649765 0.024321475997567177 -0.0027723214589059353 0.02070000022649765 0.023708369582891464 -0.0028259612154215574 0.02070000022649765 0.024321475997567177 -0.0015999998431652784 0.02070000022649765 0.02286650985479355 -0.00305153732188046 0.02070000022649765 0.007434417959302664 -0.012411880306899548 0.02070000022649765 0.008460387587547302 -0.011281199753284454 0.02070000022649765 0.02207661047577858 -0.0034198733046650887 0.02070000022649765 0.05242333933711052 -0.003491181181743741 0.02070000022649765 0.05206618085503578 -0.0029566471930593252 0.02070000022649765 0.05480869486927986 -0.0015999998431652784 0.02070000022649765 0.051457419991493225 -0.0027500002179294825 0.02070000022649765 0.04588460177183151 -0.0015999998431652784 0.02070000022649765 0.04588460177183151 -0.0027500002179294825 0.02070000022649765 0.024576609954237938 -0.0027500002179294825 0.02070000022649765 0.04588460177183151 -0.016892660409212112 0.02070000022649765 0.04461556300520897 -0.016892660409212112 0.02070000022649765 0.0449429489672184 -0.015670832246541977 0.02070000022649765 0.043567951768636703 -0.013289262540638447 0.02070000022649765 0.04588460177183151 -0.012429389171302319 0.02070000022649765 0.044574521481990814 -0.014295832253992558 0.02070000022649765 0.0306936576962471 -0.016892660409212112 0.02070000022649765 0.03842427209019661 -0.012429389171302319 0.02070000022649765 0.05238128826022148 -0.004132683388888836 0.02070000022649765 0.05480869486927986 -0.009320692159235477 0.02070000022649765 0.051957421004772186 -0.004616025369614363 0.02070000022649765 0.04942427575588226 -0.012429389171302319 0.02070000022649765 0.04588460177183151 -0.008122168481349945 0.02070000022649765 0.02800000086426735 -0.02250000089406967 0.02070000022649765 0.04588460177183151 -0.019869912415742874 0.02070000022649765 0.043567951768636703 -0.018052401021122932 0.02070000022649765 0.044574521481990814 -0.01704583130776882 0.02070000022649765 0.02738027088344097 -0.018257200717926025 0.02070000022649765 0.02628432959318161 -0.018229080364108086 0.02070000022649765 0.024321475997567177 -0.021998470649123192 0.02070000022649765 0.024321475997567177 -0.017961464822292328 0.02070000022649765 0.028455989435315132 -0.018045799806714058 0.02070000022649765 0.02945978008210659 -0.017605040222406387 0.02070000022649765 0.016482194885611534 -0.016892660409212112 0.02070000022649765 0.0055250003933906555 -0.016892660409212112 0.02070000022649765 0.009372662752866745 -0.01592334918677807 0.02070000022649765 0.0074323732405900955 -0.012429389171302319 0.02070000022649765 0.0072573088109493256 -0.013928339816629887 0.02070000022649765 0.007995115593075752 -0.015265010297298431 0.02070000022649765 0.11299999803304672 0.002749999752268195 0.02070000022649765 0.11349999904632568 0.0028839746955782175 0.02070000022649765 0.11999999731779099 0.0015999997267499566 0.02070000022649765 0.08834702521562576 0.0015999997267499566 0.02070000022649765 0.08834702521562576 0.002749999752268195 0.02070000022649765 0.11386600136756897 0.0032499998342245817 0.02070000022649765 0.11400000005960464 0.0037499996833503246 0.02070000022649765 0.11999999731779099 0.008970587514340878 0.02070000022649765 0.11400000005960464 0.004309919662773609 0.02070000022649765 0.1125842034816742 0.005906266625970602 0.02070000022649765 0.06752920895814896 0.002749999752268195 0.02070000022649765 0.06502921134233475 0.0034198728390038013 0.02070000022649765 0.06131904944777489 0.0023815722670406103 0.02070000022649765 0.062100622802972794 0.0015999997267499566 0.02070000022649765 0.06581910699605942 0.0030515368562191725 0.02070000022649765 0.06666097044944763 0.00282596074976027 0.02070000022649765 0.04725231975317001 0.015393899753689766 0.02070000022649765 0.04682625085115433 0.014867350459098816 0.02070000022649765 0.046833500266075134 0.014190049842000008 0.02070000022649765 0.04727073013782501 0.013672740198671818 0.02070000022649765 0.047916218638420105 0.0155281201004982 0.02070000022649765 0.0661299079656601 0.016892660409212112 0.02070000022649765 0.06502921134233475 -0.0034198733046650887 0.02070000022649765 0.06131904944777489 -0.002381564350798726 0.02070000022649765 0.06581910699605942 -0.00305153732188046 0.02070000022649765 0.0621006153523922 -0.0015999998431652784 0.02070000022649765 0.06666097044944763 -0.0028259612154215574 0.02070000022649765 0.08834702521562576 -0.0015999998431652784 0.02070000022649765 0.08834702521562576 -0.0027500002179294825 0.02070000022649765 0.06752920895814896 -0.0027500002179294825 0.02070000022649765 0.11237650364637375 -0.0060203056782484055 0.02070000022649765 0.1125842034816742 -0.005906267557293177 0.02070000022649765 0.11999999731779099 -0.008970587514340878 0.02070000022649765 0.11386600136756897 -0.003250000299885869 0.02070000022649765 0.11349999904632568 -0.002883975161239505 0.02070000022649765 0.11999999731779099 -0.0015999998431652784 0.02070000022649765 0.11299999803304672 -0.0027500002179294825 0.02070000022649765 0.11275920271873474 -0.005746581591665745 0.02070000022649765 0.11400000005960464 -0.004309920594096184 0.02070000022649765 0.11400000005960464 -0.003750000149011612 0.02070000022649765 0.04682625085115433 -0.014867350459098816 0.02070000022649765 0.046833500266075134 -0.014190049842000008 0.02070000022649765 0.04727073013782501 -0.013672740198671818 0.02070000022649765 0.04725231975317001 -0.015393899753689766 0.02070000022649765 0.047916218638420105 -0.0155281201004982 0.02070000022649765 0.05480869486927986 -0.016892660409212112 0.02070000022649765 0.05480869486927986 -0.014514521695673466 0.02070000022649765 0.0661299079656601 -0.016892660409212112 0.02070000022649765 0.08834702521562576 -0.013625437393784523 0.02070000022649765 0.09648015350103378 -0.012429389171302319 0.02070000022649765 0.11214789748191833 -0.006082294508814812 0.02070000022649765 0.062325619161129 0.001375002902932465 0.02070000022649765 0.06269405037164688 3.847971719039833E-09 0.02070000022649765 0.062325619161129 -0.0013749952195212245 0.02070000022649765 0.02800000086426735 0.02250000089406967 0.02070000022649765 0.002725000260397792 0.016892660409212112 0.02070000022649765 0.002725000260397792 0.01905401237308979 0.02070000022649765 0.0055250003933906555 0.019435763359069824 0.02070000022649765 -0.002686940599232912 0.018316149711608887 0.02070000022649765 -0.027009619399905205 0.014999999664723873 0.02070000022649765 -0.027009619399905205 -0.014999999664723873 0.02070000022649765 0.0055250003933906555 -0.019435763359069824 0.02070000022649765 0.002725000260397792 -0.01905401237308979 0.02070000022649765 0.002725000260397792 -0.016892660409212112 0.02070000022649765 -0.002686940599232912 -0.018316149711608887 0.02070000022649765 -0.0055250003933906555 -0.017929209396243095 0.02070000022649765 0.05480869486927986 -0.01855754479765892 0.02070000022649765 0.11237650364637375 0.006020304746925831 0.02070000022649765 0.11214789748191833 0.006082293577492237 0.02070000022649765 0.08834702521562576 0.009582418948411942 0.02070000022649765 0.05480869486927986 0.01855754479765892 0.02070000022649765 0.02628432959318161 0.018229080364108086 0.02070000022649765 0.024321475997567177 0.017961464822292328 0.02070000022649765 0.00860000029206276 -0.0010392296826466918 0.02070000022649765 0.00860000029206276 0.0010392304975539446 0.02070000022649765 0.009039230644702911 -0.0005999993882142007 0.02070000022649765 0.009199999272823334 3.854338237463395E-10 0.02070000022649765 0.009039230644702911 0.0006000001449137926 0.02070000022649765 -0.028991615399718285 0.013855693861842155 -0.024299999698996544 -0.03999999910593033 0.007499999366700649 -0.024299999698996544 -0.028424063697457314 0.01418336946517229 -0.024299999698996544 -0.027009619399905205 0.014999999664723873 -0.024299999698996544 -0.03999999910593033 -0.007500000298023224 -0.024299999698996544 -0.03999999910593033 -0.0015999998431652784 -0.024299999698996544 -0.03999999910593033 0.0015999997267499566 -0.024299999698996544 -0.03999999910593033 0.002374999923631549 -0.024299999698996544 -0.027009619399905205 -0.014999999664723873 -0.024299999698996544 -0.028424052521586418 -0.014183375984430313 -0.024299999698996544 -0.030660906806588173 -0.012891927734017372 -0.024299999698996544 -0.028991615399718285 -0.013855693861842155 -0.024299999698996544 0.02800000086426735 -0.02250000089406967 -0.024299999698996544 0.025121469050645828 -0.02210754156112671 -0.024299999698996544 0.007028654683381319 -0.01964077167212963 -0.024299999698996544 0.0055250003933906555 -0.019435763359069824 -0.024299999698996544 -0.0026869408320635557 -0.018316149711608887 -0.024299999698996544 -0.0055250003933906555 -0.017929209396243095 -0.024299999698996544 -0.00838693417608738 -0.01753901317715645 -0.024299999698996544 -0.013980509713292122 -0.01677638664841652 -0.024299999698996544 0.05560869351029396 -0.018439898267388344 0.02369999885559082 0.07101358473300934 -0.016174472868442535 0.02369999885559082 0.08455304056406021 -0.014183375984430313 0.02369999885559082 0.08754702657461166 -0.0137430839240551 0.02369999885559082 0.09333489090204239 -0.012891927734017372 -0.024299999698996544 0.08455304056406021 -0.014183375984430313 -0.024299999698996544 0.06173471361398697 -0.01753901317715645 -0.024299999698996544 0.05560869351029396 -0.018439898267388344 -0.024299999698996544 0.045084595680236816 -0.0199875608086586 -0.024299999698996544 0.02800000086426735 -0.02250000089406967 0.02369999885559082 0.04334292933344841 -0.0202436875551939 0.02369999885559082 0.045084595680236816 -0.0199875608086586 0.02369999885559082 0.02800000086426735 0.02250000089406967 -0.024299999698996544 0.045084595680236816 0.0199875608086586 -0.024299999698996544 0.05560869351029396 0.018439898267388344 -0.024299999698996544 0.07101356238126755 0.016174476593732834 -0.024299999698996544 0.08455308526754379 0.01418336946517229 -0.024299999698996544 0.09334854036569595 0.012889920733869076 0.02369999885559082 0.08754702657461166 0.0137430839240551 0.02369999885559082 0.02800000086426735 0.02250000089406967 0.02369999885559082 0.04334292933344841 0.0202436875551939 0.02369999885559082 0.045084595680236816 0.0199875608086586 0.02369999885559082 0.05560869351029396 0.018439898267388344 0.02369999885559082 0.06173469126224518 0.017539016902446747 0.02369999885559082 0.08455308526754379 0.01418336946517229 0.02369999885559082 0.025121469050645828 0.02210754156112671 -0.024299999698996544 0.007028654683381319 0.01964077167212963 -0.024299999698996544 0.0055250003933906555 0.019435763359069824 -0.024299999698996544 -0.0026869408320635557 0.018316149711608887 -0.024299999698996544 -0.0055250003933906555 0.017929209396243095 -0.024299999698996544 -0.013980509713292122 0.01677638664841652 -0.024299999698996544 -0.018395287916064262 0.016174476593732834 -0.024299999698996544 0.059369046241045 -0.0009959309827536345 -0.024299999698996544 0.05560869351029396 -0.0015999998431652784 -0.024299999698996544 -0.028991615399718285 -0.012891927734017372 -0.024299999698996544 0.045084595680236816 0.002374999923631549 -0.024299999698996544 0.025121469050645828 0.002374999923631549 -0.024299999698996544 0.025121469050645828 0.002749999752268195 -0.024299999698996544 0.03538629040122032 0.01418336946517229 -0.024299999698996544 0.045084595680236816 0.01418336946517229 -0.024299999698996544 0.045084595680236816 0.00858405139297247 -0.024299999698996544 0.0069607701152563095 -0.0005999993882142007 -0.024299999698996544 0.007028654683381319 -0.0006678840145468712 -0.024299999698996544 0.007028654683381319 -0.0015999998431652784 -0.024299999698996544 -0.0005999997956678271 -0.009039229713380337 -0.024299999698996544 -0.0026869408320635557 -0.012891927734017372 -0.024299999698996544 0.0055250003933906555 0.002374999923631549 -0.024299999698996544 -0.0021249998826533556 0.0036806080024689436 -0.024299999698996544 -0.0026869408320635557 0.0031186670530587435 -0.024299999698996544 -0.0005999993300065398 0.006960769183933735 -0.024299999698996544 -0.03586602956056595 0.002499999711290002 -0.024299999698996544 -0.03574102744460106 0.002374999923631549 -0.024299999698996544 -0.01901266910135746 0.01027091033756733 -0.024299999698996544 -0.01988814026117325 0.011933930218219757 -0.024299999698996544 -0.013980509713292122 0.01418336946517229 -0.024299999698996544 -0.03500000014901161 0.001999999862164259 -0.024299999698996544 -0.028991615399718285 0.001999999862164259 -0.024299999698996544 -0.028991615399718285 0.0015999997267499566 -0.024299999698996544 -0.02696456015110016 0.001999999862164259 -0.024299999698996544 -0.013980509713292122 0.009862862527370453 -0.024299999698996544 -0.020778708159923553 0.002374999923631549 -0.024299999698996544 -0.026181336492300034 0.002374999923631549 -0.024299999698996544 -0.02140926942229271 0.0016804696060717106 -0.024299999698996544 -0.026224179193377495 0.002327811671420932 -0.024299999698996544 -0.021452341228723526 0.0015999997267499566 -0.024299999698996544 -0.03550000116229057 0.0021339748054742813 -0.024299999698996544 -0.025860579684376717 0.011044600047171116 -0.024299999698996544 -0.028991615399718285 0.009225739166140556 -0.024299999698996544 -0.03563302010297775 0.005367654375731945 -0.024299999698996544 -0.035939689725637436 0.00495526846498251 -0.024299999698996544 -0.035999998450279236 0.004613248631358147 -0.024299999698996544 -0.035999998450279236 0.0029999997932463884 -0.024299999698996544 -0.028991615399718285 -0.0015999998431652784 -0.024299999698996544 -0.028991615399718285 -0.0020000003278255463 -0.024299999698996544 -0.03500000014901161 -0.0020000003278255463 -0.024299999698996544 -0.035999998450279236 -0.004613249562680721 -0.024299999698996544 -0.035999998450279236 -0.0030000002589076757 -0.024299999698996544 -0.03586602956056595 -0.002500000176951289 -0.024299999698996544 -0.03550000116229057 -0.0021339752711355686 -0.024299999698996544 -0.019833507016301155 -0.011937945149838924 -0.024299999698996544 -0.013980509713292122 -0.012891927734017372 -0.024299999698996544 -0.01929539069533348 -0.011832229793071747 -0.024299999698996544 -0.018868179991841316 -0.011408929713070393 -0.024299999698996544 -0.03576603904366493 -0.0052560362964868546 -0.024299999698996544 -0.03550000116229057 -0.005479274317622185 -0.024299999698996544 -0.028991615399718285 -0.00923045352101326 -0.024299999698996544 -0.02574468031525612 -0.011101859621703625 -0.024299999698996544 -0.02696456015110016 -0.0020000003278255463 -0.024299999698996544 -0.021452341228723526 -0.0015999998431652784 -0.024299999698996544 -0.026690250262618065 -0.0020383603405207396 -0.024299999698996544 -0.01876102015376091 -0.010817140340805054 -0.024299999698996544 -0.013980509713292122 -0.009714813902974129 -0.024299999698996544 -0.01901266910135746 -0.01027091033756733 -0.024299999698996544 -0.02140926942229271 -0.0016804703045636415 -0.024299999698996544 -0.026224179193377495 -0.002327812137082219 -0.024299999698996544 -0.026436980813741684 -0.0021504992619156837 -0.024299999698996544 -0.01032113004475832 0.013102279976010323 -0.024299999698996544 -0.011348409578204155 0.012561479583382607 -0.024299999698996544 -0.012257580645382404 0.01176057942211628 -0.024299999698996544 -0.009246084839105606 0.013396036811172962 -0.024299999698996544 -0.0055250003933906555 0.01418336946517229 -0.024299999698996544 -0.005864569917321205 0.01384591031819582 -0.024299999698996544 -0.0026869408320635557 0.01418336946517229 -0.024299999698996544 -0.004975446034222841 0.013693350367248058 -0.024299999698996544 -0.0055250003933906555 0.013787645846605301 -0.024299999698996544 -0.0041738818399608135 0.012170719914138317 -0.024299999698996544 -0.00433462206274271 0.01305839978158474 -0.024299999698996544 -0.0055250003933906555 0.002374999923631549 -0.024299999698996544 -0.0055250003933906555 0.010278962552547455 -0.024299999698996544 -0.004551365040242672 0.011351370252668858 -0.024299999698996544 -0.01065011229366064 0.002374999923631549 -0.024299999698996544 -0.009941483847796917 0.004708173684775829 -0.024299999698996544 -0.00814418401569128 0.007394069340080023 -0.024299999698996544 -0.0055250003933906555 0.0015999997267499566 -0.024299999698996544 -0.0055250003933906555 -0.0015999998431652784 -0.024299999698996544 -0.010880669578909874 0.0016158836660906672 -0.024299999698996544 -0.010880669578909874 0.0015999997267499566 -0.024299999698996544 -0.00860000029206276 0.001039230264723301 -0.024299999698996544 -0.009039229713380337 0.0005999999702908099 -0.024299999698996544 -0.009199999272823334 1.9993370847792846E-10 -0.024299999698996544 -0.010880669578909874 -0.0015999998431652784 -0.024299999698996544 -0.009039229713380337 -0.0005999995628371835 -0.024299999698996544 -0.00860000029206276 -0.0010392299154773355 -0.024299999698996544 -0.010880669578909874 -0.0016158843645825982 -0.024299999698996544 -0.009941483847796917 -0.004708174616098404 -0.024299999698996544 -0.003821281250566244 -0.0015999998431652784 -0.024299999698996544 -0.0036806077696383 -0.0021249998826533556 -0.024299999698996544 -0.0041738818399608135 -0.012170719914138317 -0.024299999698996544 -0.0026869408320635557 -0.0031186670530587435 -0.024299999698996544 -0.004551365040242672 -0.011351370252668858 -0.024299999698996544 -0.0055250003933906555 -0.010278962552547455 -0.024299999698996544 -0.00814418401569128 -0.007394070271402597 -0.024299999698996544 -0.0055250003933906555 -0.013787645846605301 -0.024299999698996544 -0.004975446034222841 -0.013693350367248058 -0.024299999698996544 -0.0026869408320635557 -0.014183375984430313 -0.024299999698996544 -0.00433462206274271 -0.01305839978158474 -0.024299999698996544 -0.004304477479308844 -0.012891927734017372 -0.024299999698996544 -0.013980509713292122 -0.014183375984430313 -0.024299999698996544 -0.01032113004475832 -0.013102279976010323 -0.024299999698996544 -0.0055250003933906555 -0.014183375984430313 -0.024299999698996544 -0.005864569917321205 -0.01384591031819582 -0.024299999698996544 -0.011348409578204155 -0.012561479583382607 -0.024299999698996544 -0.01072070561349392 -0.012891927734017372 -0.024299999698996544 -0.021983230486512184 0.0006081368774175644 -0.024299999698996544 -0.021983230486512184 -0.0006081375759094954 -0.024299999698996544 0.0055250003933906555 0.01418336946517229 -0.024299999698996544 -0.0005999993300065398 0.009039230644702911 -0.024299999698996544 -0.0010392297990620136 0.00860000029206276 -0.024299999698996544 -0.0011999993585050106 0.00800000037997961 -0.024299999698996544 -0.0010392297990620136 0.007400000002235174 -0.024299999698996544 0.0055250003933906555 -0.012891927734017372 -0.024299999698996544 0.0055250003933906555 0.0015999997267499566 -0.024299999698996544 0.0055250003933906555 -0.0015999998431652784 -0.024299999698996544 -0.001039230148307979 -0.008599999360740185 -0.024299999698996544 -0.0011999995913356543 -0.007999999448657036 -0.024299999698996544 -0.001039230148307979 -0.0074000004678964615 -0.024299999698996544 -0.0005999997956678271 -0.0069607701152563095 -0.024299999698996544 -0.0021249998826533556 -0.0036806077696383 -0.024299999698996544 -0.004249999765306711 -3.469446951953614E-18 -0.024299999698996544 -0.003430608194321394 0.002374999923631549 -0.024299999698996544 -0.0036806077696383 0.0021250001154839993 -0.024299999698996544 -0.003821281250566244 0.0015999997267499566 -0.024299999698996544 0.025121469050645828 0.0015999997267499566 -0.024299999698996544 0.025121469050645828 -0.0015999998431652784 -0.024299999698996544 0.0074000004678964615 -0.0010392296826466918 -0.024299999698996544 0.007028654683381319 0.0015999997267499566 -0.024299999698996544 0.0074000004678964615 0.0010392304975539446 -0.024299999698996544 0.007028654683381319 0.0006678847712464631 -0.024299999698996544 0.0069607701152563095 0.0006000001449137926 -0.024299999698996544 0.0068000005558133125 3.854338237463395E-10 -0.024299999698996544 0.045084595680236816 0.016174476593732834 -0.024299999698996544 0.04161793738603592 0.01666676066815853 -0.024299999698996544 0.02738027088344097 0.018257200717926025 -0.024299999698996544 0.03193759173154831 0.016174476593732834 -0.024299999698996544 0.02945978008210659 0.017605040222406387 -0.024299999698996544 0.028455989435315132 0.018045799806714058 -0.024299999698996544 0.04119700938463211 0.016245830804109573 -0.024299999698996544 0.041177891194820404 0.016174476593732834 -0.024299999698996544 0.04104293882846832 0.015670830383896828 -0.024299999698996544 0.04119700938463211 0.015095829963684082 -0.024299999698996544 0.04161793738603592 0.014674900099635124 -0.024299999698996544 0.045084595680236816 0.002749999752268195 -0.024299999698996544 0.051457419991493225 0.002749999752268195 -0.024299999698996544 0.05560869351029396 0.002374999923631549 -0.024299999698996544 0.05206618085503578 0.002956646727398038 -0.024299999698996544 0.05242333933711052 0.0034911807160824537 -0.024299999698996544 0.007995115593075752 0.015265010297298431 -0.024299999698996544 0.0073980786837637424 0.01418336946517229 -0.024299999698996544 0.007028654683381319 0.01418336946517229 -0.024299999698996544 0.0072573088109493256 0.013928339816629887 -0.024299999698996544 0.007434417959302664 0.012411880306899548 -0.024299999698996544 0.008460387587547302 0.011281199753284454 -0.024299999698996544 0.007028654683381319 0.002374999923631549 -0.024299999698996544 0.02207661047577858 0.0034198728390038013 -0.024299999698996544 0.02286650985479355 0.0030515368562191725 -0.024299999698996544 0.023708369582891464 0.00282596074976027 -0.024299999698996544 0.024576609954237938 0.002749999752268195 -0.024299999698996544 0.02628432959318161 0.018229080364108086 -0.024299999698996544 0.025121469050645828 0.018070535734295845 -0.024299999698996544 0.01121458224952221 0.016174476593732834 -0.024299999698996544 0.024576609954237938 -0.0027500002179294825 -0.024299999698996544 0.023708369582891464 -0.0028259612154215574 -0.024299999698996544 0.02286650985479355 -0.00305153732188046 -0.024299999698996544 0.02207661047577858 -0.0034198733046650887 -0.024299999698996544 0.05238128826022148 -0.004132683388888836 -0.024299999698996544 0.05242333933711052 -0.003491181181743741 -0.024299999698996544 0.05206618085503578 -0.0029566471930593252 -0.024299999698996544 0.051457419991493225 -0.0027500002179294825 -0.024299999698996544 0.045084595680236816 -0.0015999998431652784 -0.024299999698996544 0.045084595680236816 -0.0027500002179294825 -0.024299999698996544 0.025121469050645828 -0.0027500002179294825 -0.024299999698996544 0.051957421004772186 -0.004616025369614363 -0.024299999698996544 0.05560869351029396 -0.008858813904225826 -0.024299999698996544 0.048623137176036835 -0.012891927734017372 -0.024299999698996544 0.04161792993545532 -0.01467491127550602 -0.024299999698996544 0.04119700565934181 -0.015095837414264679 -0.024299999698996544 0.035386279225349426 -0.014183375984430313 -0.024299999698996544 0.045084595680236816 -0.014183375984430313 -0.024299999698996544 0.029574142768979073 -0.01753901317715645 -0.024299999698996544 0.041042935103178024 -0.015670834109187126 -0.024299999698996544 0.04119700565934181 -0.016245828941464424 -0.024299999698996544 0.04161792993545532 -0.016666755080223083 -0.024299999698996544 0.045084595680236816 -0.01753901317715645 -0.024299999698996544 0.045084595680236816 -0.00858405139297247 -0.024299999698996544 0.045084595680236816 -0.012891927734017372 -0.024299999698996544 0.03762313351035118 -0.012891927734017372 -0.024299999698996544 0.021222947165369987 -0.01753901317715645 -0.024299999698996544 0.025121469050645828 -0.018070535734295845 -0.024299999698996544 0.02628432959318161 -0.018229080364108086 -0.024299999698996544 0.02738027088344097 -0.018257200717926025 -0.024299999698996544 0.028455989435315132 -0.018045799806714058 -0.024299999698996544 0.007028654683381319 -0.01753901317715645 -0.024299999698996544 0.007028654683381319 -0.014183375984430313 -0.024299999698996544 0.007398081943392754 -0.014183375984430313 -0.024299999698996544 0.007995115593075752 -0.015265010297298431 -0.024299999698996544 0.009372662752866745 -0.01592334918677807 -0.024299999698996544 0.008460387587547302 -0.011281199753284454 -0.024299999698996544 0.007434417959302664 -0.012411880306899548 -0.024299999698996544 0.007028654683381319 -0.012891927734017372 -0.024299999698996544 0.007378352805972099 -0.012891927734017372 -0.024299999698996544 0.0072573088109493256 -0.013928339816629887 -0.024299999698996544 0.05560869351029396 0.008858813904225826 -0.024299999698996544 0.06502921134233475 0.0034198728390038013 -0.024299999698996544 0.06581910699605942 0.0030515368562191725 -0.024299999698996544 0.11349999904632568 0.0028839746955782175 -0.024299999698996544 0.11386600136756897 0.0032499998342245817 -0.024299999698996544 0.1249070018529892 0.002374999923631549 -0.024299999698996544 0.11400000005960464 0.0037499996833503246 -0.024299999698996544 0.11400000005960464 0.004309919662773609 -0.024299999698996544 0.1125842034816742 0.005906266625970602 -0.024299999698996544 0.06666097044944763 0.00282596074976027 -0.024299999698996544 0.06752920895814896 0.002749999752268195 -0.024299999698996544 0.11299999803304672 0.002749999752268195 -0.024299999698996544 0.04682625085115433 0.014867350459098816 -0.024299999698996544 0.05238128826022148 0.004132682457566261 -0.024299999698996544 0.051957421004772186 0.004616024438291788 -0.024299999698996544 0.04727073013782501 0.013672740198671818 -0.024299999698996544 0.0468391478061676 0.01418336946517229 -0.024299999698996544 0.046833500266075134 0.014190049842000008 -0.024299999698996544 0.05706053227186203 0.01418336946517229 -0.024299999698996544 0.05560869351029396 0.01439687516540289 -0.024299999698996544 0.05560869351029396 0.016174476593732834 -0.024299999698996544 0.047916218638420105 0.0155281201004982 -0.024299999698996544 0.04725231975317001 0.015393899753689766 -0.024299999698996544 0.11237650364637375 -0.0060203056782484055 -0.024299999698996544 0.1125842034816742 -0.005906267557293177 -0.024299999698996544 0.06666097044944763 -0.0028259612154215574 -0.024299999698996544 0.06581910699605942 -0.00305153732188046 -0.024299999698996544 0.11275920271873474 -0.005746581591665745 -0.024299999698996544 0.11400000005960464 -0.004309920594096184 -0.024299999698996544 0.1249070018529892 -0.0015999998431652784 -0.024299999698996544 0.11400000005960464 -0.003750000149011612 -0.024299999698996544 0.11386600136756897 -0.003250000299885869 -0.024299999698996544 0.06752920895814896 -0.0027500002179294825 -0.024299999698996544 0.06502921134233475 -0.0034198733046650887 -0.024299999698996544 0.11349999904632568 -0.002883975161239505 -0.024299999698996544 0.11299999803304672 -0.0027500002179294825 -0.024299999698996544 0.05560869351029396 -0.01753901317715645 -0.024299999698996544 0.05560869351029396 -0.01439687516540289 -0.024299999698996544 0.05706048756837845 -0.014183375984430313 -0.024299999698996544 0.046833500266075134 -0.014190049842000008 -0.024299999698996544 0.046839140355587006 -0.014183375984430313 -0.024299999698996544 0.04682625085115433 -0.014867350459098816 -0.024299999698996544 0.04725231975317001 -0.015393899753689766 -0.024299999698996544 0.047916218638420105 -0.0155281201004982 -0.024299999698996544 0.02945978008210659 -0.017605040222406387 -0.024299999698996544 0.04727073013782501 -0.013672740198671818 -0.024299999698996544 -0.0055250003933906555 -0.01753901317715645 -0.024299999698996544 0.11214789748191833 -0.006082294508814812 -0.024299999698996544 0.06584234535694122 -0.012891927734017372 -0.024299999698996544 0.11237650364637375 0.006020304746925831 -0.024299999698996544 0.11214789748191833 0.006082293577492237 -0.024299999698996544 -0.013980509713292122 0.016174476593732834 -0.024299999698996544 -0.0055250003933906555 0.016174476593732834 -0.024299999698996544 -0.0026869408320635557 0.016174476593732834 -0.024299999698996544 0.0055250003933906555 0.016174476593732834 -0.024299999698996544 0.007028654683381319 0.016174476593732834 -0.024299999698996544 0.009372662752866745 0.01592334918677807 -0.024299999698996544 -0.0026869408320635557 -0.01753901317715645 -0.024299999698996544 0.0055250003933906555 -0.014183375984430313 -0.024299999698996544 0.0055250003933906555 -0.01753901317715645 -0.024299999698996544 0.1249070018529892 0.0015999997267499566 -0.024299999698996544 0.05560869351029396 0.0015999997267499566 -0.024299999698996544 0.059369046241045 0.0009959274902939796 -0.024299999698996544 0.05894811823964119 0.0005749982665292919 -0.024299999698996544 0.0587940476834774 -1.7649200989566793E-09 -0.024299999698996544 0.05894811823964119 -0.0005750018171966076 -0.024299999698996544 0.045084595680236816 0.0015999997267499566 -0.024299999698996544 0.04161792993545532 -0.016666755080223083 -0.022299999371170998 0.04119700565934181 -0.016245828941464424 -0.022299999371170998 0.041042935103178024 -0.015670834109187126 -0.022299999371170998 0.04119700565934181 -0.015095837414264679 -0.022299999371170998 0.04161792993545532 -0.01467491127550602 -0.022299999371170998 0.04161793738603592 0.014674900099635124 -0.022299999371170998 0.04119700938463211 0.015095829963684082 -0.022299999371170998 0.04104293882846832 0.015670830383896828 -0.022299999371170998 0.04119700938463211 0.016245830804109573 -0.022299999371170998 0.04161793738603592 0.01666676066815853 -0.022299999371170998 0.059369046241045 -0.0009959309827536345 -0.022299999371170998 0.05894811823964119 -0.0005750018171966076 -0.022299999371170998 0.0587940476834774 -1.7649200989566793E-09 -0.022299999371170998 0.05894811823964119 0.0005749982665292919 -0.022299999371170998 0.059369046241045 0.0009959274902939796 -0.022299999371170998 0.13344652950763702 -0.001826768391765654 -0.019269835203886032 0.13358068466186523 -0.0023626862093806267 -0.01919081062078476 0.14756125211715698 0.00028495705919340253 -0.010955640114843845 0.14756125211715698 -0.0002849577576853335 -0.010955640114843845 0.14729301631450653 -0.0007623175624758005 -0.011113638058304787 0.13344652950763702 0.0018267676932737231 -0.019269835203886032 0.13358068466186523 0.0023626857437193394 -0.01919081062078476 0.1339414417743683 0.0027316866908222437 -0.018978307023644447 0.1339414417743683 -0.002731687156483531 -0.018978307023644447 0.13441643118858337 -0.0028188421856611967 -0.018698519095778465 0.14684362709522247 -0.0009920744923874736 -0.011378349736332893 0.14729301631450653 0.0007623168639838696 -0.011113638058304787 0.14684362709522247 0.0009920737938955426 -0.011378349736332893 0.13441643118858337 0.0028188417199999094 -0.018698519095778465 0.15199999511241913 -0.003907406702637672 -0.0002999990538228303 0.1550000011920929 -0.003907406702637672 -0.0002999990538228303 0.1550000011920929 -0.003991283942013979 0.00595000060275197 0.1550000011920929 -0.003991283942013979 -0.00654999865218997 0.14756125211715698 0.00028495705919340253 0.010355640202760696 0.14756125211715698 -0.0002849577576853335 0.010355640202760696 0.14729301631450653 -0.0007623175624758005 0.010513637214899063 0.14684362709522247 -0.0009920744923874736 0.010778352618217468 0.13441643118858337 -0.0028188421856611967 0.01809852197766304 0.1339414417743683 -0.002731687156483531 0.018378309905529022 0.13358068466186523 -0.0023626862093806267 0.018590811640024185 0.13344652950763702 -0.001826768391765654 0.018669836223125458 0.13344652950763702 0.0018267676932737231 0.018669836223125458 0.13358068466186523 0.0023626857437193394 0.018590811640024185 0.1339414417743683 0.0027316866908222437 0.018378309905529022 0.13441643118858337 0.0028188417199999094 0.01809852197766304 0.14684362709522247 0.0009920737938955426 0.010778352618217468 0.14729301631450653 0.0007623168639838696 0.010513637214899063 0.1249070018529892 0.0015999998431652784 0.02369999885559082 0.1249070018529892 -0.0015999998431652784 0.02369999885559082 0.1249070018529892 -0.002375000389292836 0.02369999885559082 0.06502921134233475 -0.0034198733046650887 0.02369999885559082 0.06581910699605942 -0.00305153732188046 0.02369999885559082 0.06666097044944763 -0.0028259612154215574 0.02369999885559082 0.06752920895814896 -0.0027500002179294825 0.02369999885559082 0.08754702657461166 -0.0027500002179294825 0.02369999885559082 0.11299999803304672 -0.0027500002179294825 0.02369999885559082 0.11349999904632568 -0.002883975161239505 0.02369999885559082 0.11386600136756897 -0.003250000299885869 0.02369999885559082 0.11400000005960464 -0.003750000149011612 0.02369999885559082 0.11400000005960464 -0.004309920594096184 0.02369999885559082 0.11275920271873474 -0.005746581591665745 0.02369999885559082 0.1125842034816742 -0.005906267557293177 0.02369999885559082 0.11237650364637375 -0.0060203056782484055 0.02369999885559082 0.11214789748191833 -0.006082294508814812 0.02369999885559082 0.047916218638420105 -0.0155281201004982 0.02369999885559082 0.08754702657461166 -0.009700066410005093 0.02369999885559082 0.05706048756837845 -0.014183375984430313 0.02369999885559082 0.05560869351029396 -0.01439687516540289 0.02369999885559082 0.04725231975317001 -0.015393899753689766 0.02369999885559082 0.04682625085115433 -0.014867350459098816 0.02369999885559082 0.046833500266075134 -0.014190049842000008 0.02369999885559082 0.046839140355587006 -0.014183375984430313 0.02369999885559082 0.04727073013782501 -0.013672740198671818 0.02369999885559082 0.05560869351029396 -0.008858813904225826 0.02369999885559082 0.11214789748191833 0.006082293577492237 0.02369999885559082 0.11237650364637375 0.006020304746925831 0.02369999885559082 0.1125842034816742 0.005906266625970602 0.02369999885559082 0.11400000005960464 0.004309919662773609 0.02369999885559082 0.11400000005960464 0.0037499996833503246 0.02369999885559082 0.11386600136756897 0.0032499998342245817 0.02369999885559082 0.11349999904632568 0.0028839746955782175 0.02369999885559082 0.11299999803304672 0.002749999752268195 0.02369999885559082 0.08754702657461166 0.002749999752268195 0.02369999885559082 0.06752920895814896 0.002749999752268195 0.02369999885559082 0.06666097044944763 0.00282596074976027 0.02369999885559082 0.06581910699605942 0.0030515368562191725 0.02369999885559082 0.06502921134233475 0.0034198728390038013 0.02369999885559082 0.04727073013782501 0.013672740198671818 0.02369999885559082 0.0486266128718853 0.012889920733869076 0.02369999885559082 0.05560869351029396 0.008858813904225826 0.02369999885559082 0.046833500266075134 0.014190049842000008 0.02369999885559082 0.0468391478061676 0.01418336946517229 0.02369999885559082 0.04682625085115433 0.014867350459098816 0.02369999885559082 0.04725231975317001 0.015393899753689766 0.02369999885559082 0.047916218638420105 0.0155281201004982 0.02369999885559082 0.05560869351029396 0.01439687516540289 0.02369999885559082 0.08754702657461166 0.009700066410005093 0.02369999885559082 0.06585599482059479 0.012889920733869076 0.02369999885559082 0.05706053227186203 0.01418336946517229 0.02369999885559082 0.02207661047577858 -0.0034198733046650887 0.02369999885559082 0.02286650985479355 -0.00305153732188046 0.02369999885559082 0.023708369582891464 -0.0028259612154215574 0.02369999885559082 0.024576609954237938 -0.0027500002179294825 0.02369999885559082 0.051457419991493225 -0.0027500002179294825 0.02369999885559082 0.045084595680236816 -0.0027500002179294825 0.02369999885559082 0.04334292933344841 -0.0027500002179294825 0.02369999885559082 0.025121469050645828 -0.0027500002179294825 0.02369999885559082 0.05206618085503578 -0.0029566471930593252 0.02369999885559082 0.05242333933711052 -0.003491181181743741 0.02369999885559082 0.05238128826022148 -0.004132683388888836 0.02369999885559082 0.051957421004772186 -0.004616025369614363 0.02369999885559082 0.045084595680236816 -0.00858405139297247 0.02369999885559082 0.02945978008210659 -0.017605040222406387 0.02369999885559082 0.03193759545683861 -0.016174472868442535 0.02369999885559082 0.035386279225349426 -0.014183375984430313 0.02369999885559082 0.04334292933344841 -0.00958960223942995 0.02369999885559082 0.028455989435315132 -0.018045799806714058 0.02369999885559082 0.02738027088344097 -0.018257200717926025 0.02369999885559082 0.02628432959318161 -0.018229080364108086 0.02369999885559082 0.009372662752866745 -0.01592334918677807 0.02369999885559082 0.011214558966457844 -0.016174472868442535 0.02369999885559082 0.025121469050645828 -0.018070535734295845 0.02369999885559082 0.007995115593075752 -0.015265010297298431 0.02369999885559082 0.007398081943392754 -0.014183375984430313 0.02369999885559082 0.0072573088109493256 -0.013928339816629887 0.02369999885559082 0.007434417959302664 -0.012411880306899548 0.02369999885559082 0.008460387587547302 -0.011281199753284454 0.02369999885559082 0.02628432959318161 0.018229080364108086 0.02369999885559082 0.025121469050645828 0.018070535734295845 0.02369999885559082 0.021222969517111778 0.017539016902446747 0.02369999885559082 0.009372662752866745 0.01592334918677807 0.02369999885559082 0.02738027088344097 0.018257200717926025 0.02369999885559082 0.028455989435315132 0.018045799806714058 0.02369999885559082 0.02945978008210659 0.017605040222406387 0.02369999885559082 0.051957421004772186 0.004616024438291788 0.02369999885559082 0.029574137181043625 0.017539016902446747 0.02369999885559082 0.03538629040122032 0.01418336946517229 0.02369999885559082 0.045084595680236816 0.00858405139297247 0.02369999885559082 0.04334292933344841 0.00958960223942995 0.02369999885559082 0.037626609206199646 0.012889920733869076 0.02369999885559082 0.05238128826022148 0.004132682457566261 0.02369999885559082 0.05242333933711052 0.0034911807160824537 0.02369999885559082 0.05206618085503578 0.002956646727398038 0.02369999885559082 0.051457419991493225 0.002749999752268195 0.02369999885559082 0.024576609954237938 0.002749999752268195 0.02369999885559082 0.025121469050645828 0.002749999752268195 0.02369999885559082 0.045084595680236816 0.002749999752268195 0.02369999885559082 0.04334292933344841 0.002749999752268195 0.02369999885559082 0.023708369582891464 0.00282596074976027 0.02369999885559082 0.02286650985479355 0.0030515368562191725 0.02369999885559082 0.02207661047577858 0.0034198728390038013 0.02369999885559082 0.008460387587547302 0.011281199753284454 0.02369999885559082 0.007434417959302664 0.012411880306899548 0.02369999885559082 0.007378587033599615 0.012889920733869076 0.02369999885559082 0.0072573088109493256 0.013928339816629887 0.02369999885559082 0.0073980786837637424 0.01418336946517229 0.02369999885559082 0.007995115593075752 0.015265010297298431 0.02369999885559082 0.06051904708147049 -0.0009959309827536345 0.02070000022649765 0.06051904708147049 -0.0009959309827536345 0.02369999885559082 0.0609399750828743 -0.0005750018171966076 0.02070000022649765 0.0609399750828743 -0.0005750018171966076 0.02369999885559082 0.061094045639038086 -1.7649200989566793E-09 0.02070000022649765 0.061094045639038086 -1.7649200989566793E-09 0.02369999885559082 0.0609399750828743 0.0005749982665292919 0.02070000022649765 0.0609399750828743 0.0005749982665292919 0.02369999885559082 0.06051904708147049 0.0009959274902939796 0.02070000022649765 0.06051904708147049 0.0009959274902939796 0.02369999885559082 0.04276794195175171 0.014674900099635124 0.02070000022649765 0.04276794195175171 0.014674900099635124 0.02369999885559082 0.04318886995315552 0.015095829963684082 0.02070000022649765 0.04318886995315552 0.015095829963684082 0.02369999885559082 0.04334292933344841 0.01567087136209011 0.02369999885559082 0.043342940509319305 0.015670830383896828 0.02070000022649765 0.04318886995315552 0.016245830804109573 0.02070000022649765 0.04318886995315552 0.016245830804109573 0.02369999885559082 0.04276794195175171 0.01666676066815853 0.02070000022649765 0.04276794195175171 0.01666676066815853 0.02369999885559082 0.00860000029206276 -0.0010392296826466918 0.02369999885559082 0.009039230644702911 -0.0005999993882142007 0.02369999885559082 0.009199999272823334 3.854338237463395E-10 0.02369999885559082 0.009039230644702911 0.0006000001449137926 0.02369999885559082 0.00860000029206276 0.0010392304975539446 0.02369999885559082 0.04276792332530022 -0.016666755080223083 0.02070000022649765 0.04276792332530022 -0.016666755080223083 0.02369999885559082 0.043188851326704025 -0.016245828941464424 0.02070000022649765 0.043188851326704025 -0.016245828941464424 0.02369999885559082 0.04320796951651573 -0.016174472868442535 0.02369999885559082 0.043342918157577515 -0.015670834109187126 0.02070000022649765 0.043342918157577515 -0.015670834109187126 0.02369999885559082 0.043188851326704025 -0.015095837414264679 0.02070000022649765 0.043188851326704025 -0.015095837414264679 0.02369999885559082 0.04276792332530022 -0.01467491127550602 0.02070000022649765 0.04276792332530022 -0.01467491127550602 0.02369999885559082 -0.0074000004678964615 -0.0010392299154773355 0.02369999885559082 -0.0069607701152563095 -0.0005999995628371835 0.02369999885559082 -0.0068000005558133125 1.9993370847792846E-10 0.02369999885559082 -0.0069607701152563095 0.0005999999702908099 0.02369999885559082 -0.0074000004678964615 0.001039230264723301 0.02369999885559082 0.0005999999702908099 -0.009039229713380337 0.02369999885559082 0.0010392303811386228 -0.008599999360740185 0.02369999885559082 0.001199999824166298 -0.007999999448657036 0.02369999885559082 0.0010392303811386228 -0.0074000004678964615 0.02369999885559082 0.0005999999702908099 -0.0069607701152563095 0.02369999885559082 0.0006000006105750799 0.006960769183933735 0.02369999885559082 0.0010392310796305537 0.007400000002235174 0.02369999885559082 0.0012000005226582289 0.00800000037997961 0.02369999885559082 0.0010392310796305537 0.00860000029206276 0.02369999885559082 0.0006000006105750799 0.009039230644702911 0.02369999885559082 0.0021249998826533556 -0.0036806077696383 0.02369999885559082 0.002725000260397792 -0.0030806073918938637 0.02369999885559082 0.003430607495829463 -0.002375000389292836 0.02369999885559082 0.0036806080024689436 -0.0021249998826533556 0.02369999885559082 0.003821281250566244 -0.0015999998431652784 0.02369999885559082 0.004249999765306711 0 0.02369999885559082 0.003821281250566244 0.0015999998431652784 0.02369999885559082 0.0036806080024689436 0.0021250001154839993 0.02369999885559082 0.002725000260397792 0.0030806076247245073 0.02369999885559082 0.0021249998826533556 0.0036806080024689436 0.02369999885559082 -0.01032113004475832 0.013102279976010323 0.02369999885559082 -0.009246084839105606 0.013396036811172962 0.02369999885559082 -0.005864569917321205 0.01384591031819582 0.02369999885559082 -0.004975446034222841 0.013693350367248058 0.02369999885559082 -0.0055250003933906555 0.013787645846605301 0.02369999885559082 -0.00433462206274271 0.01305839978158474 0.02369999885559082 -0.0041738818399608135 0.012170719914138317 0.02369999885559082 -0.004304113797843456 0.012889920733869076 0.02369999885559082 -0.004551365040242672 0.011351370252668858 0.02369999885559082 -0.00814418401569128 0.007394069340080023 0.02369999885559082 -0.0055250003933906555 0.010278962552547455 0.02369999885559082 -0.009941483847796917 0.004708173684775829 0.02369999885559082 -0.010880669578909874 0.0016158836660906672 0.02369999885559082 -0.010880669578909874 0.0015999998431652784 0.02369999885559082 -0.010880669578909874 -0.0015999998431652784 0.02369999885559082 -0.010880669578909874 -0.0016158843645825982 0.02369999885559082 -0.01065011229366064 -0.002375000389292836 0.02369999885559082 -0.009941483847796917 -0.004708174616098404 0.02369999885559082 -0.00814418401569128 -0.007394070271402597 0.02369999885559082 -0.0055250003933906555 -0.010278962552547455 0.02369999885559082 -0.004551365040242672 -0.011351370252668858 0.02369999885559082 -0.0041738818399608135 -0.012170719914138317 0.02369999885559082 -0.00433462206274271 -0.01305839978158474 0.02369999885559082 -0.004975446034222841 -0.013693350367248058 0.02369999885559082 -0.005864569917321205 -0.01384591031819582 0.02369999885559082 -0.0055250003933906555 -0.013787645846605301 0.02369999885559082 -0.01032113004475832 -0.013102279976010323 0.02369999885559082 -0.011348409578204155 -0.012561479583382607 0.02369999885559082 -0.013980509713292122 -0.009714813902974129 0.02369999885559082 -0.02076708897948265 -0.002375000389292836 0.02369999885559082 -0.02140926942229271 -0.0016804703045636415 0.02369999885559082 -0.021983230486512184 -0.0006081375759094954 0.02369999885559082 -0.021452341228723526 -0.0015999998431652784 0.02369999885559082 -0.021983230486512184 0.0006081368774175644 0.02369999885559082 -0.02140926942229271 0.0016804696060717106 0.02369999885559082 -0.021452341228723526 0.0015999998431652784 0.02369999885559082 -0.012257580645382404 0.01176057942211628 0.02369999885559082 -0.013980509713292122 0.009862862527370453 0.02369999885559082 -0.011348409578204155 0.012561479583382607 0.02369999885559082 -0.010724518448114395 0.012889920733869076 0.02369999885559082 -0.03586602956056595 -0.002500000176951289 0.02369999885559082 -0.03574102744460106 -0.002375000389292836 0.02369999885559082 -0.03550000116229057 -0.0021339752711355686 0.02369999885559082 -0.03500000014901161 -0.0020000003278255463 0.02369999885559082 -0.02696456015110016 -0.0020000003278255463 0.02369999885559082 -0.026690250262618065 -0.0020383603405207396 0.02369999885559082 -0.026436980813741684 -0.0021504992619156837 0.02369999885559082 -0.026224179193377495 -0.002327812137082219 0.02369999885559082 -0.026181336492300034 -0.002375000389292836 0.02369999885559082 -0.01901266910135746 -0.01027091033756733 0.02369999885559082 -0.01876102015376091 -0.010817140340805054 0.02369999885559082 -0.018868179991841316 -0.011408929713070393 0.02369999885559082 -0.01929539069533348 -0.011832229793071747 0.02369999885559082 -0.019833507016301155 -0.011937945149838924 0.02369999885559082 -0.02574468031525612 -0.011101859621703625 0.02369999885559082 -0.03550000116229057 -0.005479274317622185 0.02369999885559082 -0.03576603904366493 -0.0052560362964868546 0.02369999885559082 -0.035999998450279236 -0.004613249562680721 0.02369999885559082 -0.035999998450279236 -0.0030000002589076757 0.02369999885559082 -0.01988814026117325 0.011933930218219757 0.02369999885559082 -0.01901266910135746 0.01027091033756733 0.02369999885559082 -0.026224179193377495 0.002327811671420932 0.02369999885559082 -0.02696456015110016 0.001999999862164259 0.02369999885559082 -0.03500000014901161 0.001999999862164259 0.02369999885559082 -0.03550000116229057 0.0021339748054742813 0.02369999885559082 -0.03586602956056595 0.002499999711290002 0.02369999885559082 -0.035999998450279236 0.0029999997932463884 0.02369999885559082 -0.035999998450279236 0.004613248631358147 0.02369999885559082 -0.035939689725637436 0.00495526846498251 0.02369999885559082 -0.03563302010297775 0.005367654375731945 0.02369999885559082 -0.025860579684376717 0.011044600047171116 0.02369999885559082 0.045084595680236816 0.01418336946517229 0.02369999885559082 0.08754702657461166 0.0015999998431652784 0.02369999885559082 0.04334292933344841 -0.014183375984430313 0.02369999885559082 0.0055250003933906555 0.01418336946517229 0.02369999885559082 0.002725000260397792 -0.014183375984430313 0.02369999885559082 -0.002686940599232912 0.012889920733869076 0.02369999885559082 -0.013980509713292122 -0.014183375984430313 0.02369999885559082 -0.03999999910593033 -0.007500000298023224 0.02369999885559082 -0.028424052521586418 -0.014183375984430313 0.02369999885559082 -0.03999999910593033 -0.002375000389292836 0.02369999885559082 -0.03999999910593033 -0.0015999998431652784 0.02369999885559082 -0.013980509713292122 0.01418336946517229 0.02369999885559082 -0.013980509713292122 0.012889920733869076 0.02369999885559082 -0.0055250003933906555 0.01418336946517229 0.02369999885559082 -0.03999999910593033 0.0015999998431652784 0.02369999885559082 -0.03999999910593033 0.007499999366700649 0.02369999885559082 -0.030664384365081787 0.012889920733869076 0.02369999885559082 -0.0055250003933906555 -0.014183375984430313 0.02369999885559082 -0.002686940599232912 -0.014183375984430313 0.02369999885559082 -0.0055250003933906555 -0.002375000389292836 0.02369999885559082 -0.0055250003933906555 0.0015999998431652784 0.02369999885559082 -0.0055250003933906555 -0.0015999998431652784 0.02369999885559082 -0.002686940599232912 0.01418336946517229 0.02369999885559082 0.0055250003933906555 -0.002375000389292836 0.02369999885559082 0.0055250003933906555 -0.0015999998431652784 0.02369999885559082 0.0055250003933906555 -0.014183375984430313 0.02369999885559082 0.002725000260397792 0.012889920733869076 0.02369999885559082 0.0055250003933906555 0.012889920733869076 0.02369999885559082 0.0055250003933906555 0.0015999998431652784 0.02369999885559082 0.04334292933344841 -0.016174472868442535 0.02369999885559082 0.025121469050645828 -0.02210754156112671 0.02369999885559082 0.04334292933344841 0.017539016902446747 0.02369999885559082 0.04334292933344841 0.01418336946517229 0.02369999885559082 0.025121469050645828 0.0015999998431652784 0.02369999885559082 0.04334292933344841 0.0015999998431652784 0.02369999885559082 0.045084595680236816 0.0015999998431652784 0.02369999885559082 0.05560869351029396 0.0015999998431652784 0.02369999885559082 0.04334292933344841 0.012889920733869076 0.02369999885559082 0.025121469050645828 0.02210754156112671 0.02369999885559082 0.0055250003933906555 0.017539016902446747 0.02369999885559082 0.025121469050645828 -0.002375000389292836 0.02369999885559082 0.0055250003933906555 -0.016174472868442535 0.02369999885559082 0.0055250003933906555 -0.019435763359069824 0.02369999885559082 0.04334292933344841 -0.002375000389292836 0.02369999885559082 0.045084595680236816 -0.002375000389292836 0.02369999885559082 0.05560869351029396 -0.002375000389292836 0.02369999885559082 0.08754702657461166 0.012889920733869076 0.02369999885559082 0.045084595680236816 0.017539016902446747 0.02369999885559082 0.05560869351029396 0.017539016902446747 0.02369999885559082 0.045084595680236816 0.012889920733869076 0.02369999885559082 0.045084595680236816 -0.014183375984430313 0.02369999885559082 0.045084595680236816 -0.016174472868442535 0.02369999885559082 0.05560869351029396 -0.016174472868442535 0.02369999885559082 0.08754702657461166 -0.002375000389292836 0.02369999885559082 -0.013980509713292122 0.01677638664841652 0.02369999885559082 -0.027009619399905205 0.014999999664723873 0.02369999885559082 0.0055250003933906555 0.019435763359069824 0.02369999885559082 0.002725000260397792 0.01905401237308979 0.02369999885559082 0.002725000260397792 0.017539016902446747 0.02369999885559082 -0.002686940599232912 0.018316149711608887 0.02369999885559082 -0.002686940599232912 0.017539016902446747 0.02369999885559082 -0.0055250003933906555 0.017929209396243095 0.02369999885559082 -0.0055250003933906555 0.017539016902446747 0.02369999885559082 -0.008386910893023014 0.017539016902446747 0.02369999885559082 -0.018395312130451202 -0.016174472868442535 0.02369999885559082 -0.013980509713292122 -0.01677638664841652 0.02369999885559082 -0.013980509713292122 -0.016174472868442535 0.02369999885559082 -0.0055250003933906555 -0.017929209396243095 0.02369999885559082 -0.0055250003933906555 -0.016174472868442535 0.02369999885559082 -0.002686940599232912 -0.018316149711608887 0.02369999885559082 -0.002686940599232912 -0.016174472868442535 0.02369999885559082 0.002725000260397792 -0.01905401237308979 0.02369999885559082 0.002725000260397792 -0.016174472868442535 0.02369999885559082 -0.027009619399905205 -0.014999999664723873 0.02369999885559082 -0.028424063697457314 0.01418336946517229 0.02369999885559082 0.08754702657461166 -0.0015999998431652784 0.02369999885559082 0.05560869351029396 -0.0015999998431652784 0.02369999885559082 0.045084595680236816 -0.0015999998431652784 0.02369999885559082 0.04334292933344841 -0.0015999998431652784 0.02369999885559082 0.025121469050645828 -0.0015999998431652784 0.02369999885559082 0.002725000260397792 0.01418336946517229 0.02369999885559082 </float_array>
          <technique_common>
            <accessor source="#mesh_1-position-array" count="1632" stride="3">
              <param name="X" type="float" />
              <param name="Y" type="float" />
              <param name="Z" type="float" />
            </accessor>
          </technique_common>
        </source>
        <source id="mesh_1-normal" name="normal">
          <float_array id="mesh_1-normal-array" count="2493">-0.25881898403167725 -0.9659258723258972 2.0516142510635039E-16 -0.7071071267127991 -0.7071064710617065 4.991978086731378E-16 -0.9659256935119629 -0.258819580078125 6.496530417808078E-16 -0.9659262299537659 0.2588176429271698 7.381243625720986E-16 -0.9659215211868286 0.258835107088089 6.271143950268773E-16 -0.7071067690849304 0.7071067690849304 4.44491974016482E-16 -0.258819580078125 0.9659256935119629 1.834165143984462E-16 -0.25881901383399963 -0.9659258127212524 2.0516143834124019E-16 -0.7071067690849304 -0.7071067690849304 4.99197596914901E-16 -0.9659265875816345 -0.258816123008728 6.496554770005312E-16 -0.9659254550933838 -0.25882038474082947 7.051636106769144E-16 -0.9659256339073181 0.2588197588920593 6.826146936484985E-16 -0.2588196396827698 0.9659256935119629 1.5566092554792748E-16 -0.258818656206131 -0.965925931930542 2.0516137216679118E-16 -0.7071079015731812 -0.7071056962013245 4.991983910082891E-16 -0.7071080803871155 -0.7071055173873901 4.991984968874075E-16 -0.9659255743026733 -0.25881990790367126 6.49652830022571E-16 -0.9659255743026733 0.25881990790367126 7.381259507588747E-16 -0.7071077227592468 0.7071058750152588 5.000024899730294E-16 -0.7071074843406677 0.7071060538291931 1.9599524225810683E-09 -0.7071080207824707 0.7071055769920349 1.9599510903134387E-09 -0.7071080207824707 0.7071055173873901 4.444910740439756E-16 -0.258818656206131 0.965925931930542 1.834166864520136E-16 0.258819043636322 -0.9659258127212524 -1.834166202775646E-16 0.7071067690849304 -0.7071067690849304 -4.44491974016482E-16 0.9659258127212524 -0.25881919264793396 -6.82614323071584E-16 0.9659257531166077 -0.25881925225257874 1.0043512688184819E-08 0.9659258723258972 -0.25881898403167725 1.0043502030043783E-08 0.9659258723258972 -0.25881895422935486 -7.381253154841642E-16 0.9659258723258972 0.25881895422935486 -7.051646165285393E-16 0.9659257531166077 0.25881925225257874 -7.051644577098616E-16 0.7071071267127991 0.7071064710617065 -4.991978086731378E-16 0.7071067690849304 0.7071067690849304 5.487873266929455E-08 0.7071066498756409 0.70710688829422 -5.547086422670404E-16 0.7071067690849304 0.7071067690849304 -4.99197596914901E-16 0.2588191330432892 0.9659258127212524 -2.051614648110198E-16 0.2588191330432892 -0.9659258127212524 -1.83416593807785E-16 0.7071067094802856 -0.70710688829422 -4.444920269560412E-16 0.9659258127212524 -0.2588191330432892 -6.826142701320248E-16 0.9659258127212524 0.2588191330432892 -6.49653359418163E-16 0.7071070671081543 0.7071064710617065 -4.991978086731378E-16 0.2588184177875519 0.9659259915351868 -1.7740575684649287E-16 0.2588191628456116 -0.9659258127212524 -1.83416593807785E-16 0.9659258127212524 -0.2588191628456116 -6.826142701320248E-16 0.9659258723258972 0.25881898403167725 -6.496534652972814E-16 0.2588191628456116 0.9659258127212524 -1.7740588919539088E-16 0.25881898403167725 -0.9659258723258972 -1.556610578968255E-16 0.7071074843406677 -0.7071060538291931 -5.00002648791707E-16 0.9659257531166077 0.25881922245025635 -6.496533064786038E-16 0.7071075439453125 0.7071060538291931 -4.991981263104931E-16 0.25881898403167725 0.9659258723258972 -1.7740584949072147E-16 0.2588178217411041 -0.9659261703491211 -1.8341684527069122E-16 0.7071083188056946 -0.7071052193641663 -5.000020135169966E-16 0.9659255743026733 -0.2588200867176056 -6.826149583462945E-16 0.9659262895584106 0.2588173449039459 -5.941434787363261E-16 0.9659253358840942 0.25882086157798767 6.341629728012776E-07 0.9659186601638794 0.258845716714859 -7.051457171059036E-16 0.7071083188056946 0.7071052193641663 -4.991987086456443E-16 0.2588192820549011 0.9659257531166077 -2.051614912807994E-16 0.9659257531166077 0.25881919264793396 -6.496533064786038E-16 0.7071067094802856 0.7071068286895752 -5.547086952065996E-16 0.25881773233413696 -0.9659261703491211 -1.8341685850558102E-16 0.9659259915351868 -0.25881850719451904 -7.38124997846809E-16 0.9659259915351868 0.25881850719451904 -6.496537829346366E-16 0.7071083188056946 0.7071052193641663 -5.547098598769021E-16 0.25881919264793396 0.9659258127212524 -1.7740590243028068E-16 0.25881966948509216 -0.9659256339073181 -2.111720767791853E-16 0.7071077823638916 -0.7071057558059692 -5.00002384093911E-16 0.965925931930542 -0.258818656206131 -6.271028012634118E-16 0.965925931930542 0.258818656206131 -6.496536770555182E-16 0.7071077823638916 0.707105815410614 -4.991982851291707E-16 0.25881966948509216 0.9659256339073181 -2.051615574552484E-16 -0.2588180899620056 -0.9659261107444763 2.0516126628767278E-16 -0.7071077823638916 -0.7071057558059692 4.991983380687299E-16 -0.965925931930542 -0.258818656206131 6.496536770555182E-16 -0.965925931930542 0.258818656206131 7.381251037259274E-16 -0.7071077823638916 0.707105815410614 5.000024370334702E-16 -0.2588180899620056 0.9659261107444763 1.8341679233113201E-16 -0.25881773233413696 -0.9659261703491211 2.0516120011322377E-16 -0.7071083188056946 -0.7071052193641663 5.547098598769021E-16 -0.9659295678138733 -0.25880497694015503 6.496633649948525E-16 -0.9659259915351868 -0.25881850719451904 5.17149715051346E-07 -0.9659254550933838 -0.25882041454315186 5.941413082143987E-16 -0.9659259915351868 0.25881850719451904 7.38124997846809E-16 -0.7071083188056946 0.7071052193641663 5.000020135169966E-16 -0.25881919264793396 0.9659258127212524 1.5566100495726629E-16 -0.25881898403167725 -0.9659258723258972 1.7740584949072147E-16 -0.9659261703491211 -0.25881779193878174 7.051654635614865E-16 -0.9659261703491211 0.2588178217411041 7.38124468451217E-16 -0.7071067094802856 0.7071068286895752 5.000031781872991E-16 -0.25881898403167725 0.9659258723258972 1.556610578968255E-16 -0.2588194012641907 -0.9659257531166077 1.7740594213495008E-16 -0.7071052193641663 -0.7071083188056946 5.547076364154156E-16 -0.9659271240234375 -0.2588142454624176 6.496568004895112E-16 -0.9659268856048584 0.2588150203227997 6.271002072250108E-16 -0.7071052193641663 0.7071083188056946 5.000042369784831E-16 -0.25882086157798767 0.9659253358840942 1.8341627617042978E-16 -0.7071067094802856 -0.7071068286895752 5.547086952065996E-16 -0.9659258127212524 -0.25881919264793396 6.496533064786038E-16 -0.9659257531166077 0.25881922245025635 6.82614323071584E-16 -0.2588191628456116 -0.9659258127212524 1.7740588919539088E-16 -0.9659258127212524 -0.2588191628456116 6.49653359418163E-16 -0.9659258723258972 0.25881898403167725 7.381253154841642E-16 -0.2588191628456116 0.9659258127212524 1.83416593807785E-16 -0.2588191032409668 -0.9659258127212524 2.051614648110198E-16 -0.7071067094802856 -0.70710688829422 4.991975439753418E-16 -0.9659258723258972 -0.25881898403167725 6.496534652972814E-16 -0.7071070671081543 0.7071064710617065 4.444917622582452E-16 -0.2588184177875519 0.9659259915351868 1.834167393915728E-16 -0.258819043636322 -0.9659258127212524 1.7740586272561127E-16 -0.7071067094802856 -0.7071068286895752 4.991975439753418E-16 -0.7071067094802856 -0.7071068286895752 -8.819488250821905E-09 -0.9659258723258972 -0.2588188350200653 7.051647224076577E-16 -0.9659258723258972 -0.25881877541542053 1.0043491371902746E-08 -0.9659258723258972 -0.25881895422935486 1.0043497589151684E-08 -0.9659258723258972 -0.25881898403167725 7.051646165285393E-16 -0.9659258723258972 0.25881895422935486 6.826141642529064E-16 -0.9659258723258972 0.2588188350200653 7.936363608363037E-16 -0.2588191330432892 0.9659258127212524 1.83416593807785E-16 7.216449660063518E-16 -9.860761315262648E-32 1 8.881784197001252E-16 5.51917106223021E-17 1 9.992007221626409E-16 6.503705316266914E-16 1 1.1657341758564144E-15 5.3342074553884935E-16 1 -1.4988010832439613E-15 -6.56089592207434E-16 1 2.220446049250313E-16 5.457617508825485E-16 1 1.1657341758564144E-15 3.1413536102741077E-15 1 2.220446049250313E-16 3.1619068647392333E-15 1 5.551115123125783E-16 -8.708587135111429E-16 1 5.551115123125783E-16 -7.114606653650397E-16 1 -3.885780586188048E-16 5.461323807365314E-16 1 7.216449660063518E-16 -1.4197769326716346E-15 1 7.216449660063518E-16 1.132527350302141E-14 1 8.881784197001252E-16 9.066482510476911E-17 1 8.881784197001252E-16 -1.0047316884895339E-16 1 7.216449660063518E-16 -2.200821619351411E-16 1 8.881784197001252E-16 9.176247392529227E-17 1 1.4988010832439613E-15 9.657375209110573E-16 1 7.216449660063518E-16 2.5405157125182756E-16 1 8.881784197001252E-16 -3.2021953516006736E-16 1 8.881784197001252E-16 -4.351899111292945E-16 1 8.881784197001252E-16 -3.080263370656641E-16 1 1.6653345369377348E-15 -2.462976463642045E-16 1 9.992007221626409E-16 -4.52980249999595E-16 1 7.216449660063518E-16 1.4197769326716346E-15 1 7.216449660063518E-16 -1.1325411569391812E-14 1 3.219646771412954E-15 1.9340241874768764E-15 1 1.1657341758564144E-15 -5.331778588412242E-16 1 2.220446049250313E-16 -3.167099176705902E-15 1 1.1657341758564144E-15 -1.2568822266401472E-15 1 1.1657341758564144E-15 -3.15657394530332E-15 1 3.885780586188048E-16 -6.266193042692072E-16 1 1.1102230246251565E-16 1.5963736671743812E-15 1 -5.551115123125783E-16 -9.860761315262648E-31 1 3.885780586188048E-16 5.454466546261699E-16 1 -1.1102230246251565E-16 -1.3688973575959633E-15 1 5.551115123125783E-16 3.3394221005941587E-16 1 1.7763568394002505E-15 -5.969924740544159E-16 1 7.216449660063518E-16 7.709723532061796E-15 1 5.551115123125783E-16 -1.234589378259598E-15 1 7.216449660063518E-16 -1.2603005339779103E-15 1 7.216449660063518E-16 8.050958828145969E-18 1 -8.881784197001252E-16 1.0974836490984519E-15 1 7.216449660063518E-16 8.505275404968756E-16 1 -1.5654144647214707E-14 -6.953986760477879E-15 1 1.3322676295501878E-15 3.944304526105059E-31 1 1.6653345369377348E-15 2.3755999858746395E-16 1 0.10827421396970749 0.992073118686676 0.06377826631069183 0.1082741841673851 0.992073118686676 0.06377831101417542 0.10826977342367172 0.992073118686676 0.06378578394651413 0.10827412456274033 -0.992073118686676 0.06377846002578735 0.10827422142028809 -0.992073118686676 0.06377826631069183 0.10827401280403137 -0.992073118686676 0.0637785941362381 0.10826977342367172 -0.992073118686676 0.06378578394651413 -0.507536768913269 1.2062825589964632E-05 0.8616301417350769 -0.5075380802154541 -3.5888137465564464E-16 0.86162930727005 -0.507548451423645 -1.836006595112849E-05 0.861623227596283 -0.5075386762619019 -3.5888182464189787E-16 0.8616289496421814 -0.5075384378433228 -4.3741369637473326E-08 0.8616291284561157 -0.5075404644012451 3.401352387299994E-06 0.8616279363632202 -0.5075381994247437 -3.5888148053476304E-16 0.8616292476654053 -0.5075404644012451 -3.401352387299994E-06 0.8616279363632202 -0.5075349807739258 8.164171958924271E-06 0.8616311550140381 -0.5075397491455078 -4.353183612693101E-06 0.8616283535957336 -0.5075380802154541 7.403051540677552E-07 0.8616293668746948 -0.5075384378433228 4.374136608475965E-08 0.8616291284561157 -0.5075355172157288 5.62531113246223E-06 0.8616308569908142 -0.5075380802154541 2.79352889265283E-07 0.86162930727005 -0.5075380802154541 -7.684678280384105E-07 0.8616293668746948 -0.507539689540863 4.454283953236882E-06 0.8616283535957336 -0.5075397491455078 1.43781389851938E-05 0.8616283535957336 -0.5075380802154541 -2.763741520084295E-07 0.86162930727005 -0.5075355172157288 -5.62531113246223E-06 0.8616308569908142 -0.5075397491455078 1.4671824828837998E-05 -0.8616283535957336 -0.5075381994247437 -3.5888142759520384E-16 -0.8616292476654053 -0.5075449347496033 1.234001410921337E-05 -0.8616253137588501 -0.5075386166572571 -3.5888174523255906E-16 -0.8616290092468262 -0.507536768913269 1.1794249076046981E-05 -0.8616301417350769 -0.5075380802154541 6.314990628197847E-07 -0.8616293668746948 -0.5075422525405884 -6.5349754549970385E-06 -0.8616268634796143 -0.5075379610061646 -3.5888129524630583E-16 -0.8616293668746948 -0.5075422525405884 6.5349754549970385E-06 -0.8616268634796143 -0.5075361132621765 -5.670011887559667E-06 -0.8616304993629456 -0.5075390934944153 2.5449021450185683E-06 -0.8616287112236023 -0.5075381398200989 -4.6459896907435905E-07 -0.86162930727005 -0.507537841796875 7.406297868328693E-07 -0.8616294860839844 -0.507535994052887 4.565242306853179E-06 -0.8616305589675903 -0.5075380802154541 -6.314990628197847E-07 -0.8616293668746948 -0.507535994052887 -4.565242306853179E-06 -0.8616305589675903 -0.5075380802154541 -2.7803531565950834E-07 -0.86162930727005 -0.5075380206108093 8.492602887599787E-07 -0.8616293668746948 -0.5075391530990601 -2.4871396817616187E-06 -0.8616287112236023 0.108273945748806 -0.9920724630355835 -0.06378824263811111 0.10827390849590302 -0.992073118686676 -0.06377877295017242 0.10827410966157913 -0.992073118686676 -0.06377845257520676 0.10827424377202988 -0.992073118686676 -0.06377826631069183 0.1082741916179657 0.992073118686676 -0.06377831846475601 0.10827421396970749 0.992073118686676 -0.06377826631069183 0.10826977342367172 0.992073118686676 -0.06378578394651413 -7.216449660063518E-16 9.860761315262648E-32 -1 -0.5000000596046448 0.8660253882408142 3.348205038163798E-16 -0.5000000596046448 0.8660253882408142 1.8823396175093876E-08 -0.5000000596046448 0.8660253882408142 3.90331628577858E-16 -0.49999940395355225 0.8660257458686829 3.070651928985469E-16 -0.4999999701976776 0.866025447845459 -1.414679928757323E-07 -0.5000001788139343 0.8660252690315247 3.3482042440704097E-16 -1 -7.071023632140611E-16 7.216449660063518E-16 -0.5000001788139343 -0.8660253286361694 3.868245151295312E-16 -0.4999999701976776 -0.866025447845459 -1.22165261018381E-07 -0.5000000596046448 -0.8660253882408142 3.8682446218997197E-16 -0.5000000596046448 -0.8660253882408142 -3.634471923419369E-08 -0.5000000596046448 -0.8660253882408142 -4.370464168346189E-08 -0.5000001192092896 -0.8660253286361694 3.3131333742849375E-16 -0.499999463558197 -0.8660256862640381 3.5906867481610625E-16 -0.13509032130241394 -0.9908332824707031 9.040458084917012E-17 -0.13509005308151245 -0.9908333420753479 -2.552473290506896E-07 -0.13508997857570648 -0.9908333420753479 -2.3357073075658263E-07 -0.13509002327919006 -0.9908333420753479 6.32609982176291E-08 -0.13508999347686768 -0.9908333420753479 9.040455437939052E-17 -0.13509026169776917 -0.9908332824707031 9.040458084917012E-17 -0.1350899189710617 -0.9908333420753479 1.0428233556976008E-16 -0.1350899338722229 -0.9908333420753479 1.0484358270446137E-08 -0.1350899636745453 -0.9908333420753479 1.0484360934981396E-08 -0.1350899487733841 -0.9908333420753479 7.652675995413116E-17 -0.13509027659893036 -0.9908332824707031 1.0428236865698458E-16 -0.1350899338722229 -0.9908333420753479 -3.1882498774393753E-07 -0.13509008288383484 -0.9908333420753479 9.040456099683542E-17 -0.13508930802345276 -0.9908334016799927 9.040448820494152E-17 -0.13509014248847961 -0.9908333420753479 2.411585739992006E-07 0.14549410343170166 -0.9893591403961182 -1.3755442296314868E-07 0.1454939991235733 -0.9893591403961182 -1.1215448836310316E-07 0.1454939991235733 -0.9893591403961182 -8.785487892737365E-08 0.1454940289258957 -0.9893591403961182 -1.2440152374892932E-07 0.1454939842224121 -0.9893591403961182 1.0223099877748609E-07 0.1454939842224121 -0.9893591403961182 1.0840152242508339E-07 0.1454939842224121 -0.9893591403961182 1.0662440530495587E-07 0.1454940140247345 -0.9893591403961182 1.9990798705293855E-07 0.1454940289258957 -0.9893591403961182 -3.119264846418446E-09 0.1454940289258957 -0.9893591403961182 -1.0284204868718275E-16 0.1454942375421524 -0.9893590807914734 2.1938392436027243E-08 0.1454940289258957 -0.9893591403961182 -3.148211931147671E-07 0.1454939991235733 -0.9893591403961182 -2.531506915204318E-08 0.14549395442008972 -0.9893591403961182 2.075760363595691E-08 0.1454940140247345 -0.9893591403961182 -2.471680602411652E-07 0.1454940289258957 -0.9893591403961182 -2.0021525415359065E-07 0.14549395442008972 -0.9893591403961182 -9.268582346066978E-08 0.14549390971660614 -0.9893591403961182 8.542134111166888E-08 0.14549408853054047 -0.9893591403961182 1.3586891611794272E-07 0.1454940140247345 -0.9893591403961182 -1.167198431124421E-16 0.1454939991235733 -0.9893591403961182 7.740284502233408E-08 0.14549362659454346 -0.9893592000007629 -2.441203150738147E-07 0.14549408853054047 -0.9893591403961182 -1.1706764269092673E-07 0.1454940140247345 -0.9893591403961182 -1.0284205530462765E-16 0.14549396932125092 -0.9893591403961182 1.9640117443486815E-07 0.14549407362937927 -0.9893591403961182 3.0360729397216346E-07 0.14549404382705688 -0.9893591403961182 3.122475220607157E-07 1 7.071023632140611E-16 -7.216449660063518E-16 0.14549396932125092 0.9893591403961182 -9.144697400477475E-17 0.1454940289258957 0.9893591403961182 3.155065257942624E-07 0.14549408853054047 0.9893591403961182 2.9773681831102294E-07 0.14549404382705688 0.9893591403961182 1.2135829763337824E-07 0.14549396932125092 0.9893591403961182 1.0464849964364475E-07 0.14549390971660614 0.9893591403961182 -2.8481906610977603E-07 0.14549404382705688 0.9893591403961182 -4.678544840430732E-08 0.1454939991235733 0.9893591403961182 -3.4976682172782603E-07 0.1454940140247345 0.9893591403961182 -4.0336556139664026E-07 0.14549405872821808 0.9893591403961182 4.464999037168127E-08 0.1454940289258957 0.9893591403961182 -1.053247684300341E-16 0.14549404382705688 0.9893591403961182 -6.3903002889276195E-09 0.1454940140247345 0.9893591403961182 -2.082778678413888E-07 0.14549389481544495 0.9893591403961182 -3.4261404380231397E-07 0.14549404382705688 0.9893591403961182 1.2259461357189139E-07 0.1454939991235733 0.9893591403961182 -1.053247618125892E-16 0.1454940140247345 0.9893591403961182 6.185518941492774E-08 0.1454939842224121 0.9893591403961182 7.226768161672226E-08 0.14549362659454346 0.9893592000007629 -2.441203150738147E-07 0.14549410343170166 0.9893591403961182 -1.1538218558371227E-07 0.14549408853054047 0.9893591403961182 -1.3586897296136158E-07 0.1454939991235733 0.9893591403961182 -1.1095487195689202E-07 0.14549387991428375 0.9893591403961182 -5.168880079509108E-07 0.1454939842224121 0.9893591403961182 -3.684867522224522E-07 0.14549404382705688 0.9893591403961182 1.5942494258069928E-07 0.1454940140247345 0.9893591403961182 1.1322910609123937E-07 -0.13509005308151245 0.9908333420753479 1.0388446831256697E-16 -0.13509032130241394 0.9908332824707031 -3.261853862568387E-07 -0.13509000837802887 0.9908333420753479 -2.443761673021072E-07 -0.13508997857570648 0.9908333420753479 1.0388447493001187E-16 -0.13509026169776917 0.9908332824707031 1.0388444846023227E-16 -0.1350899338722229 0.9908333420753479 1.0388448154745677E-16 -0.1350899189710617 0.9908333420753479 1.0484358270446137E-08 -0.1350899487733841 0.9908333420753479 1.0484360046802976E-08 -0.1350899636745453 0.9908333420753479 1.0388448154745677E-16 -0.13509014248847961 0.9908333420753479 1.0388446169512207E-16 -0.13509005308151245 0.9908333420753479 2.1683516138182313E-07 -0.13508930802345276 0.9908334016799927 9.000675329664642E-17 -0.13509003818035126 0.9908333420753479 9.000668712219742E-17 -0.13509008288383484 0.9908333420753479 6.112572492611434E-08 -0.13509009778499603 0.9908333420753479 1.0388446831256697E-16 0.14728179574012756 -0.9890945553779602 -1.0265498013729265E-16 0.5023093223571777 -0.8646880388259888 -3.3387484447032956E-16 0.5023090243339539 -0.8646881580352783 -3.3387495034944796E-16 0.8024402856826782 -0.5967324376106262 -6.440007909237799E-16 0.9848070740699768 -0.17365208268165588 -6.779028611211596E-16 0.9659286141395569 0.2588087320327759 -6.496607180168923E-16 0.7071002125740051 0.7071133852005005 -4.991929382336911E-16 0.707103431224823 0.7071101665496826 2.676644896837388E-07 0.7071051001548767 0.7071084976196289 -4.991963793050393E-16 0.25881919264793396 0.9659258127212524 -1.7740588919539088E-16 -7.071023632140611E-16 1 5.9164567891575885E-31 -0.40485265851020813 0.9143819212913513 2.8574722650072826E-16 -0.7403749823570251 0.6721940636634827 5.863382818856145E-16 -0.7403801083564758 0.672188401222229 -1.6264503699403576E-07 -0.7403801679611206 0.672188401222229 5.308231072478572E-16 -0.8848748803138733 -0.4658287465572357 6.142968277712292E-16 0.9659286141395569 -0.2588087320327759 -6.826069115332956E-16 0.9396906495094299 0.3420255184173584 -6.463283315837163E-16 0.6427972912788391 0.766036331653595 -4.575278640142849E-16 0.4993568956851959 0.8663963675498962 -3.5880657105849024E-16 0.49935704469680786 0.8663963079452515 -3.5880662399804945E-16 0.1400476098060608 0.9901447892189026 -1.0476923393064349E-16 -0.19276976585388184 0.9812440276145935 1.3873712785244776E-16 -0.7038480639457703 0.710350513458252 5.022968375293453E-16 -0.9839978814125061 0.1781800389289856 6.811045927222216E-16 -0.9082484245300293 -0.4184313416481018 7.033232198407676E-16 -0.7403801083564758 -0.672188401222229 5.793999173772993E-16 -0.6401379108428955 -0.7682600021362305 4.559554532268257E-16 -0.4048559367656708 -0.9143804907798767 2.6936531813325447E-16 -0.13849426805973053 -0.9903632402420044 9.073696187162863E-17 7.071023632140611E-16 -1 -5.9164567891575885E-31 0.25881919264793396 -0.9659258127212524 -1.83416593807785E-16 0.707103431224823 -0.7071101665496826 -5.00005507527904E-16 0.46583205461502075 -0.8848731517791748 -3.4814795843649536E-16 0.6610136032104492 -0.7503739595413208 -4.750866452526298E-16 0.6610137224197388 -0.7503738403320312 -4.8569187782732115E-08 0.6610142588615417 -0.750373363494873 -4.195750969746779E-16 0.7403803467750549 -0.6721881628036499 -4.753117971979218E-16 0.7403803467750549 -0.6721881628036499 -5.863340996604374E-16 0.7403803467750549 -0.6721881628036499 5.472769970538138E-08 0.7403802275657654 -0.6721883416175842 -4.753119030770402E-16 0.881652295589447 -0.4718995988368988 -6.112412622931278E-16 0.881652295589447 -0.4718996286392212 1.83121162677935E-08 0.8816486597061157 -0.471906453371048 1.831237916860573E-08 0.8816488981246948 -0.471905916929245 -7.222680116786165E-16 0.8816503286361694 0.4719032645225525 -5.544903195248856E-16 0.8816521763801575 0.4718998670578003 -6.655150572071247E-16 0.734236478805542 0.6788938045501709 -5.191472874655487E-16 0.7342353463172913 0.6788949966430664 -4.081241379700858E-16 0.7342364192008972 0.6788938641548157 9.52639283013923E-08 0.734236478805542 0.6788938045501709 -4.636361891738501E-16 0.4658321440219879 0.88487309217453 -3.1798588280837817E-16 0.46583205461502075 0.8848731517791748 -2.0513034826308285E-08 0.4658319354057312 0.8848732113838196 -3.457413790146683E-16 0.1645864099264145 0.9863626956939697 -1.213213893030705E-16 -0.1691139191389084 0.9855965375900269 1.1405924645066734E-16 -0.16911199688911438 0.9855968356132507 1.2793727248649821E-16 -0.7038439512252808 0.7103546261787415 4.467885450342845E-16 -0.9839977025985718 0.1781812608242035 6.255943414634703E-16 -0.983997642993927 0.17818152904510498 1.4806779802256642E-08 -0.983997642993927 0.17818138003349304 3.8021070736249385E-08 -0.9839977622032166 0.17818094789981842 6.255941297052335E-16 -0.9082452058792114 -0.4184383451938629 5.92295993999246E-16 -0.740380048751831 -0.6721885204315186 4.683775090356653E-16 -0.7403801083564758 -0.672188401222229 5.238887661460415E-16 -0.8310918211936951 -0.5561352372169495 5.504401256084708E-16 -0.9568414688110352 -0.2906104624271393 6.826845209270877E-16 -0.9568415880203247 0.29061007499694824 6.495828439253041E-16 -0.9568414688110352 0.2906104624271393 1.0615971746119612E-07 -0.9568414092063904 0.29061058163642883 7.0509436573347635E-16 -0.8310918211936951 0.5561352372169495 5.597828990166857E-16 -0.740380048751831 0.6721885204315186 5.308232131269756E-16 -0.7403801083564758 0.672188401222229 5.308231072478572E-16 -0.9082452058792114 0.4184383451938629 5.734381818571683E-16 -0.983997642993927 -0.17818139493465424 7.62184333438857E-16 -0.983997642993927 -0.17818135023117065 9.412039148060103E-09 -0.9839977025985718 -0.1781812459230423 7.066732880867176E-16 -0.7038439512252808 -0.7103546261787415 4.969010258970986E-16 -0.1691139191389084 -0.9855965375900269 1.2186314628217842E-16 -0.16911199688911438 -0.9855968356132507 1.3574069586197646E-16 0.1318770945072174 -0.9912660717964172 -9.031268439183793E-17 0.2635873258113861 -0.9646355509757996 -1.825042334444737E-16 0.2588191330432892 0.9659258127212524 -1.7740588919539088E-16 0.7071066498756409 0.7071069478988647 -5.487869714215776E-08 0.7071067690849304 0.7071067690849304 -5.48787078002988E-08 0.70710688829422 0.7071067094802856 -4.991976498544602E-16 0.9659257531166077 0.25881925225257874 -5.94142155247346E-16 0.9659258723258972 0.25881895422935486 -6.496534652972814E-16 0.9659258723258972 -0.25881895422935486 -6.271030130216486E-16 0.9659258723258972 -0.25881898403167725 1.0043497589151684E-08 0.9659257531166077 -0.25881925225257874 1.0043507359114301E-08 0.7071071267127991 -0.7071064710617065 -4.444917622582452E-16 0.7071067690849304 -0.7071067690849304 -5.48787078002988E-08 0.7071066498756409 -0.70710688829422 1.6652942181694455E-14 0.258819043636322 -0.9659258127212524 -1.556610446619357E-16 0.2588191628456116 -0.9659258127212524 -1.5566101819215609E-16 0.7071074843406677 -0.7071060538291931 -4.444914975604492E-16 0.2588192820549011 0.9659257531166077 -1.7740591566517048E-16 0.9659253358840942 0.25882086157798767 -5.941409905770435E-16 0.7071066498756409 0.70710688829422 -4.991974910357826E-16 0.9659258127212524 -0.25881919264793396 -7.381254743028419E-16 0.7071070671081543 -0.7071064710617065 -4.444917622582452E-16 0.7071067094802856 -0.7071068286895752 -5.000031781872991E-16 0.9659254550933838 -0.25882041454315186 -6.826151701045313E-16 0.9659259915351868 -0.25881850719451904 5.17149715051346E-07 0.9659295678138733 -0.25880497694015503 -7.381154157865932E-16 0.965925931930542 -0.258818656206131 -6.826139524946696E-16 0.43119534850120544 -0.902258574962616 -3.3268582197062133E-16 0.875485360622406 -0.4832445979118347 -6.192634054574548E-16 0.8754853010177612 -0.48324474692344666 7.187704653688343E-08 0.8754849433898926 -0.4832454025745392 -6.192639877926061E-16 0.9932472109794617 0.11601710319519043 -6.951191234114585E-16 0.9932488799095154 0.11600274592638016 7.51781854546607E-08 0.9932489395141602 0.11600259691476822 -6.951293936859439E-16 0.7405662536621094 0.6719833612442017 -5.240337675986996E-16 0.49999985098838806 0.8660255074501038 -3.8682438278063317E-16 0.4226181209087372 0.9063078761100769 -2.7507355257414E-16 0.2588195502758026 0.9659256935119629 -2.051615442203586E-16 0.0871553122997284 0.9961947202682495 -6.57967649539954E-17 0.08715552091598511 0.9961947202682495 1.8146730340617978E-08 0.08715561032295227 0.9961947202682495 -6.57967848063301E-17 -0.3214401602745056 0.9469298720359802 2.2549552303126373E-16 -0.831473708152771 0.5555641055107117 6.148901743507809E-16 -0.9978584051132202 -0.06541059166193008 7.309035655154333E-16 -0.7518492937088013 -0.6593350172042847 5.884886867804564E-16 -0.49999991059303284 -0.866025447845459 3.5906883363478386E-16 -0.4999999403953552 -0.866025447845459 1.3359586148453673E-07 -0.4999999403953552 -0.866025447845459 1.2774994218034408E-07 -0.4999997913837433 -0.8660255074501038 -5.025218001719622E-07 -0.5 -0.8660253882408142 -2.1520304471778218E-07 -0.49999991059303284 -0.866025447845459 -4.810829636880953E-07 -0.4999995827674866 -0.8660256266593933 -2.9859253913855355E-07 -0.5000001192092896 -0.8660253286361694 3.868245151295312E-16 -0.4020443558692932 -0.9156202077865601 2.962442675880344E-16 -0.19283230602741241 -0.9812317490577698 1.2494953581862608E-16 0.02565019018948078 -0.9996709823608398 -1.819333133856896E-17 0.13508988916873932 -0.9908333420753479 -1.0388448816490167E-16 0.13509026169776917 -0.9908332824707031 -9.199103487844695E-07 0.1350899189710617 -0.9908333420753479 -2.875626705645118E-07 0.13508979976177216 -0.9908333420753479 1.8783748600981198E-07 0.13508987426757812 -0.9908333420753479 2.0670891842655692E-07 0.1350903958082199 -0.9908332824707031 -9.000664741752801E-17 0.49999985098838806 -0.8660255074501038 -3.625761588413475E-16 0.7405662536621094 -0.6719833612442017 -5.306781057951991E-16 0.9932499527931213 -0.11599363386631012 -6.926430343483973E-16 0.9932489395141602 -0.1160024031996727 -5.1871602124720084E-08 0.9932488799095154 -0.11600285023450851 1.8628071529747103E-08 0.9932488799095154 -0.11600290238857269 -6.926495988537386E-16 0.8754854202270508 0.48324450850486755 -6.019819745697766E-16 0.8754853010177612 0.48324474692344666 -2.700292789370451E-08 0.8754852414131165 0.48324480652809143 -5.464706115802819E-16 0.43119534850120544 0.902258574962616 -3.056924171888437E-16 0.13508987426757812 0.9908333420753479 -9.040454114450072E-17 0.1350903958082199 0.9908332824707031 3.489158473257703E-07 0.1350899189710617 0.9908333420753479 2.1685424655970564E-07 0.13508974015712738 0.9908333420753479 -3.081167392338102E-07 0.13508988916873932 0.9908333420753479 -6.435215738065381E-08 0.1350899040699005 0.9908333420753479 -9.040454114450072E-17 0.02565019018948078 0.9996709823608398 -1.650113818096718E-17 -0.19283230602741241 0.9812317490577698 1.387284325298486E-16 -0.4020443558692932 0.9156202077865601 3.143783959558017E-16 -0.49999839067459106 0.8660263419151306 3.070655899452409E-16 -0.5000001192092896 0.8660253286361694 -8.807309370695293E-08 -0.49999985098838806 0.8660255074501038 -2.2640961105935276E-07 -0.49999991059303284 0.866025447845459 -3.558569119377353E-07 -0.4999999403953552 0.866025447845459 3.348205302861594E-16 -0.49999991059303284 0.866025447845459 1.1804520028135812E-07 -0.4999997913837433 0.8660255074501038 8.031501863570156E-08 -0.4999999403953552 0.866025447845459 -3.1159189006757515E-07 -0.4999999403953552 0.866025447845459 -3.031103119610634E-07 -0.7518492937088013 0.6593350172042847 5.77245489075958E-16 -0.9978584051132202 0.06541059166193008 6.568752152660124E-16 -0.831473708152771 -0.5555641055107117 6.063551527368913E-16 -0.3214401602745056 -0.9469298720359802 2.1859368681879888E-16 0.08715561032295227 -0.9961947202682495 -5.910330546400001E-17 0.08715552091598511 -0.9961947202682495 1.8146730340617978E-08 0.0871553122997284 -0.9961947202682495 -6.604221922024194E-17 0.2588195502758026 -0.9659256935119629 -1.834165143984462E-16 0.4226181209087372 -0.9063078761100769 -3.0779353535406717E-16 -0.14549385011196136 -0.9893591403961182 1.053247485776994E-16 -0.14549382030963898 -0.9893591403961182 -6.142860087265944E-08 -0.1454939842224121 -0.9893591403961182 -1.0840147268709188E-07 -0.14549383521080017 -0.9893591403961182 1.4860224162305258E-08 -0.14549385011196136 -0.9893591403961182 1.1825178347635301E-07 -0.14549386501312256 -0.9893591403961182 1.053247485776994E-16 0.19816073775291443 -0.9801695346832275 -1.3797735253365045E-16 0.7773786187171936 -0.6290329694747925 -5.00307421834041E-16 0.9999427199363708 0.010702780447900295 -7.140768854413122E-16 0.763672947883606 0.6456032991409302 -4.87176240629672E-16 0.7637455463409424 0.6455174088478088 3.2807488992148137E-07 0.7637465000152588 0.6455162763595581 -5.427489076287241E-16 0.5000000596046448 0.8660253882408142 -3.8682448865975157E-16 0.5000001788139343 0.8660253286361694 3.964289874147653E-07 0.5000001192092896 0.8660253286361694 3.8959510106906237E-07 0.5000000596046448 0.8660253882408142 1.9373504756003967E-07 0.5000002980232239 0.8660252690315247 -3.868245680690904E-16 0.4226197600364685 0.9063071012496948 -2.7507410843951165E-16 0.25881847739219666 0.9659259915351868 -1.7740575684649287E-16 0.08715570718050003 0.9961947202682495 -5.885789090242287E-17 -0.25881919264793396 0.9659258127212524 1.83416593807785E-16 -0.7071288228034973 0.7070847153663635 5.554987122485919E-16 -0.9659141898155212 0.25886255502700806 7.381561263076206E-16 -0.7481485605239868 -0.6635313034057617 5.300103261954075E-16 -0.48128098249435425 -0.8765663504600525 3.5161523486652163E-16 -0.2617091238498688 -0.9651467800140381 1.77956738543792E-16 0.5000002384185791 -0.8660252690315247 -3.3482039793726137E-16 0.4999999403953552 -0.866025447845459 3.0280449436759227E-07 0.5000001192092896 -0.8660253286361694 2.3420051320499624E-07 0.5000001192092896 -0.8660253286361694 3.72456298691759E-07 0.5000000596046448 -0.8660253882408142 3.653990177099331E-07 0.5000001788139343 -0.8660253286361694 -3.348204508768206E-16 0.7637455463409424 -0.6455174088478088 -5.674749110898204E-16 0.7637823224067688 -0.6454738974571228 -1.286332553718239E-05 0.7637450695037842 -0.6455179452896118 -5.11964130435477E-16 0.9999427199363708 -0.010702780447900295 -7.292130465713913E-16 0.7773786187171936 0.6290329694747925 -5.544044515598577E-16 0.19816073775291443 0.9801695346832275 -1.2570061581482423E-16 -0.14549382030963898 0.9893591403961182 1.167198563473319E-16 -0.14549385011196136 0.9893591403961182 -6.85585206383621E-08 -0.14549387991428375 0.9893591403961182 1.0284206853951745E-16 -0.14549386501312256 0.9893591403961182 2.376656880187511E-07 -0.1454937905073166 0.9893591403961182 1.7100308014050825E-07 -0.14549383521080017 0.9893591403961182 3.011335536484694E-08 -0.1454940289258957 0.9893591403961182 -1.1835708590979266E-07 -0.2617091238498688 0.9651467800140381 1.8286574445938389E-16 -0.48128098249435425 0.8765663504600525 3.422741555242012E-16 -0.6740484833717346 0.7386870980262756 4.6682278006098E-16 -0.7568113803863525 0.6536333560943604 4.621914686031895E-16 -0.9659141898155212 -0.25886255502700806 7.051338057050829E-16 -0.7071288228034973 -0.7070847153663635 4.992131611453068E-16 -0.25881919264793396 -0.9659258127212524 1.7740588919539088E-16 0.08715570718050003 -0.9961947202682495 -5.216440825137033E-17 0.25881847739219666 -0.9659259915351868 -1.83416726156683E-16 0.4226197600364685 -0.9063071012496948 -2.8003740387306662E-16 0.8615943193435669 6.092353823949112E-16 0.5075975060462952 0.5075399279594421 -3.2032096441980684E-06 -0.8616282343864441 0.5075383186340332 3.5888153347432225E-16 -0.8616291880607605 0.5075358152389526 -7.120820100681158E-06 -0.8616306781768799 0.5075381398200989 3.5888142759520384E-16 -0.86162930727005 0.5075383186340332 3.7460490602825303E-06 -0.8616291880607605 0.507538378238678 6.170088084900271E-08 -0.8616291880607605 0.507538378238678 -6.170087374357536E-08 -0.8616291880607605 0.5075358152389526 5.537166089197854E-06 -0.8616306781768799 0.5075380206108093 3.5354830174583185E-07 -0.8616293668746948 0.5075380206108093 -8.177527632824422E-08 -0.8616293668746948 0.5075388550758362 3.2194939194596373E-06 -0.8616288900375366 0.5075358152389526 7.120820100681158E-06 -0.8616306781768799 0.5075388550758362 -3.2194939194596373E-06 -0.8616288900375366 0.5075380206108093 -9.086326002716305E-08 -0.8616293668746948 0.5075379014015198 -5.545467729461961E-07 -0.8616294264793396 0.5075358152389526 -5.537166089197854E-06 -0.8616306781768799 -0.7217181921005249 -0.5462526679039001 -0.4251245856285095 -0.721717894077301 -0.5462532639503479 -0.42512428760528564 -0.3473547101020813 -0.9151395559310913 -0.2046075463294983 -0.3473549485206604 -0.9151394367218018 -0.204607754945755 -0.10826677829027176 -0.992074191570282 -0.06377401947975159 0.1345517635345459 -0.9877318143844604 0.0792570561170578 0.1345517337322235 -0.9877318143844604 0.07925703376531601 0.5696964859962463 -0.7502226829528809 0.3355768918991089 0.8274161219596863 -0.27899467945098877 0.4873853921890259 0.827416181564331 -0.27899447083473206 0.48738545179367065 0.8616291284561157 6.092599992899407E-16 0.5075384378433228 0.8274161219596863 0.27899467945098877 0.48738542199134827 0.827416181564331 0.27899447083473206 0.48738542199134827 0.5696964859962463 0.7502226829528809 0.3355768918991089 0.1345517635345459 0.9877318143844604 0.0792570561170578 0.1345517337322235 0.9877318143844604 0.0792570412158966 -0.10826677829027176 0.992074191570282 -0.06377401947975159 -0.3473546802997589 0.9151395559310913 -0.20460759103298187 -0.3473549783229828 0.9151394367218018 -0.20460769534111023 -0.7217182517051697 0.5462526679039001 -0.42512446641921997 -0.7217178344726562 0.5462532639503479 -0.4251244068145752 -0.8616291284561157 -6.092599992899407E-16 -0.5075384378433228 -3.661287166778493E-07 -0.9999099373817444 -0.013419115915894508 6.982261990806649E-16 -0.9999099373817444 -0.013419161550700665 3.2466395794017444E-08 -0.9999099373817444 -0.013419142924249172 6.96491475604688E-16 -0.9999099373817444 -0.01341915037482977 -0.8616291284561157 -6.092599992899407E-16 0.5075384378433228 -0.7217175364494324 0.5462538003921509 0.4251241981983185 -0.7217180132865906 0.5462526679039001 0.4251248240470886 -0.3473548889160156 0.9151394367218018 0.20460785925388336 -0.3473539650440216 0.9151399731636047 0.2046070247888565 -0.10826680064201355 0.992074191570282 0.0637739896774292 0.1345517337322235 0.9877318143844604 -0.07925698906183243 0.5696967244148254 0.7502225041389465 -0.3355768620967865 0.8274157643318176 0.27899661660194397 -0.4873848855495453 0.8274162411689758 0.27899348735809326 -0.4873858690261841 0.8616289496421814 6.092598404712631E-16 -0.5075387358665466 0.8274154663085938 -0.27899661660194397 -0.48738542199134827 0.8274165391921997 -0.27899348735809326 -0.4873853623867035 0.5696967244148254 -0.7502225041389465 -0.3355768620967865 0.1345517337322235 -0.9877318143844604 -0.07925698906183243 -0.10826680064201355 -0.992074191570282 0.0637739896774292 -0.3473550081253052 -0.9151394367218018 0.20460763573646545 -0.34735381603240967 -0.9151399731636047 0.20460723340511322 -0.721717357635498 -0.5462538003921509 0.4251244366168976 -0.7217181921005249 -0.5462526679039001 0.4251245856285095 0.5075390338897705 1.642914298827236E-06 0.8616287708282471 0.5075380802154541 3.5888137465564464E-16 0.86162930727005 0.5075381994247437 -1.921333705467987E-06 0.8616292476654053 0.5075381994247437 3.5888145406498344E-16 0.8616292476654053 0.5075379610061646 4.832040758628864E-07 0.8616294264793396 0.5075382590293884 3.5888148053476304E-16 0.8616292476654053 0.5075352787971497 8.399902981182095E-06 0.8616309762001038 0.5075352787971497 -8.399902981182095E-06 0.8616309762001038 0.5075410604476929 1.1315482879581396E-05 0.8616275787353516 0.5075380802154541 -3.8816438063804526E-07 0.86162930727005 0.5075379014015198 2.9713200433434395E-07 0.8616294264793396 0.507535994052887 4.7257531150535215E-06 0.8616305589675903 0.5075379610061646 -4.832040758628864E-07 0.8616294264793396 0.507535994052887 -4.7257531150535215E-06 0.8616305589675903 0.5075380206108093 -6.836647914454375E-11 0.8616293668746948 0.5075380206108093 6.433137968997471E-07 0.8616293668746948 0.5075410604476929 -1.1315482879581396E-05 0.8616275787353516 0.8615943193435669 6.092353823949112E-16 -0.5075975060462952 0.4226197600364685 -0.9063071012496948 -3.3554855510432445E-16 0.08715570718050003 -0.9961947202682495 -6.604219936790724E-17 -0.7071288228034973 -0.7070847153663635 3.8819088515257077E-16 -0.7568113803863525 0.6536333560943604 5.177026198344473E-16 -0.6740484833717346 0.7386870980262756 5.223339312922378E-16 -0.14549385011196136 0.9893591403961182 1.0284206853951745E-16 -0.14549385011196136 0.9893591403961182 2.3608311039424734E-07 -0.14549389481544495 0.9893591403961182 2.2337354721457814E-07 -0.14549383521080017 0.9893591403961182 -2.0593454053141613E-07 -0.1454937905073166 0.9893591403961182 -5.8866735486162725E-08 -0.1454940289258957 0.9893591403961182 1.1835714275321152E-07 -0.14549382030963898 0.9893591403961182 6.142862929436887E-08 0.7637823224067688 -0.6454738974571228 -5.674441002663641E-16 0.7637455463409424 -0.6455174088478088 1.6594299268035684E-07 0.5000000596046448 -0.8660253882408142 -3.348204773466002E-16 0.5000001788139343 -0.8660253286361694 -3.964291863667313E-07 0.5000001192092896 -0.8660253286361694 -3.903375329628034E-07 0.5000000596046448 -0.8660253882408142 -1.8862901640659402E-07 -0.7071288228034973 0.7070847153663635 4.444764097860762E-16 0.08715570718050003 0.9961947202682495 -6.57967848063301E-17 0.4226197600364685 0.9063071012496948 -3.0282968405514056E-16 0.5000002980232239 0.8660252690315247 -3.3131341683783255E-16 0.5000001192092896 0.8660253286361694 -1.6734682617425278E-07 0.5000001192092896 0.8660253286361694 -1.5176131284988514E-07 0.5000000596046448 0.8660253882408142 -3.623445365974476E-07 0.5000000596046448 0.8660253882408142 -3.653991882401897E-07 0.5000001788139343 0.8660253286361694 -3.868245151295312E-16 0.7637455463409424 0.6455174088478088 -5.982592647665939E-16 0.763672947883606 0.6456032991409302 -2.540279456297867E-05 -0.14549382030963898 -0.9893591403961182 1.1920253638551386E-16 -0.14549385011196136 -0.9893591403961182 6.855854906007153E-08 -0.14549385011196136 -0.9893591403961182 9.144696076988495E-17 -0.14549387991428375 -0.9893591403961182 2.2840589508632547E-07 -0.14549387991428375 -0.9893591403961182 2.3011497773950396E-07 -0.14549385011196136 -0.9893591403961182 3.071765775075619E-08 -0.14549383521080017 -0.9893591403961182 4.569870526438535E-08 -0.14549380540847778 -0.9893591403961182 -3.036468854134E-08 -0.1454939842224121 -0.9893591403961182 1.0840152242508339E-07 0.08715540170669556 -0.9961947202682495 -5.910331869888981E-17 0.08715552091598511 -0.9961947202682495 -1.043669239919609E-08 0.08715557307004929 -0.9961947202682495 -6.604220598535214E-17 -0.49999991059303284 0.866025447845459 3.0706498114031007E-16 -0.4999999701976776 0.866025447845459 -2.2773630803385458E-07 -0.5000001192092896 0.8660253286361694 3.348204508768206E-16 -0.5 0.8660253882408142 7.22563626709416E-08 -0.49999991059303284 0.866025447845459 2.5704977701934695E-08 -0.4999997019767761 0.8660255670547485 6.466926834036713E-07 -0.4999997615814209 0.8660255670547485 5.479085416482121E-07 -0.4999999701976776 0.866025447845459 -4.0438737869408214E-07 -0.4999997317790985 0.8660255670547485 -1.4573181772448152E-07 0.13508988916873932 0.9908333420753479 -9.040454114450072E-17 0.13508997857570648 0.9908333420753479 2.176324329639101E-07 0.13508981466293335 0.9908333420753479 -6.346238734522558E-08 0.13508984446525574 0.9908333420753479 5.332051244977265E-08 0.13509024679660797 0.9908332824707031 -5.763812183090522E-08 0.1350903958082199 0.9908332824707031 -9.040459408405992E-17 0.8754853010177612 0.48324474692344666 2.7002938551845546E-08 0.9932488799095154 -0.11600274592638016 5.391059332282566E-08 0.9932488799095154 -0.11600285023450851 -6.926495988537386E-16 0.13509024679660797 -0.9908332824707031 -1.0388444846023227E-16 0.1350903958082199 -0.9908332824707031 -9.729041750006218E-08 0.13508981466293335 -0.9908333420753479 6.04484711175246E-08 0.13508956134319305 -0.9908334016799927 8.042547960940283E-07 0.13508988916873932 -0.9908333420753479 2.882348155708314E-07 0.1350899636745453 -0.9908333420753479 -1.0388448154745677E-16 -0.4999999701976776 -0.866025447845459 3.8682443572019237E-16 -0.49999555945396423 -0.8660279512405396 3.3131148454392163E-16 -0.5000001192092896 -0.8660253286361694 2.3214897737489082E-07 -0.49999991059303284 -0.866025447845459 3.390165090877417E-07 -0.49999991059303284 -0.866025447845459 3.398016019673378E-07 -0.49999991059303284 -0.866025447845459 -2.012275075458092E-07 -0.4999997317790985 -0.8660255670547485 -1.4573181772448152E-07 -0.4999997615814209 -0.8660255670547485 -1.719346727213633E-07 -0.4999999403953552 -0.866025447845459 2.2103105834503367E-07 -0.5 -0.8660253882408142 1.9519227123510063E-07 0.08715557307004929 0.9961947202682495 -6.57967781888852E-17 0.08715552091598511 0.9961947202682495 -1.043669239919609E-08 0.08715540170669556 0.9961947202682495 -5.885787766753307E-17 0.9932488799095154 0.11600275337696075 -7.514056221680221E-08 0.9932489395141602 0.11600259691476822 -5.08494828466155E-08 0.9932488799095154 0.11600273847579956 -6.951292878068255E-16 0.8754853010177612 -0.48324474692344666 -7.187708206402021E-08 0.875485360622406 -0.4832445979118347 -6.747745566887127E-16 -0.965925931930542 -0.258818656206131 5.941425258242604E-16 -0.9659352898597717 0.2587837874889374 7.381004338913387E-16 -0.9659259915351868 0.25881850719451904 -7.133663075364893E-06 -0.9659259915351868 -0.25881850719451904 -6.304971122972347E-08 -0.9659260511398315 -0.25881820917129517 6.496539946928735E-16 -0.25881773233413696 -0.9659261703491211 1.7740562449759486E-16 -0.7071067094802856 0.7071068286895752 5.555143294185569E-16 -0.9659312963485718 0.2587986886501312 6.825998176323623E-16 -0.9659268856048584 0.2588150203227997 -4.164387235050526E-07 -0.9659262895584106 0.2588173449039459 6.271018483513461E-16 -0.2588191628456116 0.9659258127212524 1.5566101819215609E-16 -0.2588191628456116 -0.9659258127212524 2.051614648110198E-16 -0.2588191330432892 0.9659258127212524 1.5566101819215609E-16 -0.7071066498756409 0.70710688829422 4.444920798956004E-16 -0.7071067094802856 0.70710688829422 1.4357055988512002E-08 -0.9659258723258972 0.2588188350200653 6.82614058373788E-16 -0.9659258723258972 0.25881895422935486 7.381253154841642E-16 -0.9659258723258972 -0.25881895422935486 1.0043502918222202E-08 -0.9659258723258972 -0.25881877541542053 1.0043495812794845E-08 -0.9659258723258972 -0.2588188350200653 6.496535711763998E-16 -0.9839977025985718 -0.1781812459230423 7.621844393179754E-16 -0.9839977025985718 -0.17818103730678558 1.8658830924778158E-08 -0.983997642993927 -0.17818139493465424 7.614580965764617E-08 -0.9839974045753479 -0.1781827062368393 7.066722822350927E-16 -0.740380048751831 0.6721885204315186 4.753120618957178E-16 -0.8310918211936951 0.5561352372169495 6.152940502479436E-16 -0.9568414688110352 0.2906104624271393 6.495831086231001E-16 -0.9568415880203247 -0.29061007499694824 7.381959368561416E-16 -0.9568414688110352 -0.2906104624271393 -1.0615976719918763E-07 -0.9568414092063904 -0.29061058163642883 7.93706717510485E-16 -0.8310918211936951 -0.5561352372169495 6.059512768397286E-16 -0.983997642993927 0.17818152904510498 6.811056515134057E-16 -0.983997642993927 0.17818135023117065 -3.614105636984277E-08 -0.9839977622032166 0.17818094789981842 7.366164321677491E-16 0.46583205461502075 0.8848731517791748 -3.457414319542275E-16 0.7342364192008972 0.6788938641548157 -9.52639780393838E-08 0.734236478805542 0.6788938045501709 -1.7639203875319254E-08 0.7342364192008972 0.6788938641548157 -5.191472874655487E-16 0.8816488981246948 -0.471905916929245 -6.112457092161008E-16 0.8816486597061157 -0.471906453371048 1.8312388050389927E-08 0.881652295589447 -0.4718996286392212 1.8312123373220857E-08 0.7403803467750549 -0.6721881628036499 -5.308229484291796E-16 0.6610142588615417 -0.750373363494873 -4.750862746757153E-16 0.6610137224197388 -0.7503738403320312 4.856920909901419E-08 0.6610136032104492 -0.7503739595413208 -4.1957552049115153E-16 0.465832382440567 -0.8848729729652405 -3.4814785255737695E-16 0.46583205461502075 -0.8848731517791748 8.720758160052355E-08 0.46583154797554016 -0.8848733901977539 -3.2039256810932365E-16 0.7071002125740051 -0.7071133852005005 -4.444966326976919E-16 0.707103431224823 -0.7071101665496826 -2.676646033705765E-07 0.7071051001548767 -0.7071084976196289 -5.000043428576015E-16 -0.13849426805973053 -0.9903632402420044 1.0461474967944309E-16 -0.4048559367656708 -0.9143804907798767 2.971208937488834E-16 -0.7403749823570251 -0.6721940636634827 4.683735915082842E-16 -0.7403801083564758 -0.672188401222229 1.6264510804830934E-07 -0.7403801679611206 -0.672188401222229 5.238887661460415E-16 -0.7038480639457703 0.710350513458252 5.578079887606031E-16 0.4993569850921631 0.8663963079452515 -4.1431774875952767E-16 0.9396906495094299 0.3420255184173584 -7.018394828149741E-16 -0.7403801083564758 0.672188401222229 5.863342584791151E-16 -0.40485265851020813 0.9143819212913513 3.412583777319861E-16 0.707103431224823 0.7071101665496826 -4.991952146347369E-16 0.5023092031478882 -0.8646880984306335 -3.89386022171367E-16 0.14728179574012756 -0.9890945553779602 -1.165327679451071E-16 -0.13509032130241394 0.9908332824707031 9.000666065241781E-17 -0.13509026169776917 0.9908332824707031 5.834503014057191E-08 -0.13508999347686768 0.9908333420753479 -1.1923878773245633E-08 -0.1350899487733841 0.9908333420753479 2.754862578058237E-07 -0.13508985936641693 0.9908333420753479 1.0388448816490167E-16 -0.1350899487733841 0.9908333420753479 1.0388448154745677E-16 -0.13509008288383484 0.9908333420753479 1.1776224950293653E-16 -0.13509003818035126 0.9908333420753479 4.379010221100543E-08 -0.13509008288383484 0.9908333420753479 1.0388446831256697E-16 -0.13509014248847961 0.9908333420753479 -2.411586876860383E-07 -0.13509032130241394 -0.9908332824707031 7.456010564510507E-08 -0.13508999347686768 -0.9908333420753479 -1.243136882322915E-08 -0.13508999347686768 -0.9908333420753479 1.0428234218720498E-16 -0.13508985936641693 -0.9908333420753479 9.040454114450072E-17 -0.1350899636745453 -0.9908333420753479 1.0428233556976008E-16 -0.1350899487733841 -0.9908333420753479 1.0428233556976008E-16 -0.13509014248847961 -0.9908333420753479 9.040456761428032E-17 -0.13509005308151245 -0.9908333420753479 -2.1683526085780613E-07 -0.13509012758731842 -0.9908333420753479 9.040456761428032E-17 -0.13509008288383484 -0.9908333420753479 7.888043995762928E-08 -0.13509005308151245 -0.9908333420753479 9.040456099683542E-17 -0.5 -0.8660253882408142 3.8682446218997197E-16 -0.5000001788139343 -0.8660253286361694 2.840145327809296E-07 -0.5000000596046448 -0.8660253882408142 1.302872902897434E-07 -0.5 0.8660253882408142 1.0787765347686218E-07 -0.4999997019767761 0.8660255670547485 -3.062065445647022E-07 -0.5000000596046448 0.8660253286361694 -1.7185477929615445E-07 7.164407955784213E-16 -0.9999099373817444 0.013419128023087978 1.8739193308192625E-08 -0.9999099373817444 0.01341915037482977 -5.978550916552194E-07 -0.9999099373817444 0.013419508934020996 7.164407955784213E-16 -0.9999099373817444 0.013419115915894508 0.2588193118572235 0.9659257531166077 -1.7740591566517048E-16 0.7071062922477722 0.7071072459220886 -4.991972792775458E-16 0.707106351852417 0.7071071863174438 1.9599546430271175E-09 0.7071077227592468 0.7071058750152588 1.959950868268834E-09 0.7071074843406677 0.7071060538291931 -5.547092775417509E-16 0.9659255743026733 0.25881990790367126 -6.49652830022571E-16 0.9659255743026733 -0.25881990790367126 -6.826147995276169E-16 0.7071080803871155 -0.7071055173873901 -5.000022252752334E-16 0.7071061730384827 -0.7071073651313782 -4.444923975329557E-16 0.2588193118572235 -0.9659257531166077 -1.834165673380054E-16 0.25881898403167725 0.9659258723258972 -2.0516142510635039E-16 0.9659262895584106 0.25881731510162354 -6.496546299675839E-16 0.9659262299537659 -0.2588176429271698 -7.381243625720986E-16 0.9659265875816345 -0.258816123008728 -6.826121525496567E-16 0.2588183581829071 -0.9659259915351868 -1.834167393915728E-16 0.258819580078125 0.9659256935119629 -1.7740596860472968E-16 0.9659274220466614 0.25881320238113403 -7.606798441058557E-16 0.9659254550933838 0.25882038474082947 -7.051636106769144E-16 0.9659256935119629 -0.258819580078125 -7.381257390006379E-16 0.7071071267127991 -0.7071064710617065 -5.0000291348950305E-16 0.25881898403167725 -0.9659258723258972 -2.1117220912808332E-16 </float_array>
          <technique_common>
            <accessor source="#mesh_1-normal-array" count="831" stride="3">
              <param name="X" type="float" />
              <param name="Y" type="float" />
              <param name="Z" type="float" />
            </accessor>
          </technique_common>
        </source>
        <vertices id="mesh_1-vertices">
          <input semantic="POSITION" source="#mesh_1-position" />
        </vertices>
        <triangles material="default" count="3380">
          <input semantic="VERTEX" source="#mesh_1-vertices" offset="0" />
          <input semantic="NORMAL" source="#mesh_1-normal" offset="1" />
          <p>0 0 1 0 2 0 0 0 2 0 3 0 3 1 2 1 4 1 3 1 4 1 5 1 5 2 4 2 6 2 5 2 6 2 7 2 7 3 6 3 8 3 8 3 6 3 9 3 8 4 9 4 10 4 9 4 11 4 10 4 10 5 11 5 12 5 10 5 12 5 13 5 13 6 12 6 14 6 13 6 14 6 15 6 16 7 17 7 18 7 16 7 18 7 19 7 19 8 18 8 20 8 19 8 20 8 21 8 21 9 20 9 22 9 22 9 20 9 23 9 22 10 23 10 24 10 23 10 25 10 24 10 24 11 25 11 26 11 24 11 26 11 27 11 27 5 26 5 28 5 27 5 28 5 29 5 29 12 28 12 30 12 29 12 30 12 31 12 32 13 33 13 34 13 34 13 33 13 35 13 35 14 33 14 36 14 36 14 33 14 37 14 36 15 37 15 38 15 37 15 39 15 38 15 38 16 39 16 40 16 38 16 40 16 41 16 41 17 40 17 42 17 41 17 42 17 43 17 43 18 42 18 44 18 44 19 42 19 45 19 44 20 45 20 46 20 45 21 47 21 46 21 46 22 47 22 48 22 46 22 48 22 49 22 50 23 51 23 52 23 52 23 51 23 53 23 52 24 53 24 54 24 54 24 53 24 55 24 54 24 55 24 56 24 56 24 55 24 57 24 56 25 57 25 58 25 58 26 57 26 59 26 58 27 59 27 60 27 60 28 59 28 61 28 60 29 61 29 62 29 62 29 61 29 63 29 62 30 63 30 64 30 63 30 65 30 64 30 64 31 65 31 66 31 64 32 66 32 67 32 67 33 66 33 68 33 67 34 68 34 69 34 69 34 68 34 70 34 69 35 70 35 71 35 71 35 70 35 72 35 73 36 74 36 75 36 75 36 74 36 76 36 75 37 76 37 77 37 77 37 76 37 78 37 77 38 78 38 79 38 79 38 78 38 80 38 79 39 80 39 81 39 81 39 80 39 82 39 81 40 82 40 83 40 83 40 82 40 84 40 83 41 84 41 85 41 85 41 84 41 86 41 87 42 88 42 89 42 89 42 88 42 90 42 89 24 90 24 91 24 91 24 90 24 92 24 91 43 92 43 93 43 93 43 92 43 94 43 93 44 94 44 95 44 95 44 94 44 96 44 95 34 96 34 97 34 97 34 96 34 98 34 97 45 98 45 99 45 99 45 98 45 100 45 101 46 102 46 103 46 103 46 102 46 104 46 103 47 104 47 105 47 105 47 104 47 106 47 105 25 106 25 107 25 107 25 106 25 108 25 107 48 108 48 109 48 109 48 108 48 110 48 109 49 110 49 111 49 111 49 110 49 112 49 111 50 112 50 113 50 113 50 112 50 114 50 115 51 116 51 117 51 117 51 116 51 118 51 117 52 118 52 119 52 119 52 118 52 120 52 119 53 120 53 121 53 120 53 122 53 121 53 121 54 122 54 123 54 121 55 123 55 124 55 124 56 123 56 125 56 124 57 125 57 126 57 126 57 125 57 127 57 126 58 127 58 128 58 128 58 127 58 129 58 130 46 131 46 132 46 132 46 131 46 133 46 132 24 133 24 134 24 134 24 133 24 135 24 134 25 135 25 136 25 136 25 135 25 137 25 136 59 137 59 138 59 138 59 137 59 139 59 138 60 139 60 140 60 140 60 139 60 141 60 140 50 141 50 142 50 142 50 141 50 143 50 144 61 145 61 146 61 146 61 145 61 147 61 146 52 147 52 148 52 148 52 147 52 149 52 148 62 149 62 150 62 150 62 149 62 151 62 150 63 151 63 152 63 152 63 151 63 153 63 152 64 153 64 154 64 154 64 153 64 155 64 154 65 155 65 156 65 156 65 155 65 157 65 158 66 159 66 160 66 160 66 159 66 161 66 160 67 161 67 162 67 162 67 161 67 163 67 162 68 163 68 164 68 164 68 163 68 165 68 164 69 165 69 166 69 166 69 165 69 167 69 166 70 167 70 168 70 168 70 167 70 169 70 168 71 169 71 170 71 170 71 169 71 171 71 172 72 173 72 174 72 174 72 173 72 175 72 174 73 175 73 176 73 176 73 175 73 177 73 176 74 177 74 178 74 178 74 177 74 179 74 178 75 179 75 180 75 180 75 179 75 181 75 180 76 181 76 182 76 182 76 181 76 183 76 182 77 183 77 184 77 184 77 183 77 185 77 186 78 187 78 188 78 188 78 187 78 189 78 188 79 189 79 190 79 189 79 191 79 190 79 190 80 191 80 192 80 190 81 192 81 193 81 193 82 192 82 194 82 193 83 194 83 195 83 195 83 194 83 196 83 195 84 196 84 197 84 197 84 196 84 198 84 197 85 198 85 199 85 199 85 198 85 200 85 201 86 202 86 203 86 203 86 202 86 204 86 203 8 204 8 205 8 205 8 204 8 206 8 205 87 206 87 207 87 207 87 206 87 208 87 207 88 208 88 209 88 209 88 208 88 210 88 209 89 210 89 211 89 211 89 210 89 212 89 211 90 212 90 213 90 213 90 212 90 214 90 215 91 216 91 217 91 217 91 216 91 218 91 217 92 218 92 219 92 219 92 218 92 220 92 219 93 220 93 221 93 221 93 220 93 222 93 221 94 222 94 223 94 223 94 222 94 224 94 223 95 224 95 225 95 225 95 224 95 226 95 225 96 226 96 227 96 227 96 226 96 228 96 229 86 230 86 231 86 231 86 230 86 232 86 231 97 232 97 233 97 233 97 232 97 234 97 233 98 234 98 235 98 235 98 234 98 236 98 235 99 236 99 237 99 237 99 236 99 238 99 237 5 238 5 239 5 239 5 238 5 240 5 239 90 240 90 241 90 241 90 240 90 242 90 243 100 244 100 245 100 245 100 244 100 246 100 245 97 246 97 247 97 247 97 246 97 248 97 247 101 248 101 249 101 249 101 248 101 250 101 249 102 250 102 251 102 251 102 250 102 252 102 251 89 252 89 253 89 253 89 252 89 254 89 253 103 254 103 255 103 255 103 254 103 256 103 257 104 258 104 259 104 259 104 258 104 260 104 259 105 260 105 261 105 261 105 260 105 262 105 261 106 262 106 263 106 263 106 262 106 264 106 263 102 264 102 265 102 265 102 264 102 266 102 265 107 266 107 267 107 267 107 266 107 268 107 267 108 268 108 269 108 269 108 268 108 270 108 271 109 272 109 273 109 273 109 274 109 271 109 271 110 274 110 275 110 271 111 275 111 276 111 276 8 275 8 277 8 276 112 277 112 278 112 278 113 277 113 279 113 278 114 279 114 280 114 280 115 279 115 281 115 280 116 281 116 282 116 282 116 281 116 283 116 282 117 283 117 284 117 284 117 283 117 285 117 284 89 285 89 286 89 286 89 285 89 287 89 286 118 287 118 288 118 288 118 287 118 289 118 290 119 291 119 292 119 292 119 291 119 293 119 294 119 295 119 296 119 297 119 298 119 299 119 300 119 301 119 302 119 303 119 304 119 305 119 306 119 307 119 308 119 309 119 310 119 295 119 311 119 312 119 313 119 314 119 315 119 316 119 317 119 318 119 319 119 320 119 321 119 322 119 323 119 324 119 325 119 326 119 327 119 328 119 327 119 329 119 328 119 328 119 329 119 330 119 328 119 330 119 331 119 331 119 330 119 332 119 332 119 333 119 331 119 331 119 333 119 334 119 331 119 334 119 293 119 293 119 334 119 335 119 293 119 335 119 292 119 292 119 335 119 336 119 292 119 336 119 337 119 338 119 339 119 340 119 341 119 342 119 343 119 343 119 342 119 344 119 343 119 344 119 345 119 341 119 346 119 342 119 342 119 346 119 347 119 342 119 347 119 338 119 338 119 347 119 348 119 338 119 348 119 339 119 321 119 349 119 322 119 322 119 349 119 350 119 322 119 350 119 351 119 352 119 353 119 354 119 351 119 355 119 322 119 322 119 355 119 356 119 322 119 356 119 345 119 345 119 356 119 357 119 345 119 357 119 343 119 358 119 359 119 360 119 360 119 359 119 361 119 352 119 354 119 362 119 362 119 354 119 363 119 362 119 363 119 349 119 349 119 363 119 364 119 349 119 364 119 350 119 365 119 366 119 367 119 367 119 366 119 368 119 367 119 368 119 369 119 369 119 368 119 370 119 369 119 370 119 371 119 371 119 370 119 372 119 323 119 325 119 373 119 373 119 325 119 360 119 373 119 360 119 352 119 352 119 360 119 361 119 352 119 361 119 353 119 374 119 375 119 376 119 376 119 375 119 377 119 376 119 377 119 378 119 318 119 379 119 380 119 380 119 379 119 381 119 380 119 381 119 374 119 374 119 381 119 382 119 374 119 382 119 375 119 383 119 384 119 316 119 316 119 384 119 385 119 316 119 385 119 314 119 386 119 387 119 388 119 389 119 229 119 231 119 231 119 233 119 389 119 389 119 233 119 235 119 389 119 235 119 316 119 316 119 235 119 237 119 237 119 239 119 316 119 316 119 239 119 241 119 316 119 241 119 383 119 241 119 390 119 383 119 383 119 390 119 391 119 383 119 391 119 388 119 388 119 391 119 392 119 388 119 392 119 386 119 387 119 229 119 388 119 388 119 229 119 389 119 388 119 389 119 393 119 393 119 389 119 394 119 389 119 395 119 396 119 397 119 398 119 399 119 399 119 398 119 396 119 396 119 398 119 400 119 396 119 400 119 389 119 389 119 400 119 401 119 389 119 401 119 394 119 402 119 403 119 404 119 404 119 403 119 405 119 404 119 405 119 406 119 405 119 407 119 406 119 406 119 407 119 408 119 406 119 408 119 409 119 409 119 408 119 410 119 409 119 410 119 397 119 286 119 247 119 284 119 284 119 247 119 411 119 284 119 411 119 282 119 247 119 249 119 412 119 249 119 251 119 412 119 412 119 251 119 253 119 412 119 253 119 319 119 319 119 253 119 255 119 319 119 255 119 413 119 311 119 313 119 288 119 288 119 313 119 243 119 288 119 243 119 286 119 286 119 243 119 245 119 286 119 245 119 247 119 413 119 414 119 319 119 319 119 414 119 415 119 319 119 415 119 312 119 312 119 415 119 416 119 312 119 416 119 313 119 282 119 411 119 280 119 280 119 411 119 417 119 280 119 417 119 278 119 418 119 419 119 409 119 257 119 259 119 420 119 420 119 259 119 261 119 397 119 399 119 409 119 409 119 399 119 421 119 409 119 421 119 418 119 261 119 263 119 420 119 420 119 263 119 271 119 420 119 271 119 417 119 417 119 271 119 276 119 417 119 276 119 278 119 263 119 265 119 271 119 271 119 265 119 267 119 271 119 267 119 272 119 272 119 267 119 269 119 272 119 269 119 422 119 422 119 269 119 423 119 422 119 423 119 399 119 399 119 423 119 424 119 399 119 424 119 421 119 317 119 319 119 425 119 425 119 319 119 312 119 425 119 312 119 315 119 315 119 312 119 426 119 315 119 426 119 316 119 316 119 426 119 427 119 316 119 427 119 389 119 389 119 427 119 428 119 389 119 428 119 395 119 207 119 209 119 429 119 430 119 431 119 432 119 432 119 431 119 433 119 432 119 433 119 201 119 209 119 211 119 429 119 429 119 211 119 213 119 429 119 213 119 434 119 201 119 203 119 435 119 435 119 203 119 205 119 435 119 205 119 207 119 436 119 417 119 437 119 437 119 417 119 411 119 437 119 411 119 438 119 438 119 411 119 434 119 438 119 434 119 439 119 439 119 434 119 213 119 440 119 441 119 442 119 442 119 441 119 443 119 442 119 443 119 444 119 435 119 445 119 446 119 201 119 435 119 432 119 432 119 435 119 446 119 432 119 446 119 447 119 447 119 448 119 432 119 432 119 448 119 449 119 432 119 449 119 443 119 443 119 449 119 450 119 443 119 450 119 444 119 451 119 452 119 453 119 453 119 452 119 454 119 453 119 454 119 455 119 455 119 454 119 456 119 455 119 456 119 435 119 435 119 456 119 457 119 435 119 457 119 445 119 458 119 459 119 460 119 458 119 460 119 461 119 7 120 462 120 5 120 5 121 462 121 463 121 5 122 463 122 3 122 460 123 464 123 461 123 461 124 464 124 465 124 461 125 465 125 0 125 451 119 453 119 466 119 466 119 453 119 467 119 466 119 467 119 468 119 468 119 467 119 469 119 468 119 469 119 470 119 470 119 469 119 461 119 470 119 461 119 463 119 463 119 461 119 0 119 463 126 0 126 3 126 471 127 15 127 472 127 472 128 15 128 473 128 472 129 473 129 474 129 475 119 471 119 476 119 476 119 471 119 477 119 475 119 478 119 471 119 471 119 478 119 479 119 471 119 479 119 462 119 7 130 8 130 462 130 462 131 8 131 10 131 462 132 10 132 471 132 471 133 10 133 13 133 471 134 13 134 15 134 477 119 480 119 441 119 440 119 481 119 441 119 441 119 481 119 482 119 441 119 482 119 477 119 477 119 482 119 483 119 477 119 483 119 476 119 484 119 485 119 486 119 487 119 429 119 488 119 488 119 429 119 434 119 488 119 434 119 489 119 489 119 434 119 490 119 491 119 492 119 493 119 493 119 492 119 494 119 295 119 310 119 296 119 296 119 310 119 495 119 296 119 495 119 496 119 19 135 21 135 295 135 497 136 498 136 499 136 497 119 499 119 500 119 19 137 295 137 16 137 501 138 502 138 21 138 21 139 502 139 503 139 21 140 503 140 295 140 295 119 503 119 504 119 295 119 504 119 309 119 27 141 303 141 24 141 24 142 303 142 501 142 24 143 501 143 22 143 22 144 501 144 21 144 306 145 308 145 505 145 27 146 29 146 303 146 303 147 29 147 31 147 303 119 31 119 304 119 304 119 31 119 506 119 304 148 506 148 505 148 507 119 508 119 509 119 507 119 509 119 301 119 301 119 509 119 510 119 301 119 510 119 302 119 487 119 511 119 429 119 429 119 511 119 512 119 429 119 512 119 513 119 513 119 512 119 514 119 513 119 514 119 507 119 507 119 514 119 515 119 507 119 515 119 508 119 516 119 458 119 517 119 517 119 458 119 461 119 517 119 461 119 518 119 518 119 461 119 469 119 519 119 520 119 521 119 521 119 520 119 522 119 522 119 520 119 523 119 522 119 523 119 524 119 467 119 49 119 525 119 525 149 49 149 526 149 525 150 526 150 527 150 527 151 526 151 528 151 527 119 528 119 529 119 524 119 530 119 522 119 522 119 530 119 531 119 522 119 531 119 528 119 528 119 531 119 532 119 528 119 532 119 529 119 516 119 533 119 458 119 458 119 533 119 534 119 458 119 534 119 535 119 535 119 534 119 536 119 535 119 536 119 537 119 537 119 536 119 538 119 537 119 538 119 539 119 539 119 538 119 540 119 539 119 540 119 521 119 521 119 540 119 541 119 521 119 541 119 519 119 542 119 543 119 308 119 505 152 308 152 304 152 304 119 308 119 543 119 304 119 543 119 544 119 302 119 305 119 300 119 300 119 305 119 304 119 300 119 304 119 545 119 545 119 304 119 544 119 299 119 298 119 308 119 308 119 298 119 546 119 308 119 546 119 542 119 547 119 548 119 549 119 549 119 548 119 550 119 301 153 551 153 552 153 550 119 548 119 553 119 553 119 548 119 554 119 553 119 554 119 555 119 552 154 551 154 556 154 556 119 551 119 557 119 556 119 557 119 558 119 558 119 559 119 556 119 556 119 559 119 560 119 556 119 560 119 554 119 554 119 560 119 561 119 554 119 561 119 555 119 552 155 34 155 301 155 301 156 34 156 35 156 301 119 35 119 507 119 507 119 35 119 36 119 507 157 36 157 38 157 41 158 43 158 453 158 453 119 43 119 44 119 453 119 44 119 467 119 467 119 44 119 46 119 467 119 46 119 49 119 528 119 562 119 522 119 522 159 562 159 563 159 522 119 563 119 554 119 554 160 563 160 564 160 554 157 564 157 556 157 499 161 16 161 500 161 500 162 16 162 295 162 500 119 295 119 565 119 565 119 295 119 294 119 376 119 566 119 374 119 374 119 566 119 567 119 374 119 567 119 380 119 380 119 567 119 568 119 380 119 568 119 569 119 569 119 568 119 496 119 569 119 496 119 493 119 493 119 496 119 495 119 493 119 495 119 491 119 377 119 320 119 378 119 378 119 320 119 322 119 378 119 322 119 570 119 570 119 322 119 345 119 570 119 345 119 571 119 571 119 345 119 344 119 572 119 325 119 573 119 573 119 325 119 324 119 573 119 324 119 574 119 574 119 324 119 575 119 574 119 575 119 576 119 576 119 575 119 372 119 576 119 372 119 337 119 337 119 372 119 370 119 337 119 370 119 292 119 292 119 370 119 368 119 292 119 368 119 290 119 365 119 402 119 366 119 366 119 402 119 404 119 366 119 404 119 577 119 577 119 404 119 406 119 577 119 406 119 578 119 537 119 579 119 535 119 535 119 579 119 472 119 535 119 472 119 458 119 458 119 472 119 474 119 458 119 474 119 459 119 547 119 580 119 548 119 548 119 580 119 581 119 548 119 581 119 582 119 582 119 581 119 297 119 582 119 297 119 583 119 583 119 297 119 299 119 583 119 299 119 584 119 584 119 299 119 308 119 584 119 308 119 497 119 497 119 308 119 307 119 497 163 307 163 498 163 585 119 578 119 586 119 586 119 578 119 406 119 586 119 406 119 420 119 420 119 406 119 409 119 420 119 409 119 257 119 257 119 409 119 419 119 480 119 585 119 441 119 441 119 585 119 586 119 441 119 586 119 443 119 443 119 586 119 420 119 443 119 420 119 432 119 432 119 420 119 417 119 432 119 417 119 430 119 430 119 417 119 436 119 207 119 429 119 435 119 435 119 429 119 513 119 435 119 513 119 455 119 455 119 513 119 507 119 455 119 507 119 453 119 453 164 507 164 38 164 453 165 38 165 41 165 572 119 326 119 325 119 325 119 326 119 328 119 325 119 328 119 360 119 360 119 328 119 338 119 360 119 338 119 358 119 358 119 338 119 340 119 247 119 412 119 411 119 411 119 412 119 484 119 411 119 484 119 434 119 434 119 484 119 486 119 434 119 486 119 490 119 318 119 380 119 319 119 319 119 380 119 569 119 319 119 569 119 412 119 412 119 569 119 493 119 412 119 493 119 484 119 484 119 493 119 494 119 484 119 494 119 485 119 587 166 588 166 589 166 589 167 588 167 590 167 589 168 590 168 591 168 592 169 593 169 594 169 594 170 593 170 595 170 594 171 595 171 596 171 596 172 595 172 597 172 598 173 588 173 587 173 598 174 599 174 600 174 600 175 599 175 601 175 600 176 601 176 602 176 603 177 604 177 593 177 593 178 604 178 605 178 593 179 605 179 587 179 587 179 605 179 606 179 587 180 606 180 607 180 602 181 608 181 600 181 600 182 608 182 609 182 600 183 609 183 610 183 607 184 611 184 587 184 587 185 611 185 612 185 587 186 612 186 598 186 598 187 612 187 613 187 598 188 613 188 599 188 592 189 600 189 593 189 593 190 600 190 610 190 593 191 610 191 603 191 614 192 615 192 616 192 614 193 617 193 618 193 618 194 617 194 619 194 618 195 619 195 620 195 621 196 622 196 618 196 623 197 624 197 621 197 621 198 624 198 625 198 621 199 625 199 616 199 616 199 625 199 626 199 616 200 626 200 627 200 620 201 628 201 618 201 618 202 628 202 629 202 618 203 629 203 621 203 621 204 629 204 630 204 621 205 630 205 623 205 627 206 631 206 616 206 616 207 631 207 632 207 616 208 632 208 614 208 614 209 632 209 633 209 614 210 633 210 617 210 634 211 635 211 636 211 636 212 635 212 637 212 636 213 637 213 615 213 615 214 637 214 616 214 622 215 621 215 638 215 638 216 621 216 639 216 638 217 639 217 640 217 140 218 142 218 641 218 642 218 643 218 644 218 645 218 646 218 647 218 648 218 649 218 650 218 651 218 652 218 653 218 654 218 655 218 656 218 657 218 658 218 659 218 660 218 661 218 662 218 663 218 664 218 665 218 97 218 99 218 666 218 667 218 668 218 669 218 670 218 671 218 672 218 673 218 674 218 646 218 646 218 674 218 675 218 646 218 675 218 647 218 676 218 677 218 678 218 678 218 677 218 679 218 678 218 679 218 680 218 680 218 679 218 681 218 681 218 679 218 54 218 681 218 54 218 671 218 671 218 54 218 56 218 671 218 56 218 672 218 682 218 683 218 672 218 672 218 683 218 684 218 672 218 684 218 670 218 113 218 685 218 686 218 686 218 685 218 687 218 686 218 687 218 672 218 672 218 687 218 688 218 672 218 688 218 689 218 103 218 682 218 101 218 101 218 682 218 672 218 101 218 672 218 690 218 690 218 672 218 689 218 103 218 105 218 682 218 682 218 105 218 107 218 682 218 107 218 691 218 691 218 107 218 109 218 691 218 109 218 111 218 111 218 113 218 691 218 691 218 113 218 686 218 691 218 686 218 692 218 692 218 686 218 693 218 694 218 695 218 666 218 666 218 695 218 696 218 666 218 696 218 67 218 67 218 696 218 697 218 67 218 697 218 64 218 64 218 697 218 698 218 64 218 698 218 686 218 686 218 698 218 699 218 686 218 699 218 693 218 700 218 701 218 702 218 703 218 704 218 705 218 705 218 704 218 706 218 705 218 706 218 707 218 707 218 706 218 708 218 702 218 701 218 709 218 667 218 710 218 668 218 668 218 710 218 711 218 668 218 711 218 712 218 713 218 714 218 715 218 715 218 714 218 716 218 715 218 716 218 717 218 717 218 716 218 718 218 713 218 719 218 714 218 714 218 719 218 720 218 714 218 720 218 669 218 669 218 720 218 721 218 669 218 721 218 667 218 711 218 722 218 712 218 712 218 722 218 723 218 712 218 723 218 724 218 724 218 723 218 725 218 724 218 725 218 726 218 726 218 725 218 727 218 727 218 728 218 726 218 726 218 728 218 729 218 726 218 729 218 716 218 716 218 729 218 730 218 716 218 730 218 718 218 731 218 732 218 733 218 731 218 733 218 716 218 716 218 733 218 734 218 716 218 734 218 726 218 731 218 735 218 736 218 737 218 738 218 739 218 739 218 738 218 740 218 739 218 740 218 741 218 736 218 742 218 731 218 731 218 742 218 743 218 731 218 743 218 732 218 732 218 743 218 737 218 732 218 737 218 744 218 744 218 737 218 739 218 745 218 746 218 747 218 747 218 746 218 748 218 747 218 748 218 749 218 745 218 750 218 746 218 746 218 750 218 751 218 746 218 751 218 731 218 731 218 751 218 752 218 731 218 752 218 735 218 675 218 753 218 647 218 647 218 753 218 754 218 647 218 754 218 755 218 755 218 754 218 756 218 755 218 756 218 740 218 740 218 756 218 757 218 740 218 757 218 741 218 758 218 759 218 760 218 73 218 75 218 679 218 760 218 759 218 761 218 761 218 759 218 762 218 761 218 762 218 763 218 763 218 762 218 764 218 763 218 764 218 765 218 75 218 77 218 679 218 679 218 77 218 79 218 679 218 79 218 54 218 54 218 79 218 81 218 54 218 81 218 83 218 758 218 760 218 85 218 85 218 760 218 50 218 85 218 50 218 83 218 83 218 50 218 52 218 83 218 52 218 54 218 766 218 767 218 768 218 766 218 768 218 769 218 770 218 771 218 772 218 666 218 99 218 773 218 773 218 99 218 774 218 773 218 774 218 775 218 67 218 91 218 93 218 67 218 93 218 666 218 666 218 93 218 95 218 666 218 95 218 97 218 770 218 772 218 776 218 775 218 776 218 773 218 773 218 776 218 772 218 773 218 772 218 777 218 777 218 772 218 778 218 777 218 778 218 641 218 641 218 778 218 779 218 641 218 779 218 766 218 766 218 779 218 780 218 766 218 780 218 767 218 91 218 67 218 89 218 89 218 67 218 69 218 89 218 69 218 87 218 87 218 69 218 71 218 87 218 71 218 771 218 771 218 71 218 781 218 771 218 781 218 772 218 56 218 58 218 672 218 672 218 58 218 60 218 672 218 60 218 686 218 686 218 60 218 62 218 686 218 62 218 64 218 782 218 783 218 784 218 784 218 785 218 782 218 782 218 785 218 786 218 782 218 786 218 769 218 787 218 788 218 789 218 789 218 788 218 790 218 791 218 792 218 649 218 793 218 794 218 11 218 14 218 12 218 649 218 649 218 12 218 11 218 649 218 11 218 791 218 791 218 11 218 794 218 663 218 665 218 795 218 4 218 660 218 6 218 6 218 660 218 793 218 6 218 793 218 9 218 9 218 793 218 11 218 4 218 2 218 660 218 660 218 2 218 1 218 660 218 1 218 661 218 661 218 1 218 796 218 661 218 796 218 795 218 797 218 798 218 799 218 799 218 798 218 800 218 799 218 800 218 658 218 658 218 800 218 801 218 658 218 801 218 659 218 797 218 799 218 802 218 802 218 799 218 803 218 802 218 803 218 804 218 804 218 803 218 805 218 804 218 805 218 806 218 807 218 808 218 805 218 805 218 808 218 809 218 805 218 809 218 806 218 786 218 810 218 769 218 769 218 810 218 811 218 769 218 811 218 766 218 766 218 811 218 812 218 766 218 812 218 807 218 813 218 814 218 815 218 815 218 814 218 816 218 817 218 777 218 818 218 818 218 777 218 641 218 818 218 641 218 819 218 819 218 641 218 816 218 820 218 821 218 822 218 822 218 821 218 823 218 822 218 823 218 824 218 824 218 823 218 825 218 824 218 825 218 815 218 815 218 825 218 826 218 815 218 826 218 813 218 827 218 828 218 829 218 830 218 30 218 831 218 827 218 829 218 831 218 831 218 829 218 832 218 831 218 832 218 830 218 25 218 833 218 26 218 26 218 833 218 834 218 26 218 834 218 28 218 820 218 822 218 835 218 835 218 822 218 836 218 835 218 836 218 837 218 837 218 836 218 838 218 837 218 838 218 839 218 839 218 838 218 831 218 839 218 831 218 834 218 834 218 831 218 30 218 834 218 30 218 28 218 840 218 17 218 841 218 841 218 17 218 842 218 841 218 842 218 843 218 844 218 840 218 845 218 845 218 840 218 846 218 845 218 846 218 847 218 844 218 848 218 840 218 840 218 848 218 849 218 840 218 849 218 833 218 25 218 23 218 833 218 833 218 23 218 20 218 833 218 20 218 840 218 840 218 20 218 18 218 840 218 18 218 17 218 847 218 846 218 850 218 850 218 846 218 851 218 850 218 851 218 852 218 853 218 854 218 851 218 851 218 854 218 855 218 851 218 855 218 852 218 856 218 857 218 858 218 859 218 860 218 856 218 857 218 861 218 858 218 858 218 861 218 862 218 858 218 862 218 863 218 863 218 862 218 864 218 863 218 864 218 865 218 860 218 859 218 866 218 658 218 867 218 868 218 868 218 867 218 869 218 869 218 867 218 870 218 869 218 870 218 871 218 872 218 873 218 665 218 795 218 665 218 661 218 661 218 665 218 873 218 661 218 873 218 874 218 659 218 662 218 657 218 657 218 662 218 661 218 657 218 661 218 875 218 875 218 661 218 874 218 656 218 655 218 665 218 665 218 655 218 876 218 665 218 876 218 872 218 644 218 643 218 877 218 836 218 32 218 878 218 878 218 32 218 879 218 878 218 879 218 880 218 880 218 879 218 881 218 880 218 881 218 882 218 883 218 884 218 885 218 886 218 887 218 888 218 889 218 890 218 891 218 891 218 890 218 892 218 887 218 893 218 888 218 888 218 893 218 894 218 888 218 894 218 891 218 891 218 894 218 895 218 891 218 895 218 889 218 896 218 827 218 897 218 897 218 827 218 831 218 897 218 831 218 898 218 898 218 831 218 838 218 896 218 899 218 827 218 827 218 899 218 900 218 827 218 900 218 901 218 901 218 900 218 902 218 901 218 902 218 903 218 903 218 902 218 653 218 903 218 653 218 904 218 904 218 653 218 652 218 904 218 652 218 905 218 905 218 652 218 651 218 905 218 651 218 888 218 888 218 651 218 906 218 888 218 906 218 886 218 40 218 39 218 822 218 822 218 39 218 37 218 822 218 37 218 836 218 836 218 37 218 33 218 836 218 33 218 32 218 868 218 48 218 658 218 658 218 48 218 47 218 658 218 47 218 799 218 799 218 47 218 45 218 799 218 45 218 42 218 871 218 866 218 869 218 869 218 866 218 859 218 869 218 859 218 907 218 907 218 859 218 908 218 908 218 859 218 909 218 909 218 859 218 883 218 909 218 883 218 881 218 881 218 883 218 885 218 881 218 885 218 882 218 788 218 14 218 790 218 790 218 14 218 649 218 790 218 649 218 910 218 910 218 649 218 648 218 911 218 912 218 913 218 677 218 914 218 912 218 676 218 673 218 677 218 677 218 673 218 646 218 677 218 646 218 914 218 914 218 646 218 645 218 738 218 749 218 740 218 740 218 749 218 748 218 740 218 748 218 755 218 755 218 748 218 915 218 712 218 700 218 668 218 668 218 700 218 702 218 668 218 702 218 669 218 669 218 702 218 916 218 846 218 917 218 851 218 851 218 917 218 918 218 851 218 918 218 919 218 919 218 918 218 920 218 919 218 920 218 704 218 704 218 920 218 921 218 704 218 921 218 706 218 706 218 921 218 709 218 706 218 709 218 708 218 708 218 709 218 701 218 903 218 922 218 901 218 901 218 922 218 841 218 901 218 841 218 827 218 827 218 841 218 843 218 827 218 843 218 828 218 865 218 923 218 863 218 863 218 923 218 924 218 863 218 924 218 642 218 642 218 924 218 925 218 642 218 925 218 643 218 643 218 925 218 654 218 643 218 654 218 877 218 877 218 654 218 656 218 877 218 656 218 926 218 926 218 656 218 665 218 926 218 665 218 789 218 789 218 665 218 664 218 789 218 664 218 787 218 912 218 911 218 677 218 677 218 911 218 763 218 677 218 763 218 679 218 679 218 763 218 765 218 679 218 765 218 73 218 703 218 694 218 704 218 704 218 694 218 666 218 704 218 666 218 919 218 919 218 666 218 773 218 919 218 773 218 851 218 851 218 773 218 777 218 851 218 777 218 853 218 853 218 777 218 817 218 792 218 927 218 649 218 649 218 927 218 928 218 649 218 928 218 650 218 650 218 928 218 783 218 650 218 783 218 913 218 913 218 783 218 782 218 913 218 782 218 911 218 911 218 782 218 769 218 911 218 769 218 763 218 763 218 769 218 768 218 763 218 768 218 761 218 816 218 641 218 815 218 815 218 641 218 142 218 815 218 142 218 929 218 805 218 930 218 130 218 807 218 805 218 766 218 766 218 805 218 130 218 766 218 130 218 132 218 931 218 932 218 805 218 805 218 932 218 933 218 805 218 933 218 930 218 132 218 134 218 766 218 766 218 134 218 136 218 766 218 136 218 641 218 641 218 136 218 138 218 641 218 138 218 140 218 929 218 931 218 815 218 815 218 931 218 805 218 815 218 805 218 824 218 824 218 805 218 803 218 824 218 803 218 822 218 822 218 803 218 799 218 822 218 799 218 40 218 40 218 799 218 42 218 856 218 858 218 859 218 859 218 858 218 891 218 859 218 891 218 883 218 883 218 891 218 892 218 883 218 892 218 884 218 934 219 935 219 331 219 331 220 293 220 934 220 934 221 293 221 291 221 934 222 291 222 936 222 936 223 291 223 290 223 936 224 290 224 937 224 328 225 331 225 935 225 938 225 342 225 939 225 939 225 342 225 338 225 939 225 338 225 940 225 940 225 338 225 328 225 940 225 328 225 941 225 941 225 328 225 935 225 942 226 570 226 943 226 943 227 570 227 571 227 342 228 938 228 344 228 344 229 938 229 944 229 344 230 944 230 571 230 571 231 944 231 945 231 571 232 945 232 943 232 946 233 565 233 947 233 947 234 565 234 294 234 947 235 294 235 948 235 294 236 296 236 948 236 948 237 296 237 496 237 948 238 496 238 949 238 949 238 496 238 568 238 949 239 568 239 950 239 950 240 568 240 567 240 950 241 567 241 951 241 951 242 567 242 566 242 951 243 566 243 952 243 952 244 566 244 953 244 570 245 942 245 378 245 378 245 942 245 953 245 378 246 953 246 376 246 376 247 953 247 566 247 841 248 922 248 954 248 954 249 922 249 955 249 955 250 922 250 903 250 955 251 903 251 956 251 956 252 903 252 904 252 956 253 904 253 957 253 957 254 904 254 905 254 957 255 905 255 637 255 637 256 905 256 888 256 637 257 888 257 595 257 595 258 888 258 548 258 595 259 548 259 958 259 958 260 548 260 582 260 958 261 582 261 959 261 959 262 582 262 583 262 959 263 583 263 960 263 960 264 583 264 961 264 961 265 583 265 584 265 961 266 584 266 962 266 963 267 840 267 964 267 964 268 840 268 841 268 964 269 841 269 965 269 965 270 841 270 954 270 565 271 946 271 500 271 500 272 946 272 962 272 500 273 962 273 497 273 497 274 962 274 584 274 637 275 595 275 593 275 589 275 639 275 587 275 587 275 639 275 621 275 587 275 621 275 593 275 593 275 621 275 616 275 593 275 616 275 637 275 966 276 471 276 967 276 967 277 471 277 472 277 967 278 472 278 968 278 968 279 472 279 579 279 968 280 579 280 969 280 969 281 579 281 537 281 969 282 537 282 970 282 970 283 537 283 539 283 970 284 539 284 589 284 589 285 539 285 521 285 589 286 521 286 639 286 639 286 521 286 863 286 639 287 863 287 971 287 971 288 863 288 642 288 971 289 642 289 972 289 972 290 642 290 644 290 910 291 973 291 790 291 790 292 973 292 974 292 790 293 974 293 789 293 789 294 974 294 975 294 789 295 975 295 926 295 926 296 975 296 976 296 926 297 976 297 877 297 877 298 976 298 977 298 877 299 977 299 644 299 644 300 977 300 978 300 644 301 978 301 972 301 471 302 966 302 477 302 477 303 966 303 979 303 477 304 979 304 480 304 480 305 979 305 980 305 480 306 980 306 585 306 585 306 980 306 981 306 585 307 981 307 578 307 578 308 981 308 982 308 578 309 982 309 577 309 577 310 982 310 983 310 577 311 983 311 366 311 366 312 983 312 984 312 366 313 984 313 368 313 368 314 984 314 985 314 368 315 985 315 290 315 290 316 985 316 937 316 986 218 185 218 987 218 944 218 988 218 945 218 989 218 990 218 991 218 992 218 993 218 994 218 995 218 996 218 997 218 998 218 256 218 999 218 277 218 275 218 1000 218 1001 218 1002 218 1003 218 1004 218 1005 218 941 218 1006 218 1007 218 1008 218 1009 218 1010 218 1011 218 1011 218 1010 218 1012 218 1013 218 1014 218 1015 218 1015 218 1014 218 1016 218 1015 218 1016 218 1017 218 1017 218 1016 218 1018 218 1017 218 1018 218 1012 218 941 218 1005 218 940 218 940 218 1005 218 1019 218 940 218 1019 218 1009 218 936 218 1020 218 934 218 934 218 1020 218 1021 218 934 218 1021 218 935 218 935 218 1021 218 1022 218 1022 218 1023 218 935 218 935 218 1023 218 1024 218 935 218 1024 218 941 218 941 218 1024 218 1025 218 941 218 1025 218 1004 218 1026 218 1027 218 1028 218 1029 218 938 218 1030 218 1030 218 938 218 939 218 1030 218 939 218 1031 218 1031 218 939 218 1032 218 988 218 1033 218 1034 218 1034 218 1033 218 1035 218 1034 218 1035 218 1036 218 1029 218 1037 218 938 218 938 218 1037 218 1038 218 938 218 1038 218 944 218 944 218 1038 218 1039 218 944 218 1039 218 988 218 988 218 1039 218 1040 218 988 218 1040 218 1033 218 1027 218 1026 218 1041 218 1041 218 1026 218 1042 218 1041 218 1042 218 1043 218 1036 218 1044 218 1045 218 1045 218 1044 218 1046 218 1045 218 1046 218 1047 218 1047 218 1046 218 1048 218 1047 218 1048 218 1042 218 1042 218 1048 218 1049 218 1042 218 1049 218 1043 218 1050 218 1051 218 1008 218 1015 218 1006 218 1013 218 1013 218 1006 218 1008 218 1013 218 1008 218 1052 218 1052 218 1008 218 1051 218 1050 218 1008 218 1053 218 1053 218 1008 218 1054 218 1053 218 1054 218 1055 218 1056 218 1057 218 1054 218 1054 218 1057 218 1058 218 1054 218 1058 218 1055 218 1002 218 1059 218 1056 218 1056 218 1059 218 1060 218 1056 218 1060 218 1057 218 1061 218 1062 218 1002 218 1002 218 1062 218 1063 218 1002 218 1063 218 1059 218 1064 218 1065 218 1061 218 1061 218 1065 218 1066 218 1061 218 1066 218 1062 218 238 218 236 218 1067 218 236 218 234 218 1067 218 1067 218 234 218 232 218 1067 218 232 218 230 218 242 218 240 218 1068 218 1068 218 240 218 238 218 1064 218 1061 218 1069 218 1069 218 1061 218 1067 218 1069 218 1067 218 1070 218 1070 218 1067 218 230 218 1070 218 230 218 1071 218 1071 218 1072 218 1070 218 1070 218 1072 218 1073 218 1070 218 1073 218 1074 218 1074 218 1073 218 1075 218 1074 218 1075 218 1076 218 1076 218 242 218 1074 218 1074 218 242 218 1068 218 1074 218 1068 218 1077 218 1077 218 1068 218 1078 218 1068 218 1079 218 1080 218 999 218 1081 218 1082 218 1082 218 1081 218 1083 218 1082 218 1083 218 1080 218 1080 218 1083 218 1084 218 1080 218 1084 218 1068 218 1068 218 1084 218 1085 218 1068 218 1085 218 1078 218 1086 218 1087 218 1088 218 1088 218 1087 218 1089 218 1088 218 1089 218 999 218 999 218 1089 218 1090 218 999 218 1090 218 1081 218 1091 218 1092 218 1093 218 1093 218 1092 218 1094 218 1093 218 1094 218 1086 218 1036 218 1045 218 1034 218 1034 218 1045 218 1095 218 1034 218 1095 218 1096 218 1012 218 1018 218 1011 218 1011 218 1018 218 1097 218 1011 218 1097 218 1026 218 1026 218 1097 218 1098 218 1026 218 1098 218 1042 218 266 218 264 218 274 218 1001 218 1003 218 273 218 273 218 1003 218 270 218 273 218 270 218 274 218 274 218 270 218 268 218 274 218 268 218 266 218 264 218 262 218 1099 218 1099 218 262 218 260 218 1099 218 260 218 1056 218 1056 218 260 218 258 218 1056 218 258 218 1100 218 1100 218 1101 218 1056 218 1056 218 1101 218 1102 218 1056 218 1102 218 1002 218 1002 218 1102 218 1103 218 1002 218 1103 218 1003 218 277 218 1000 218 279 218 256 218 254 218 1104 218 281 218 1105 218 283 218 283 218 1105 218 1106 218 283 218 1106 218 285 218 998 218 999 218 1107 218 1107 218 999 218 1108 218 1108 218 999 218 1082 218 1108 218 1082 218 1109 218 254 218 252 218 1104 218 1104 218 252 218 250 218 1104 218 250 218 1106 218 1106 218 250 218 248 218 1106 218 248 218 285 218 285 218 248 218 246 218 1109 218 1082 218 1110 218 1110 218 1082 218 1111 218 1110 218 1111 218 244 218 244 218 1111 218 289 218 244 218 289 218 246 218 246 218 289 218 287 218 246 218 287 218 285 218 238 218 1067 218 1068 218 1068 218 1067 218 1112 218 1068 218 1112 218 1079 218 1002 218 1113 218 1061 218 1061 218 1113 218 1114 218 1061 218 1114 218 1067 218 1067 218 1114 218 1115 218 1067 218 1115 218 1112 218 208 218 206 218 1116 218 212 218 1117 218 214 218 214 218 1117 218 997 218 214 218 997 218 1118 218 1118 218 997 218 996 218 208 218 1116 218 210 218 206 218 204 218 1116 218 1116 218 204 218 202 218 1116 218 202 218 1119 218 202 218 1120 218 1119 218 1119 218 1120 218 1121 218 1119 218 1121 218 1105 218 1121 218 1122 218 1105 218 1105 218 1122 218 1123 218 1105 218 1123 218 1106 218 1106 218 1123 218 995 218 194 218 192 218 1124 218 1124 218 192 218 191 218 1125 218 966 218 187 218 187 218 966 218 967 218 187 218 967 218 189 218 979 218 966 218 1126 218 1127 218 1128 218 966 218 966 218 1128 218 1129 218 966 218 1129 218 1126 218 1125 218 1130 218 966 218 966 218 1130 218 1131 218 966 218 1131 218 1127 218 1127 218 1131 218 1132 218 1127 218 1132 218 992 218 992 218 1132 218 1133 218 1133 218 1134 218 992 218 992 218 1134 218 200 218 992 218 200 218 993 218 993 218 200 218 198 218 993 218 198 218 196 218 991 218 1135 218 989 218 989 218 1135 218 1136 218 989 218 1136 218 1137 218 1137 218 1136 218 1138 218 1137 218 1138 218 1139 218 1140 218 1141 218 1142 218 1142 218 1141 218 1143 218 1144 218 1145 218 1146 218 1146 218 1145 218 1147 218 1147 218 1148 218 1146 218 1146 218 1148 218 1149 218 1146 218 1149 218 990 218 990 218 1149 218 1150 218 990 218 1150 218 991 218 1126 218 1151 218 979 218 979 218 1151 218 1152 218 979 218 1152 218 980 218 980 218 1152 218 1153 218 1154 218 1155 218 1117 218 1117 218 1155 218 997 218 997 218 1155 218 1156 218 997 218 1156 218 1157 218 1158 218 1159 218 987 218 1159 218 1160 218 987 218 987 218 1160 218 1161 218 987 218 1161 218 1162 218 1162 218 1161 218 1163 218 1162 218 1163 218 1117 218 1117 218 1163 218 1164 218 1117 218 1164 218 1154 218 1165 218 1166 218 1167 218 1168 218 1169 218 1170 218 218 218 216 218 1171 218 1170 218 1169 218 1172 218 1172 218 1169 218 1173 218 1172 218 1173 218 1174 218 1174 218 1175 218 1172 218 1172 218 1175 218 228 218 1172 218 228 218 1176 218 1176 218 228 218 226 218 1177 218 1178 218 1179 218 1179 218 1178 218 1171 218 1179 218 1171 218 1170 218 1170 218 1171 218 216 218 1170 218 216 218 1168 218 224 218 222 218 1171 218 1171 218 222 218 220 218 1171 218 220 218 218 218 1180 218 1181 218 947 218 947 218 1181 218 1182 218 947 218 1182 218 946 218 946 218 1182 218 1183 218 946 218 1183 218 1184 218 1185 218 1186 218 1187 218 1187 218 1188 218 1185 218 1185 218 1188 218 1189 218 1185 218 1189 218 1180 218 1157 218 1190 218 997 218 997 218 1190 218 1191 218 997 218 1191 218 1192 218 1192 218 1191 218 1193 218 1192 218 1193 218 1186 218 1186 218 1193 218 1194 218 1186 218 1194 218 1187 218 1139 218 1195 218 1137 218 1137 218 1195 218 1196 218 1137 218 1196 218 1197 218 1198 218 1199 218 1200 218 1200 218 1199 218 1201 218 1200 218 1201 218 589 218 589 218 1201 218 1202 218 589 218 1202 218 1203 218 1197 218 1204 218 1137 218 1137 218 1204 218 1205 218 1137 218 1205 218 1200 218 1200 218 1205 218 1206 218 1200 218 1206 218 1198 218 1207 218 993 218 1124 218 1124 218 993 218 196 218 1124 218 196 218 194 218 1139 218 1208 218 1195 218 1195 218 1208 218 1209 218 1195 218 1209 218 1210 218 1210 218 1209 218 994 218 1210 218 994 218 1211 218 1211 218 994 218 993 218 1211 218 993 218 1212 218 1212 218 993 218 1207 218 1213 218 1214 218 1215 218 1215 218 1214 218 1216 218 1215 218 1216 218 1124 218 1124 218 1216 218 1217 218 1124 218 1217 218 1207 218 1218 218 1219 218 595 218 1220 218 1221 218 987 218 1219 218 1222 218 595 218 595 218 1222 218 1223 218 595 218 1223 218 1224 218 1224 218 1223 218 1225 218 1224 218 1225 218 1226 218 1220 218 987 218 1227 218 1165 218 1158 218 1166 218 1166 218 1158 218 987 218 1166 218 987 218 1228 218 1228 218 987 218 1221 218 1226 218 1229 218 1224 218 1224 218 1229 218 1230 218 1224 218 1230 218 1227 218 1231 218 1232 218 1233 218 226 218 224 218 1176 218 1176 218 224 218 1171 218 1176 218 1171 218 1234 218 1234 218 1171 218 1235 218 1234 218 1236 218 1176 218 1176 218 1236 218 1237 218 1176 218 1237 218 1238 218 1184 218 1239 218 946 218 946 218 1239 218 1172 218 946 218 1172 218 962 218 962 218 1172 218 1176 218 962 218 1176 218 1231 218 1231 218 1176 218 1238 218 1231 218 1238 218 1232 218 1235 218 1171 218 1240 218 1240 218 1171 218 1178 218 1240 218 1178 218 1167 218 1167 218 1178 218 1177 218 1167 218 1177 218 1165 218 945 218 988 218 943 218 943 218 988 218 1034 218 943 218 1034 218 1091 218 1091 218 1034 218 1096 218 1091 218 1096 218 1092 218 942 218 943 218 953 218 953 218 943 218 1091 218 953 218 1091 218 952 218 952 218 1091 218 1093 218 952 218 1093 218 1241 218 1180 218 947 218 1185 218 1185 218 947 218 948 218 1185 218 948 218 949 218 1218 218 595 218 1242 218 1242 218 595 218 958 218 1242 218 958 218 1243 218 1243 218 958 218 959 218 1243 218 959 218 1233 218 1233 218 959 218 960 218 1233 218 960 218 1231 218 1231 218 960 218 961 218 1231 218 961 218 962 218 1203 218 1244 218 589 218 589 218 1244 218 1245 218 589 218 1245 218 970 218 970 218 1245 218 1213 218 970 218 1213 218 969 218 969 218 1213 218 1215 218 969 218 1215 218 968 218 968 218 1215 218 1124 218 968 218 1124 218 967 218 967 218 1124 218 191 218 967 218 191 218 189 218 985 218 984 218 1246 218 1246 218 984 218 983 218 1246 218 983 218 1247 218 1247 218 983 218 982 218 1247 218 982 218 1248 218 1248 218 982 218 981 218 1248 218 981 218 1249 218 1249 218 981 218 980 218 1249 218 980 218 1250 218 1250 218 980 218 1153 218 1250 218 1153 218 1251 218 937 218 1008 218 936 218 936 218 1008 218 1007 218 936 218 1007 218 1020 218 1086 218 1088 218 1093 218 1093 218 1088 218 1252 218 1093 218 1252 218 1241 218 1241 218 1252 218 951 218 1241 218 951 218 952 218 256 218 1104 218 999 218 999 218 1104 218 1253 218 999 218 1253 218 1088 218 1088 218 1253 218 1254 218 1088 218 1254 218 1252 218 1252 218 1254 218 950 218 1252 218 950 218 951 218 995 218 997 218 1106 218 1106 218 997 218 1192 218 1106 218 1192 218 1104 218 1104 218 1192 218 1186 218 1104 218 1186 218 1253 218 1253 218 1186 218 1185 218 1253 218 1185 218 1254 218 1254 218 1185 218 949 218 1254 218 949 218 950 218 1227 218 987 218 1224 218 1224 218 987 218 185 218 1224 218 185 218 183 218 177 218 1255 218 179 218 179 218 1255 218 1224 218 179 218 1224 218 181 218 181 218 1224 218 183 218 177 218 175 218 1255 218 1255 218 175 218 173 218 1255 218 173 218 1256 218 1256 218 173 218 1257 218 1258 218 1259 218 987 218 987 218 1259 218 1260 218 987 218 1260 218 986 218 212 218 210 218 1117 218 1117 218 210 218 1116 218 1117 218 1116 218 1162 218 1162 218 1116 218 1261 218 1162 218 1261 218 987 218 987 218 1261 218 1256 218 987 218 1256 218 1258 218 1258 218 1256 218 1257 218 1009 218 1011 218 940 218 940 218 1011 218 1026 218 940 218 1026 218 939 218 939 218 1026 218 1028 218 939 218 1028 218 1032 218 281 218 279 218 1105 218 1105 218 279 218 1000 218 1105 218 1000 218 1119 218 1119 218 1000 218 1146 218 1119 218 1146 218 1116 218 1116 218 1146 218 990 218 1116 218 990 218 1261 218 1261 218 990 218 989 218 1261 218 989 218 1256 218 1256 218 989 218 1137 218 1256 218 1137 218 1255 218 1255 218 1137 218 1200 218 1143 218 1144 218 1142 218 1142 218 1144 218 1146 218 1142 218 1146 218 1099 218 1099 218 1146 218 1000 218 1099 218 1000 218 264 218 264 218 1000 218 275 218 264 218 275 218 274 218 937 218 985 218 1008 218 1008 218 985 218 1246 218 1008 218 1246 218 1054 218 1054 218 1246 218 1247 218 1054 218 1247 218 1056 218 1056 218 1247 218 1248 218 1056 218 1248 218 1099 218 1099 218 1248 218 1249 218 1099 218 1249 218 1142 218 1142 218 1249 218 1250 218 1142 218 1250 218 1140 218 1140 218 1250 218 1251 218 337 317 336 317 1007 317 1007 317 336 317 1020 317 334 318 1022 318 335 318 335 318 1022 318 1021 318 335 319 1021 319 336 319 336 319 1021 319 1020 319 334 320 333 320 1022 320 1022 320 333 320 1023 320 333 321 332 321 1023 321 1023 321 332 321 1024 321 332 275 330 275 1024 275 1024 275 330 275 1025 275 330 322 329 322 1025 322 1025 322 329 322 1004 322 1004 323 329 323 1005 323 1005 324 329 324 327 324 1005 325 327 325 1019 325 327 326 326 326 1019 326 1019 326 326 326 1009 326 1009 327 326 327 1010 327 1010 327 326 327 572 327 1010 327 572 327 1012 327 1012 327 572 327 573 327 573 328 574 328 1012 328 1012 328 574 328 1017 328 1017 329 574 329 1015 329 1015 330 574 330 576 330 1015 331 576 331 1006 331 576 332 337 332 1006 332 1006 332 337 332 1007 332 339 333 348 333 1031 333 1031 333 348 333 1030 333 348 275 347 275 1030 275 1030 275 347 275 1029 275 347 334 346 334 1029 334 1029 334 346 334 1037 334 346 335 341 335 1037 335 1037 335 341 335 1038 335 357 336 1040 336 343 336 343 336 1040 336 1039 336 343 337 1039 337 341 337 341 337 1039 337 1038 337 357 338 356 338 1040 338 1040 338 356 338 1033 338 356 339 355 339 1033 339 1033 339 355 339 1035 339 355 340 351 340 1035 340 1035 340 351 340 1036 340 351 341 350 341 1036 341 1036 341 350 341 1044 341 350 342 364 342 1044 342 1044 342 364 342 1046 342 364 343 363 343 1046 343 1046 343 363 343 1048 343 363 344 354 344 1048 344 1048 344 354 344 1049 344 354 345 353 345 1049 345 1049 345 353 345 1043 345 353 346 361 346 1043 346 1043 346 361 346 1041 346 1041 347 361 347 1027 347 1027 347 361 347 359 347 1027 347 359 347 1028 347 1028 347 359 347 358 347 358 348 340 348 1028 348 1028 348 340 348 1032 348 340 349 339 349 1032 349 1032 349 339 349 1031 349 365 350 367 350 1050 350 1050 350 367 350 1051 350 371 351 1052 351 369 351 369 352 1052 352 1051 352 369 353 1051 353 367 353 1052 354 371 354 1013 354 1013 354 371 354 372 354 1013 355 372 355 1014 355 1014 356 372 356 575 356 1014 357 575 357 1016 357 323 358 1097 358 324 358 324 359 1097 359 1018 359 324 360 1018 360 575 360 575 361 1018 361 1016 361 323 275 373 275 1097 275 1097 275 373 275 1098 275 362 362 1047 362 352 362 352 362 1047 362 1042 362 352 363 1042 363 373 363 373 363 1042 363 1098 363 1045 364 1047 364 362 364 320 365 1095 365 321 365 321 366 1095 366 1045 366 321 367 1045 367 349 367 349 364 1045 364 362 364 1095 368 320 368 1096 368 1096 369 320 369 377 369 1096 370 377 370 1092 370 377 371 375 371 1092 371 1092 371 375 371 1094 371 381 372 1087 372 382 372 382 372 1087 372 1086 372 382 373 1086 373 375 373 375 373 1086 373 1094 373 381 374 379 374 1087 374 1087 374 379 374 1089 374 1089 375 379 375 1090 375 1090 376 379 376 318 376 1090 377 318 377 1081 377 1081 378 318 378 317 378 317 379 425 379 1081 379 1081 379 425 379 1083 379 1083 380 425 380 1084 380 1084 380 425 380 315 380 1084 381 315 381 1085 381 1085 381 315 381 314 381 314 382 385 382 1085 382 1085 382 385 382 1078 382 385 383 384 383 1078 383 1078 383 384 383 1077 383 1077 225 384 225 1074 225 1074 225 384 225 383 225 1074 225 383 225 1070 225 1070 225 383 225 388 225 1070 225 388 225 1069 225 1069 225 388 225 393 225 1069 384 393 384 1064 384 1064 385 393 385 394 385 1064 386 394 386 1065 386 394 387 401 387 1065 387 1065 387 401 387 1066 387 398 388 1063 388 400 388 400 388 1063 388 1062 388 400 389 1062 389 401 389 401 389 1062 389 1066 389 398 390 397 390 1063 390 1063 390 397 390 1059 390 408 391 1060 391 410 391 410 392 1060 392 1059 392 410 393 1059 393 397 393 408 394 407 394 1060 394 1060 394 407 394 1057 394 1057 395 407 395 1058 395 1058 395 407 395 405 395 1058 396 405 396 1055 396 1055 396 405 396 403 396 403 397 402 397 1055 397 1055 397 402 397 1053 397 402 398 365 398 1053 398 1053 398 365 398 1050 398 288 399 289 399 311 399 311 399 289 399 1111 399 311 34 1111 34 312 34 312 400 1111 400 1082 400 312 401 1082 401 426 401 426 402 1082 402 1080 402 426 403 1080 403 427 403 427 403 1080 403 1079 403 427 404 1079 404 428 404 428 404 1079 404 1112 404 428 405 1112 405 395 405 395 406 1112 406 1115 406 395 407 1115 407 396 407 1115 25 1114 25 396 25 396 408 1114 408 1113 408 396 409 1113 409 399 409 399 410 1113 410 1002 410 399 24 1002 24 422 24 422 24 1002 24 1001 24 422 411 1001 411 272 411 272 411 1001 411 273 411 269 41 270 41 423 41 423 41 270 41 1003 41 423 40 1003 40 424 40 424 40 1003 40 1103 40 424 39 1103 39 421 39 421 39 1103 39 1102 39 421 38 1102 38 418 38 418 38 1102 38 1101 38 418 37 1101 37 419 37 419 37 1101 37 1100 37 419 36 1100 36 257 36 257 36 1100 36 258 36 255 45 256 45 413 45 413 45 256 45 998 45 413 34 998 34 414 34 414 34 998 34 1107 34 414 44 1107 44 415 44 415 44 1107 44 1108 44 415 43 1108 43 416 43 416 43 1108 43 1109 43 416 24 1109 24 313 24 313 24 1109 24 1110 24 313 412 1110 412 243 412 243 412 1110 412 244 412 241 50 242 50 390 50 390 50 242 50 1076 50 390 49 1076 49 391 49 391 49 1076 49 1075 49 391 48 1075 48 392 48 392 48 1075 48 1073 48 392 25 1073 25 386 25 386 25 1073 25 1072 25 386 413 1072 413 387 413 387 413 1072 413 1071 413 387 46 1071 46 229 46 229 46 1071 46 230 46 227 414 228 414 1262 414 1262 414 228 414 1175 414 1262 57 1175 57 1263 57 1263 57 1175 57 1174 57 1263 415 1174 415 1264 415 1264 415 1174 415 1173 415 1264 53 1173 53 1265 53 1265 53 1173 53 1169 53 1265 52 1169 52 1266 52 1266 52 1169 52 1168 52 1266 51 1168 51 215 51 215 51 1168 51 216 51 213 50 214 50 439 50 439 50 214 50 1118 50 439 416 1118 416 438 416 438 416 1118 416 996 416 438 40 996 40 437 40 437 40 996 40 995 40 437 59 995 59 436 59 436 59 995 59 1123 59 436 417 1123 417 430 417 430 417 1123 417 1122 417 430 418 1122 418 431 418 431 418 1122 418 1121 418 431 419 1121 419 433 419 433 419 1121 419 1120 419 433 46 1120 46 201 46 201 46 1120 46 202 46 199 65 200 65 1267 65 1267 65 200 65 1134 65 1267 64 1134 64 1268 64 1268 64 1134 64 1133 64 1268 63 1133 63 1269 63 1133 63 1132 63 1269 63 1269 420 1132 420 1131 420 1269 421 1131 421 1270 421 1270 422 1131 422 1130 422 1270 52 1130 52 1271 52 1271 52 1130 52 1125 52 1271 61 1125 61 186 61 186 61 1125 61 187 61 184 71 185 71 1272 71 1272 71 185 71 986 71 1272 70 986 70 1273 70 1273 70 986 70 1260 70 1273 69 1260 69 1274 69 1274 69 1260 69 1259 69 1274 423 1259 423 1275 423 1275 423 1259 423 1258 423 1275 67 1258 67 1276 67 1276 67 1258 67 1257 67 1276 66 1257 66 172 66 172 66 1257 66 173 66 481 424 440 424 1251 424 1251 424 440 424 1140 424 1140 425 440 425 1141 425 1141 426 440 426 442 426 1141 427 442 427 1143 427 450 428 1144 428 444 428 444 429 1144 429 1143 429 444 430 1143 430 442 430 450 431 449 431 1144 431 1144 431 449 431 1145 431 449 432 448 432 1145 432 1145 432 448 432 1147 432 448 433 447 433 1147 433 1147 433 447 433 1148 433 447 434 446 434 1148 434 1148 434 446 434 1149 434 457 435 1150 435 445 435 445 436 1150 436 1149 436 445 437 1149 437 446 437 456 327 454 327 1136 327 1150 327 457 327 991 327 991 327 457 327 456 327 991 327 456 327 1135 327 1135 327 456 327 1136 327 454 438 452 438 1136 438 1136 438 452 438 1138 438 452 439 451 439 1138 439 1138 439 451 439 1139 439 451 440 466 440 1139 440 1139 440 466 440 1208 440 466 441 468 441 1208 441 1208 441 468 441 1209 441 1209 442 468 442 994 442 994 443 468 443 470 443 994 444 470 444 992 444 992 445 470 445 463 445 992 446 463 446 1127 446 1127 447 463 447 462 447 1127 448 462 448 1128 448 1128 449 462 449 479 449 479 450 478 450 1128 450 1128 450 478 450 1129 450 478 451 475 451 1129 451 1129 451 475 451 1126 451 475 452 476 452 1126 452 1126 452 476 452 1151 452 481 453 1251 453 482 453 482 454 1251 454 1153 454 482 455 1153 455 483 455 483 456 1153 456 1152 456 483 457 1152 457 476 457 476 458 1152 458 1151 458 489 459 490 459 1157 459 1157 459 490 459 1190 459 490 460 486 460 1190 460 1190 460 486 460 1191 460 1191 461 486 461 485 461 1191 462 485 462 1193 462 1193 463 485 463 494 463 1193 464 494 464 1194 464 1194 465 494 465 1187 465 1187 466 494 466 492 466 1187 467 492 467 1188 467 492 468 491 468 1188 468 1188 468 491 468 1189 468 309 469 1182 469 310 469 310 470 1182 470 1181 470 310 471 1181 471 495 471 495 472 1181 472 1180 472 495 473 1180 473 491 473 491 474 1180 474 1189 474 309 475 504 475 1182 475 1182 475 504 475 1183 475 504 476 503 476 1183 476 1183 476 503 476 1184 476 503 477 502 477 1184 477 1184 477 502 477 1239 477 1239 478 502 478 1172 478 1172 479 502 479 501 479 1172 480 501 480 1170 480 1170 481 501 481 303 481 302 482 1165 482 305 482 305 483 1165 483 1177 483 305 484 1177 484 303 484 303 485 1177 485 1179 485 303 486 1179 486 1170 486 302 487 510 487 1165 487 1165 487 510 487 1158 487 510 488 509 488 1158 488 1158 488 509 488 1159 488 509 489 508 489 1159 489 1159 489 508 489 1160 489 508 490 515 490 1160 490 1160 490 515 490 1161 490 1161 347 515 347 1163 347 1163 347 515 347 514 347 1163 347 514 347 1164 347 1164 347 514 347 512 347 1164 347 512 347 1154 347 487 491 1155 491 511 491 511 492 1155 492 1154 492 511 493 1154 493 512 493 487 494 488 494 1155 494 1155 494 488 494 1156 494 488 495 489 495 1156 495 1156 495 489 495 1157 495 536 496 534 496 1216 496 1216 497 1214 497 536 497 536 498 1214 498 1213 498 536 499 1213 499 538 499 538 500 1213 500 1245 500 538 501 1245 501 540 501 534 502 533 502 1216 502 1216 502 533 502 1217 502 533 503 516 503 1217 503 1217 503 516 503 1207 503 516 504 517 504 1207 504 1207 504 517 504 1212 504 1212 505 517 505 1211 505 1211 506 517 506 518 506 1211 507 518 507 1210 507 525 508 1196 508 467 508 467 509 1196 509 1195 509 467 510 1195 510 469 510 469 511 1195 511 1210 511 469 512 1210 512 518 512 525 513 527 513 1196 513 1196 513 527 513 1197 513 527 514 529 514 1197 514 1197 514 529 514 1204 514 529 515 532 515 1204 515 1204 515 532 515 1205 515 532 327 531 327 1205 327 1205 327 531 327 1206 327 531 516 530 516 1206 516 1206 516 530 516 1198 516 530 517 524 517 1198 517 1198 517 524 517 1199 517 524 518 523 518 1199 518 1199 518 523 518 1201 518 523 225 520 225 1201 225 1201 225 520 225 1202 225 520 519 519 519 1202 519 1202 519 519 519 1203 519 519 520 541 520 1203 520 1203 520 541 520 1244 520 541 521 540 521 1244 521 1244 521 540 521 1245 521 545 522 1240 522 300 522 300 523 1240 523 1167 523 300 524 1167 524 301 524 301 525 1167 525 1166 525 301 526 1166 526 551 526 551 527 1166 527 1228 527 544 528 1234 528 545 528 545 529 1234 529 1235 529 545 530 1235 530 1240 530 544 531 543 531 1234 531 1234 531 543 531 1236 531 543 532 542 532 1236 532 1236 532 542 532 1237 532 542 533 546 533 1237 533 1237 533 546 533 1238 533 1238 534 546 534 1232 534 1232 535 546 535 298 535 581 536 1242 536 297 536 297 537 1242 537 1243 537 297 538 1243 538 298 538 298 539 1243 539 1233 539 298 540 1233 540 1232 540 581 541 580 541 1242 541 1242 541 580 541 1218 541 580 542 547 542 1218 542 1218 542 547 542 1219 542 547 543 549 543 1219 543 1219 543 549 543 1222 543 549 544 550 544 1222 544 1222 544 550 544 1223 544 550 225 553 225 1223 225 1223 225 553 225 1225 225 553 545 555 545 1225 545 1225 545 555 545 1226 545 555 546 561 546 1226 546 1226 546 561 546 1229 546 561 547 560 547 1229 547 1229 547 560 547 1230 547 560 347 559 347 1230 347 1230 347 559 347 1227 347 559 548 558 548 1227 548 1227 548 558 548 1220 548 558 549 557 549 1220 549 1220 549 557 549 1221 549 557 550 551 550 1221 550 1221 550 551 550 1228 550 597 551 591 551 596 551 596 551 591 551 590 551 1277 552 1278 552 595 552 1279 553 591 553 1280 553 1280 553 591 553 597 553 1280 554 597 554 1281 554 595 555 1224 555 1277 555 1277 555 1224 555 1255 555 1277 555 1255 555 1282 555 1282 555 1255 555 1200 555 1282 556 1200 556 1283 556 1283 553 1200 553 589 553 1283 557 589 557 1284 557 1278 558 1285 558 595 558 595 559 1285 559 1286 559 595 560 1286 560 597 560 597 561 1286 561 1287 561 597 562 1287 562 1281 562 1279 563 1288 563 591 563 591 564 1288 564 1289 564 591 565 1289 565 589 565 589 566 1289 566 1290 566 589 567 1290 567 1284 567 601 568 599 568 1279 568 1279 569 599 569 1288 569 599 570 613 570 1288 570 1288 571 613 571 1289 571 613 572 612 572 1289 572 1289 572 612 572 1290 572 612 573 611 573 1290 573 1290 574 611 574 1284 574 611 575 607 575 1284 575 1284 575 607 575 1283 575 607 576 606 576 1283 576 1283 577 606 577 1282 577 606 578 605 578 1282 578 1282 578 605 578 1277 578 605 579 604 579 1277 579 1277 580 604 580 1278 580 604 581 603 581 1278 581 1278 581 603 581 1285 581 603 582 610 582 1285 582 1285 583 610 583 1286 583 610 584 609 584 1286 584 1286 584 609 584 1287 584 609 585 608 585 1287 585 1287 586 608 586 1281 586 608 587 602 587 1281 587 1281 588 602 588 1280 588 602 589 601 589 1280 589 1280 589 601 589 1279 589 598 327 618 327 588 327 588 327 618 327 622 327 588 327 622 327 590 327 590 327 622 327 638 327 614 590 1291 590 615 590 615 591 1291 591 1292 591 615 592 1292 592 636 592 636 593 1292 593 1293 593 636 119 1293 119 634 119 598 225 600 225 618 225 618 225 600 225 1291 225 618 225 1291 225 614 225 634 275 1293 275 1292 275 1292 275 1294 275 596 275 634 275 1292 275 638 275 638 275 1292 275 596 275 638 275 596 275 590 275 620 594 619 594 1295 594 1295 594 619 594 1296 594 619 595 617 595 1296 595 1296 596 617 596 1297 596 617 597 633 597 1297 597 1297 598 633 598 1298 598 633 599 632 599 1298 599 1298 599 632 599 1299 599 632 600 631 600 1299 600 1299 600 631 600 1300 600 631 601 627 601 1300 601 1300 601 627 601 1301 601 627 602 626 602 1301 602 1301 603 626 603 1302 603 626 604 625 604 1302 604 1302 604 625 604 1303 604 625 605 624 605 1303 605 1303 606 624 606 1304 606 624 607 623 607 1304 607 1304 607 623 607 1305 607 623 608 630 608 1305 608 1305 608 630 608 1306 608 630 609 629 609 1306 609 1306 609 629 609 1307 609 629 610 628 610 1307 610 1307 611 628 611 1308 611 628 612 620 612 1308 612 1308 613 620 613 1295 613 1303 614 1304 614 639 614 639 615 1309 615 1303 615 1303 615 1309 615 1310 615 1303 615 1310 615 1302 615 1302 615 1310 615 1311 615 1302 616 1311 616 1301 616 1301 617 1311 617 637 617 1301 618 637 618 1300 618 1296 619 635 619 1295 619 1295 619 635 619 640 619 1295 620 640 620 1308 620 1296 621 1297 621 635 621 635 622 1297 622 1298 622 635 623 1298 623 637 623 637 624 1298 624 1299 624 637 625 1299 625 1300 625 1304 626 1305 626 639 626 639 627 1305 627 1306 627 639 628 1306 628 640 628 640 629 1306 629 1307 629 640 630 1307 630 1308 630 640 631 635 631 638 631 638 631 635 631 634 631 878 632 880 632 1312 632 1312 632 880 632 1313 632 880 549 882 549 1313 549 1313 549 882 549 1314 549 882 633 885 633 1314 633 1314 633 885 633 1315 633 1315 347 885 347 1316 347 1316 347 885 347 884 347 1316 347 884 347 1317 347 1317 347 884 347 892 347 892 547 890 547 1317 547 1317 547 890 547 1318 547 890 634 889 634 1318 634 1318 634 889 634 1319 634 889 545 895 545 1319 545 1319 545 895 545 1320 545 895 225 894 225 1320 225 1320 225 894 225 1321 225 894 635 893 635 1321 635 1321 635 893 635 1322 635 893 636 887 636 1322 636 1322 636 887 636 1323 636 887 542 886 542 1323 542 1323 542 886 542 1324 542 886 541 906 541 1324 541 1324 541 906 541 1325 541 902 637 900 637 1326 637 1327 536 1325 536 906 536 906 638 651 638 1327 638 1327 639 651 639 653 639 1327 640 653 640 1328 640 1328 641 653 641 902 641 1328 642 902 642 1329 642 1329 643 902 643 1326 643 900 533 899 533 1326 533 1326 533 899 533 1330 533 899 532 896 532 1330 532 1330 532 896 532 1331 532 896 531 897 531 1331 531 1331 531 897 531 1332 531 1332 644 897 644 1333 644 1333 645 897 645 898 645 1333 530 898 530 1334 530 878 646 1312 646 836 646 836 647 1312 647 1335 647 836 648 1335 648 838 648 838 649 1335 649 1334 649 838 522 1334 522 898 522 924 521 923 521 1336 521 1336 521 923 521 1337 521 923 520 865 520 1337 520 1337 520 865 520 1338 520 865 519 864 519 1338 519 1338 519 864 519 1339 519 864 225 862 225 1339 225 1339 225 862 225 1340 225 862 518 861 518 1340 518 1340 518 861 518 1341 518 861 650 857 650 1341 650 1341 650 857 650 1342 650 857 516 856 516 1342 516 1342 516 856 516 1343 516 1343 327 856 327 1344 327 1344 327 856 327 860 327 1344 327 860 327 1345 327 1345 327 860 327 866 327 866 651 871 651 1345 651 1345 651 871 651 1346 651 871 514 870 514 1346 514 1346 514 870 514 1347 514 870 652 867 652 1347 652 1347 652 867 652 1348 652 875 653 1349 653 657 653 657 654 1349 654 1350 654 657 655 1350 655 658 655 658 656 1350 656 1351 656 658 657 1351 657 867 657 867 658 1351 658 1348 658 874 659 1352 659 875 659 875 660 1352 660 1353 660 875 507 1353 507 1349 507 874 504 873 504 1352 504 1352 504 873 504 1354 504 873 503 872 503 1354 503 1354 503 872 503 1355 503 872 502 876 502 1355 502 1355 502 876 502 1356 502 1356 661 876 661 1357 661 1357 662 876 662 655 662 924 663 1336 663 925 663 925 664 1336 664 1358 664 925 665 1358 665 654 665 654 666 1358 666 1359 666 654 667 1359 667 655 667 655 668 1359 668 1360 668 655 669 1360 669 1357 669 819 495 816 495 1361 495 1361 495 816 495 1362 495 816 494 814 494 1362 494 1362 494 814 494 1363 494 826 670 1364 670 813 670 813 671 1364 671 1363 671 813 672 1363 672 814 672 825 347 823 347 1365 347 1365 347 1366 347 825 347 825 347 1366 347 1367 347 825 347 1367 347 826 347 826 347 1367 347 1368 347 826 347 1368 347 1364 347 823 490 821 490 1365 490 1365 490 821 490 1369 490 821 489 820 489 1369 489 1369 489 820 489 1370 489 820 488 835 488 1370 488 1370 488 835 488 1371 488 835 487 837 487 1371 487 1371 487 837 487 1372 487 1372 673 837 673 1373 673 1373 674 837 674 839 674 849 675 1374 675 833 675 833 676 1374 676 1375 676 833 677 1375 677 834 677 834 678 1375 678 1376 678 834 679 1376 679 839 679 839 680 1376 680 1377 680 839 681 1377 681 1373 681 849 477 848 477 1374 477 1374 477 848 477 1378 477 848 476 844 476 1378 476 1378 476 844 476 1379 476 844 475 845 475 1379 475 1379 475 845 475 1380 475 852 682 1381 682 850 682 850 683 1381 683 1382 683 850 684 1382 684 847 684 847 685 1382 685 1383 685 847 686 1383 686 845 686 845 687 1383 687 1380 687 852 468 855 468 1381 468 1381 468 855 468 1384 468 1384 467 855 467 1385 467 1385 688 855 688 854 688 1385 465 854 465 1386 465 817 461 1387 461 853 461 853 689 1387 689 1386 689 853 690 1386 690 854 690 817 460 818 460 1387 460 1387 460 818 460 1388 460 818 459 819 459 1388 459 1388 459 819 459 1361 459 927 691 1389 691 928 691 928 692 1389 692 1390 692 928 693 1390 693 783 693 783 694 1390 694 1391 694 783 695 1391 695 784 695 784 696 1391 696 1392 696 927 452 792 452 1389 452 1389 452 792 452 1393 452 792 451 791 451 1393 451 1393 451 791 451 1394 451 791 450 794 450 1394 450 1394 450 794 450 1395 450 662 697 659 697 1396 697 1395 698 794 698 1397 698 1397 699 794 699 793 699 1397 700 793 700 1398 700 1398 701 793 701 660 701 1396 702 1399 702 662 702 662 703 1399 703 1400 703 662 704 1400 704 660 704 660 705 1400 705 1401 705 660 706 1401 706 1398 706 659 441 801 441 1396 441 1396 441 801 441 1402 441 801 440 800 440 1402 440 1402 440 800 440 1403 440 800 439 798 439 1403 439 1403 439 798 439 1404 439 798 438 797 438 1404 438 1404 438 797 438 1405 438 804 327 1406 327 1407 327 804 327 1407 327 802 327 1405 327 797 327 1408 327 1408 327 797 327 802 327 1408 327 802 327 1409 327 1409 327 802 327 1407 327 809 707 1410 707 806 707 806 708 1410 708 1406 708 806 709 1406 709 804 709 809 434 808 434 1410 434 1410 434 808 434 1411 434 808 433 807 433 1411 433 1411 433 807 433 1412 433 807 432 812 432 1412 432 1412 432 812 432 1413 432 812 431 811 431 1413 431 1413 431 811 431 1414 431 1414 428 811 428 810 428 1414 710 810 710 1415 710 1415 711 810 711 786 711 1415 712 786 712 1416 712 1416 427 786 427 1417 427 1417 713 786 713 785 713 1417 714 785 714 1418 714 785 424 784 424 1418 424 1418 424 784 424 1392 424 170 77 171 77 1419 77 1419 77 171 77 1420 77 1419 76 1420 76 1421 76 1421 76 1420 76 1422 76 1421 75 1422 75 1423 75 1423 75 1422 75 1424 75 1423 715 1424 715 1425 715 1425 715 1424 715 1426 715 1425 73 1426 73 1427 73 1427 73 1426 73 1428 73 1427 72 1428 72 158 72 158 72 1428 72 159 72 156 85 157 85 1429 85 1429 85 157 85 1430 85 1429 84 1430 84 1431 84 1430 84 1432 84 1431 84 1431 716 1432 716 1433 716 1431 717 1433 717 1434 717 1434 718 1433 718 1435 718 1435 719 1433 719 1436 719 1435 79 1436 79 1437 79 1437 79 1436 79 1438 79 1437 720 1438 720 144 720 144 720 1438 720 145 720 142 90 143 90 929 90 929 90 143 90 1439 90 929 721 1439 721 931 721 931 721 1439 721 1440 721 931 88 1440 88 932 88 932 88 1440 88 1441 88 932 87 1441 87 933 87 933 87 1441 87 1442 87 933 8 1442 8 930 8 930 8 1442 8 1443 8 930 86 1443 86 130 86 130 86 1443 86 131 86 128 96 129 96 1444 96 1444 96 129 96 1445 96 1444 95 1445 95 1446 95 1445 95 1447 95 1446 95 1446 722 1447 722 1448 722 1446 723 1448 723 1449 723 1449 724 1448 724 1450 724 1449 93 1450 93 1451 93 1451 93 1450 93 1452 93 1451 92 1452 92 1453 92 1453 92 1452 92 1454 92 1453 91 1454 91 115 91 115 91 1454 91 116 91 113 90 114 90 685 90 685 90 114 90 1455 90 685 5 1455 5 687 5 687 5 1455 5 1456 5 687 99 1456 99 688 99 688 99 1456 99 1457 99 688 98 1457 98 689 98 689 98 1457 98 1458 98 689 97 1458 97 690 97 690 97 1458 97 1459 97 690 86 1459 86 101 86 101 86 1459 86 102 86 99 725 100 725 774 725 774 725 100 725 1460 725 774 89 1460 89 775 89 775 89 1460 89 1461 89 775 102 1461 102 776 102 776 102 1461 102 1462 102 776 101 1462 101 770 101 770 101 1462 101 1463 101 770 110 1463 110 771 110 771 110 1463 110 1464 110 771 726 1464 726 87 726 87 726 1464 726 88 726 85 108 86 108 758 108 758 108 86 108 1465 108 758 107 1465 107 759 107 759 107 1465 107 1466 107 759 102 1466 102 762 102 762 102 1466 102 1467 102 762 106 1467 106 764 106 764 106 1467 106 1468 106 764 105 1468 105 765 105 765 105 1468 105 1469 105 765 104 1469 104 73 104 73 104 1469 104 74 104 71 727 72 727 781 727 781 727 72 727 1470 727 781 5 1470 5 772 5 1470 5 1471 5 772 5 772 728 1471 728 1472 728 772 729 1472 729 778 729 778 5 1472 5 1473 5 778 730 1473 730 779 730 779 730 1473 730 1474 730 779 731 1474 731 780 731 780 731 1474 731 1475 731 780 115 1475 115 767 115 767 732 1475 732 1476 732 767 733 1476 733 768 733 768 734 1476 734 1477 734 768 105 1477 105 761 105 761 105 1477 105 1478 105 761 8 1478 8 760 8 760 8 1478 8 1479 8 760 109 1479 109 50 109 50 109 1479 109 51 109 754 398 753 398 1480 398 1480 398 753 398 1481 398 753 397 675 397 1481 397 1481 397 675 397 1482 397 673 395 1483 395 674 395 674 395 1483 395 1484 395 674 396 1484 396 675 396 675 396 1484 396 1482 396 673 394 676 394 1483 394 1483 394 676 394 1485 394 680 735 1486 735 678 735 678 736 1486 736 1487 736 678 737 1487 737 676 737 676 738 1487 738 1485 738 680 390 681 390 1486 390 1486 390 681 390 1488 390 670 389 1489 389 671 389 671 389 1489 389 1490 389 671 739 1490 739 681 739 681 739 1490 739 1488 739 670 740 684 740 1489 740 1489 740 684 740 1491 740 684 741 683 741 1491 741 1491 741 683 741 1492 741 1492 225 683 225 1493 225 1493 225 683 225 682 225 1493 225 682 225 1494 225 1494 225 682 225 691 225 1494 225 691 225 1495 225 1495 225 691 225 692 225 1495 742 692 742 1496 742 1496 743 692 743 693 743 1496 744 693 744 1497 744 693 745 699 745 1497 745 1497 745 699 745 1498 745 1498 381 699 381 1499 381 1499 381 699 381 698 381 1499 380 698 380 1500 380 1500 380 698 380 697 380 697 379 696 379 1500 379 1500 379 696 379 1501 379 694 746 1502 746 695 746 695 747 1502 747 1501 747 695 748 1501 748 696 748 694 374 703 374 1502 374 1502 374 703 374 1503 374 707 373 1504 373 705 373 705 373 1504 373 1505 373 705 372 1505 372 703 372 703 372 1505 372 1503 372 707 371 708 371 1504 371 1504 371 708 371 1506 371 708 749 701 749 1506 749 1506 749 701 749 1507 749 1507 365 701 365 700 365 1507 750 700 750 1508 750 1508 367 700 367 712 367 1508 364 712 364 1509 364 1509 751 712 751 724 751 1509 752 724 752 1510 752 734 363 1511 363 726 363 726 363 1511 363 1512 363 726 362 1512 362 724 362 724 362 1512 362 1510 362 734 275 733 275 1511 275 1511 275 733 275 1513 275 744 753 1514 753 732 753 732 754 1514 754 1515 754 732 755 1515 755 733 755 733 358 1515 358 1513 358 741 354 1516 354 739 354 739 354 1516 354 1517 354 739 756 1517 756 744 756 744 756 1517 756 1514 756 756 757 1518 757 757 757 757 758 1518 758 1516 758 757 759 1516 759 741 759 1518 760 756 760 1519 760 1519 761 756 761 754 761 1519 762 754 762 1480 762 1520 763 717 763 1521 763 1521 764 717 764 718 764 1521 765 718 765 1522 765 718 348 730 348 1522 348 1522 348 730 348 1523 348 730 347 729 347 1523 347 1523 347 729 347 1524 347 729 766 728 766 1524 766 1524 766 728 766 1525 766 728 767 727 767 1525 767 1525 767 727 767 1526 767 727 344 725 344 1526 344 1526 344 725 344 1527 344 1527 768 725 768 1528 768 1528 769 725 769 723 769 1528 770 723 770 1529 770 723 342 722 342 1529 342 1529 342 722 342 1530 342 722 341 711 341 1530 341 1530 341 711 341 1531 341 711 771 710 771 1531 771 1531 771 710 771 1532 771 710 339 667 339 1532 339 1532 339 667 339 1533 339 667 338 721 338 1533 338 1533 338 721 338 1534 338 721 772 720 772 1534 772 1534 772 720 772 1535 772 720 335 719 335 1535 335 1535 335 719 335 1536 335 719 773 713 773 1536 773 1536 773 713 773 1537 773 713 275 715 275 1537 275 1537 275 715 275 1538 275 715 333 717 333 1538 333 1538 333 717 333 1520 333 749 332 738 332 1539 332 1539 332 738 332 1540 332 738 774 737 774 1540 774 1540 774 737 774 1541 774 737 775 743 775 1541 775 1541 775 743 775 1542 775 743 327 742 327 1542 327 1542 327 742 327 1543 327 742 326 736 326 1543 326 1543 326 736 326 1544 326 736 776 735 776 1544 776 1544 776 735 776 1545 776 735 322 752 322 1545 322 1545 322 752 322 1546 322 752 275 751 275 1546 275 1546 275 751 275 1547 275 751 321 750 321 1547 321 1547 321 750 321 1548 321 750 320 745 320 1548 320 1548 320 745 320 1549 320 745 777 747 777 1549 777 1549 777 747 777 1550 777 747 778 749 778 1550 778 1550 778 749 778 1539 778 1349 119 1353 119 1551 119 1343 119 1344 119 1552 119 1376 119 1553 119 1377 119 1416 119 1417 119 1554 119 1472 119 1471 119 1555 119 70 119 68 119 90 119 1485 119 1487 119 1556 119 1507 119 1508 119 1557 119 1528 119 1529 119 1508 119 1508 119 1529 119 1530 119 1508 119 1530 119 1557 119 1530 119 1531 119 1557 119 1557 119 1531 119 1532 119 1557 119 1532 119 1533 119 1535 119 1558 119 1534 119 1534 119 1558 119 1559 119 1534 119 1559 119 1533 119 1535 119 1536 119 1558 119 1558 119 1536 119 1537 119 1558 119 1537 119 1560 119 1560 119 1537 119 1538 119 1538 119 1520 119 1560 119 1560 119 1520 119 1521 119 1560 119 1521 119 1561 119 1524 119 1525 119 1512 119 1521 119 1522 119 1561 119 1561 119 1522 119 1523 119 1561 119 1523 119 1524 119 1508 119 1509 119 1528 119 1528 119 1509 119 1510 119 1528 119 1510 119 1527 119 1527 119 1510 119 1512 119 1527 119 1512 119 1526 119 1526 119 1512 119 1525 119 1562 119 1563 119 1519 119 1519 119 1480 119 1562 119 1562 119 1480 119 1481 119 1562 119 1481 119 1564 119 1517 119 1516 119 1563 119 1563 119 1516 119 1518 119 1563 119 1518 119 1519 119 1544 119 1545 119 1565 119 1565 119 1545 119 1546 119 1565 119 1546 119 1566 119 1566 119 1546 119 1547 119 1547 119 1548 119 1566 119 1566 119 1548 119 1549 119 1566 119 1549 119 1567 119 1567 119 1549 119 1550 119 1567 119 1550 119 1539 119 1524 119 1512 119 1561 119 1561 119 1512 119 1511 119 1561 119 1511 119 1565 119 1565 119 1511 119 1513 119 1565 119 1513 119 1515 119 1568 119 1504 119 1557 119 1557 119 1504 119 1506 119 1557 119 1506 119 1507 119 1569 119 1503 119 1568 119 1568 119 1503 119 1505 119 1568 119 1505 119 1504 119 68 119 1501 119 1569 119 1569 119 1501 119 1502 119 1569 119 1502 119 1503 119 1570 119 1499 119 68 119 68 119 1499 119 1500 119 68 119 1500 119 1501 119 1496 119 1497 119 1570 119 1570 119 1497 119 1498 119 1570 119 1498 119 1499 119 104 119 1493 119 106 119 106 119 1493 119 108 119 102 119 1459 119 1571 119 1571 119 1459 119 1458 119 1571 119 1458 119 1457 119 1457 119 1456 119 1572 119 1572 119 1456 119 1455 119 1572 119 1455 119 114 119 108 119 1493 119 110 119 110 119 1493 119 1494 119 110 119 1494 119 112 119 1496 119 1570 119 1495 119 1495 119 1570 119 1572 119 1495 119 1572 119 1494 119 1494 119 1572 119 114 119 1494 119 114 119 112 119 104 119 102 119 1493 119 1493 119 102 119 1571 119 1493 119 1571 119 1492 119 1492 119 1571 119 1491 119 1571 119 59 119 57 119 1486 119 1488 119 55 119 55 119 1488 119 57 119 57 119 1488 119 1490 119 57 119 1490 119 1571 119 1571 119 1490 119 1489 119 1571 119 1489 119 1491 119 1481 119 1482 119 1564 119 1564 119 1482 119 1484 119 1564 119 1484 119 1573 119 1573 119 1484 119 1483 119 1573 119 1483 119 1485 119 1555 119 1460 119 1569 119 1569 119 1460 119 100 119 1569 119 100 119 98 119 70 119 90 119 72 119 72 119 90 119 88 119 72 119 88 119 1470 119 1470 119 88 119 1464 119 1470 119 1464 119 1471 119 98 119 96 119 1569 119 1569 119 96 119 94 119 1569 119 94 119 68 119 68 119 94 119 92 119 68 119 92 119 90 119 1464 119 1463 119 1471 119 1471 119 1463 119 1462 119 1471 119 1462 119 1555 119 1555 119 1462 119 1461 119 1555 119 1461 119 1460 119 1574 119 1575 119 1474 119 1555 119 1576 119 1472 119 1472 119 1576 119 1574 119 1472 119 1574 119 1473 119 1473 119 1574 119 1474 119 1577 119 1478 119 1578 119 1578 119 1478 119 1477 119 1578 119 1477 119 1579 119 1579 119 1477 119 1476 119 1579 119 1476 119 1575 119 1575 119 1476 119 1475 119 1575 119 1475 119 1474 119 1556 119 74 119 1577 119 1577 119 74 119 1469 119 80 119 78 119 1556 119 1556 119 78 119 76 119 1556 119 76 119 74 119 1469 119 1468 119 1577 119 1577 119 1468 119 1467 119 1577 119 1467 119 1478 119 1478 119 1467 119 1466 119 1478 119 1466 119 1479 119 1479 119 1466 119 1465 119 1479 119 1465 119 51 119 51 119 1465 119 86 119 51 119 86 119 53 119 53 119 86 119 84 119 84 119 82 119 53 119 53 119 82 119 80 119 53 119 80 119 55 119 55 119 80 119 1556 119 55 119 1556 119 1486 119 1486 119 1556 119 1487 119 1457 119 1572 119 1571 119 1571 119 1572 119 61 119 1571 119 61 119 59 119 68 119 66 119 1570 119 1570 119 66 119 65 119 1570 119 65 119 1572 119 1572 119 65 119 63 119 1572 119 63 119 61 119 1580 119 1448 119 1447 119 1580 119 1447 119 964 119 127 119 963 119 129 119 129 119 963 119 964 119 129 119 964 119 1445 119 1445 119 964 119 1447 119 1581 119 963 119 1379 119 1375 119 1374 119 963 119 963 119 1374 119 1378 119 963 119 1378 119 1379 119 120 119 1376 119 122 119 122 119 1376 119 1375 119 122 119 1375 119 123 119 123 119 1375 119 963 119 123 119 963 119 125 119 125 119 963 119 127 119 1448 119 1580 119 1450 119 1450 119 1580 119 1553 119 1450 119 1553 119 1452 119 120 119 118 119 1376 119 1376 119 118 119 116 119 1376 119 116 119 1553 119 1553 119 116 119 1454 119 1553 119 1454 119 1452 119 149 119 147 119 1397 119 145 119 1438 119 1582 119 1432 119 1430 119 1583 119 1583 119 1430 119 157 119 1583 119 157 119 1398 119 157 119 155 119 1398 119 1398 119 155 119 153 119 1398 119 153 119 1397 119 1397 119 153 119 151 119 1397 119 151 119 149 119 1411 119 1579 119 1410 119 1410 119 1579 119 1584 119 1410 119 1584 119 1406 119 1411 119 1412 119 1579 119 1579 119 1412 119 1413 119 1579 119 1413 119 1578 119 1578 119 1413 119 1414 119 1578 119 1414 119 1415 119 1406 119 1584 119 1407 119 1407 119 1584 119 1585 119 1407 119 1585 119 1409 119 1409 119 1585 119 1586 119 1409 119 1586 119 1408 119 1408 119 1586 119 1405 119 1405 119 1586 119 1587 119 1405 119 1587 119 1404 119 1401 119 1400 119 1588 119 1588 119 1400 119 1399 119 1589 119 1389 119 973 119 973 119 1389 119 1393 119 973 119 1393 119 1394 119 1394 119 1395 119 973 119 973 119 1395 119 1397 119 973 119 1397 119 974 119 1418 119 1392 119 1590 119 1590 119 1392 119 1391 119 1590 119 1391 119 1589 119 1589 119 1391 119 1390 119 1589 119 1390 119 1389 119 1361 119 1362 119 1574 119 1363 119 1364 119 1591 119 1385 119 1386 119 1576 119 1576 119 1386 119 1387 119 1576 119 1387 119 1574 119 1574 119 1387 119 1388 119 1574 119 1388 119 1361 119 1381 119 1384 119 1592 119 1379 119 1380 119 1581 119 1581 119 1380 119 1383 119 1581 119 1383 119 1593 119 1593 119 1383 119 1382 119 1364 119 1368 119 1591 119 1591 119 1368 119 1367 119 1591 119 1367 119 1594 119 1594 119 1367 119 1366 119 1594 119 1366 119 1595 119 1595 119 1366 119 1365 119 1595 119 1365 119 1596 119 1596 119 1365 119 1369 119 1596 119 1369 119 1370 119 1341 119 1342 119 1309 119 1336 119 1337 119 639 119 1336 119 639 119 1358 119 1337 119 1338 119 639 119 639 119 1338 119 1339 119 639 119 1339 119 1309 119 1309 119 1339 119 1340 119 1309 119 1340 119 1341 119 971 119 972 119 1597 119 1597 119 972 119 978 119 1352 119 1354 119 1598 119 1438 119 1436 119 1582 119 1582 119 1436 119 1433 119 1582 119 1433 119 1598 119 1598 119 1433 119 1551 119 1598 119 1551 119 1352 119 1352 119 1551 119 1353 119 1354 119 1355 119 1598 119 1598 119 1355 119 1356 119 1598 119 1356 119 1599 119 1599 119 1356 119 1357 119 1599 119 1357 119 1360 119 1350 119 1349 119 1600 119 1600 119 1349 119 1551 119 1600 119 1551 119 1583 119 1583 119 1551 119 1433 119 1583 119 1433 119 1432 119 1345 119 1346 119 1587 119 1346 119 1347 119 1587 119 1587 119 1347 119 1348 119 1587 119 1348 119 1351 119 1370 119 1335 119 1596 119 1596 119 1335 119 1312 119 1596 119 1312 119 1313 119 1601 119 1602 119 1331 119 1370 119 1371 119 1335 119 1335 119 1371 119 1372 119 1335 119 1372 119 1334 119 1334 119 1372 119 1373 119 1334 119 1373 119 1333 119 1333 119 1373 119 1601 119 1333 119 1601 119 1332 119 1332 119 1601 119 1331 119 1328 119 1329 119 1603 119 1603 119 1329 119 1326 119 1603 119 1326 119 1602 119 1602 119 1326 119 1330 119 1602 119 1330 119 1331 119 1322 119 1323 119 637 119 1318 119 1311 119 1317 119 1317 119 1311 119 1604 119 1313 119 1314 119 1596 119 1596 119 1314 119 1315 119 1596 119 1315 119 1604 119 1604 119 1315 119 1316 119 1604 119 1316 119 1317 119 1318 119 1319 119 1311 119 1311 119 1319 119 1320 119 1311 119 1320 119 637 119 637 119 1320 119 1321 119 637 119 1321 119 1322 119 1562 119 1605 119 1606 119 1589 119 1607 119 1590 119 1590 119 1607 119 1608 119 1590 119 1608 119 1609 119 1609 119 1608 119 1610 119 1609 119 1610 119 1611 119 1611 119 1610 119 1612 119 1611 119 1612 119 1613 119 1613 119 1612 119 1614 119 1599 119 975 119 1598 119 1598 119 975 119 974 119 1598 119 974 119 1582 119 1582 119 974 119 1397 119 1582 119 1397 119 145 119 145 119 1397 119 147 119 639 119 971 119 1358 119 1358 119 971 119 1597 119 1358 119 1597 119 1359 119 1359 119 1597 119 978 119 1359 119 978 119 1360 119 1360 119 978 119 977 119 1360 119 977 119 1599 119 1599 119 977 119 976 119 1599 119 976 119 975 119 1323 119 1324 119 637 119 637 119 1324 119 1325 119 637 119 1325 119 957 119 957 119 1325 119 1327 119 957 119 1327 119 956 119 956 119 1327 119 1328 119 956 119 1328 119 955 119 955 119 1328 119 1603 119 955 119 1603 119 954 119 954 119 1603 119 1602 119 954 119 1602 119 965 119 1615 119 1616 119 1617 119 1617 119 1616 119 1618 119 1617 119 1618 119 1619 119 1619 119 1618 119 1620 119 1619 119 1620 119 1621 119 1621 119 1620 119 1622 119 1621 119 1622 119 1623 119 1623 119 1622 119 1593 119 1623 119 1593 119 1592 119 1592 119 1593 119 1382 119 1592 119 1382 119 1381 119 1533 119 1559 119 1557 119 1557 119 1559 119 1624 119 1557 119 1624 119 1615 119 1606 119 1625 119 1562 119 1562 119 1625 119 1567 119 1562 119 1567 119 1563 119 1563 119 1567 119 1539 119 1563 119 1539 119 1517 119 1517 119 1539 119 1540 119 1517 119 1540 119 1514 119 1514 119 1540 119 1541 119 1514 119 1541 119 1515 119 1515 119 1541 119 1542 119 1515 119 1542 119 1565 119 1565 119 1542 119 1543 119 1565 119 1543 119 1544 119 1342 119 1343 119 1309 119 1309 119 1343 119 1552 119 1309 119 1552 119 1310 119 1310 119 1552 119 1626 119 1310 119 1626 119 1311 119 1422 119 1420 119 1626 119 1626 119 1420 119 171 119 1626 119 171 119 1627 119 171 119 169 119 1627 119 1627 119 169 119 167 119 1627 119 167 119 165 119 165 119 163 119 1587 119 1587 119 163 119 161 119 161 119 159 119 1587 119 1587 119 159 119 1552 119 1587 119 1552 119 1345 119 1345 119 1552 119 1344 119 159 119 1428 119 1552 119 1552 119 1428 119 1426 119 1552 119 1426 119 1626 119 1626 119 1426 119 1424 119 1626 119 1424 119 1422 119 1373 119 1377 119 1601 119 1601 119 1377 119 1553 119 1601 119 1553 119 1602 119 1602 119 1553 119 1580 119 1602 119 1580 119 965 119 965 119 1580 119 964 119 1398 119 1401 119 1583 119 1583 119 1401 119 1588 119 1583 119 1588 119 1600 119 1600 119 1588 119 1399 119 1600 119 1399 119 1350 119 1350 119 1399 119 1396 119 1350 119 1396 119 1351 119 1351 119 1396 119 1402 119 1351 119 1402 119 1587 119 1587 119 1402 119 1403 119 1587 119 1403 119 1404 119 1311 119 1626 119 1604 119 1604 119 1626 119 1627 119 1604 119 1627 119 1596 119 1596 119 1627 119 1628 119 1596 119 1628 119 1595 119 1595 119 1628 119 1629 119 1595 119 1629 119 1594 119 1594 119 1629 119 1630 119 1594 119 1630 119 1591 119 1630 119 1440 119 1439 119 1584 119 1442 119 1441 119 165 119 1587 119 1627 119 1627 119 1587 119 1586 119 1627 119 1586 119 1628 119 1628 119 1586 119 1585 119 1628 119 1585 119 1629 119 1629 119 1585 119 1584 119 1629 119 1584 119 1630 119 1630 119 1584 119 1441 119 1630 119 1441 119 1440 119 1362 119 1363 119 1574 119 1574 119 1363 119 1591 119 1574 119 1591 119 1575 119 1575 119 1591 119 1630 119 1575 119 1630 119 143 119 143 119 1630 119 1439 119 143 119 141 119 1575 119 1575 119 141 119 139 119 1575 119 139 119 1579 119 1579 119 139 119 137 119 1579 119 137 119 135 119 135 119 133 119 1579 119 1579 119 133 119 131 119 1579 119 131 119 1584 119 1584 119 131 119 1443 119 1584 119 1443 119 1442 119 1485 119 1556 119 1573 119 1573 119 1556 119 1577 119 1573 119 1577 119 1631 119 1631 119 1577 119 1578 119 1631 119 1578 119 1554 119 1554 119 1578 119 1415 119 1554 119 1415 119 1416 119 1605 119 1562 119 1614 119 1614 119 1562 119 1564 119 1614 119 1564 119 1613 119 1613 119 1564 119 1573 119 1613 119 1573 119 1611 119 1611 119 1573 119 1631 119 1611 119 1631 119 1609 119 1609 119 1631 119 1554 119 1609 119 1554 119 1590 119 1590 119 1554 119 1417 119 1590 119 1417 119 1418 119 1615 119 1617 119 1557 119 1557 119 1617 119 1619 119 1557 119 1619 119 1568 119 1568 119 1619 119 1621 119 1568 119 1621 119 1569 119 1569 119 1621 119 1623 119 1569 119 1623 119 1555 119 1555 119 1623 119 1592 119 1555 119 1592 119 1576 119 1576 119 1592 119 1384 119 1576 119 1384 119 1385 119 973 779 910 779 1589 779 1589 780 910 780 648 780 1589 781 648 781 1607 781 648 782 650 782 1607 782 1607 302 650 302 913 302 1607 783 913 783 1608 783 1608 783 913 783 912 783 1608 310 912 310 1610 310 1610 310 912 310 914 310 1610 784 914 784 1612 784 1612 784 914 784 645 784 1612 785 645 785 1614 785 1614 786 645 786 1605 786 915 787 1606 787 755 787 755 787 1606 787 1605 787 755 313 1605 313 647 313 647 788 1605 788 645 788 840 238 963 238 846 238 846 789 963 789 1581 789 846 790 1581 790 917 790 917 791 1581 791 1593 791 917 792 1593 792 918 792 918 792 1593 792 1622 792 918 793 1622 793 920 793 920 793 1622 793 1620 793 920 794 1620 794 921 794 921 794 1620 794 1618 794 921 795 1618 795 709 795 709 796 1618 796 1616 796 709 246 1616 246 702 246 702 797 1616 797 1615 797 702 798 1615 798 916 798 916 799 1615 799 1624 799 916 800 1624 800 669 800 669 801 1624 801 1559 801 669 802 1559 802 714 802 714 800 1559 800 1558 800 716 225 714 225 1558 225 1566 225 746 225 1565 225 1565 225 746 225 731 225 1565 225 731 225 1561 225 1561 225 731 225 716 225 1561 225 716 225 1560 225 1560 225 716 225 1558 225 748 219 746 219 1566 219 1606 224 915 224 1625 224 1625 803 915 803 748 803 1625 804 748 804 1567 804 1567 805 748 805 1566 805 594 806 1294 806 592 806 592 807 1294 807 1292 807 592 808 1292 808 600 808 600 809 1292 809 1291 809 594 218 596 218 1294 218 548 225 888 225 554 225 554 225 888 225 891 225 554 225 891 225 522 225 522 225 891 225 858 225 522 225 858 225 521 225 521 225 858 225 863 225 160 119 162 119 164 119 1419 119 1421 119 1423 119 170 119 1419 119 168 119 168 119 1419 119 1423 119 168 119 1423 119 166 119 166 119 1423 119 164 119 158 119 160 119 1427 119 1427 119 160 119 164 119 1427 119 164 119 1425 119 1425 119 164 119 1423 119 1272 218 1273 218 1274 218 1276 218 172 218 174 218 1274 218 1275 218 178 218 178 218 1275 218 1276 218 178 218 1276 218 176 218 176 218 1276 218 174 218 184 218 1272 218 182 218 182 218 1272 218 1274 218 182 218 1274 218 180 218 180 218 1274 218 178 218 48 810 868 810 49 810 49 810 868 810 526 810 526 811 868 811 528 811 528 812 868 812 869 812 528 813 869 813 562 813 869 814 907 814 562 814 562 815 907 815 908 815 562 815 908 815 563 815 563 816 908 816 909 816 563 816 909 816 564 816 564 817 909 817 556 817 556 817 909 817 881 817 556 818 881 818 552 818 881 818 879 818 552 818 552 819 879 819 32 819 552 819 32 819 34 819 121 119 124 119 126 119 1449 119 1451 119 121 119 121 119 1451 119 1453 119 1446 119 1449 119 1444 119 1444 119 1449 119 121 119 1444 119 121 119 128 119 128 119 121 119 126 119 1453 119 115 119 121 119 121 119 115 119 117 119 121 119 117 119 119 119 221 218 223 218 225 218 1264 218 1265 218 221 218 221 218 1265 218 1266 218 1266 218 215 218 221 218 221 218 215 218 217 218 221 218 217 218 219 218 1263 218 1264 218 1262 218 1262 218 1264 218 221 218 1262 218 221 218 227 218 227 218 221 218 225 218 31 820 30 820 830 820 31 820 830 820 506 820 506 34 830 34 832 34 506 34 832 34 505 34 505 821 832 821 829 821 505 821 829 821 306 821 306 822 829 822 307 822 307 822 829 822 828 822 307 823 828 823 498 823 828 823 843 823 498 823 498 24 843 24 842 24 498 24 842 24 499 24 499 824 842 824 17 824 499 824 17 824 16 824 148 119 150 119 152 119 1431 119 1434 119 1435 119 156 119 1429 119 1431 119 152 119 154 119 156 119 1435 119 1437 119 144 119 156 119 1431 119 152 119 152 119 1431 119 1435 119 152 119 1435 119 148 119 148 119 1435 119 144 119 148 119 144 119 146 119 199 218 1267 218 1268 218 186 218 188 218 190 218 1271 218 186 218 1270 218 1270 218 186 218 190 218 1270 218 190 218 1269 218 1269 218 190 218 1268 218 197 218 199 218 195 218 195 218 199 218 1268 218 195 218 1268 218 193 218 193 218 1268 218 190 218 15 825 14 825 788 825 15 825 788 825 473 825 473 34 788 34 787 34 473 34 787 34 474 34 474 826 787 826 459 826 459 826 787 826 664 826 459 827 664 827 460 827 664 827 663 827 460 827 460 828 663 828 795 828 460 828 795 828 464 828 464 829 795 829 796 829 464 829 796 829 465 829 465 830 796 830 1 830 465 830 1 830 0 830</p>
        </triangles>
      </mesh>
    </geometry>
  </library_geometries>
  <library_images />
  <library_visual_scenes>
    <visual_scene id="Scene">
      <node id="node_1" sid="node_1" type="NODE">
        <matrix>1 0 0 0 0 1 0 0 0 0 1 0 0 0 0 1</matrix>
        <instance_geometry url="#mesh_1" />
      </node>
    </visual_scene>
  </library_visual_scenes>
  <library_animations />
  <scene>
    <instance_visual_scene url="#Scene" />
  </scene>
</COLLADA>